Workbook

Sheet Dashboard
B2: Analytics Change Log Dashboard
B3: ="Latest change date: "&TEXT(MAX('Change Log'!A2:A200),"yyyy-mm-dd")&" | Source: Change Log sheet" -> Latest change date: 2026-10-15 | Source: Change Log sheet
B5: TOTAL CHANGES | D5: PROPOSED | F5: APPROVED | H5: IMPLEMENTED | J5: KPIs IMPACTED | L5: DASHBOARDS IMPACTED
B6: =COUNTA('Change Log'!B2:B200) -> 7 | D6: =Summary!E13 -> 7 | F6: =Summary!E14 -> 0 | H6: =Summary!E15 -> 0 | J6: =COUNTIF(Summary!B20:B29,">0") -> 10 | L6: =COUNTIF(Summary!B13:B16,">0") -> 4

Sheet Summary
A1: Summary Tables (all values are formulas on the Change Log sheet; feeds the Dashboard charts)
A3: Change Type | B3: Count | D3: Owner | E3: Count
A4: Feature Change | B4: =COUNTIF('Change Log'!$B$2:$B$200,A4) -> 1 | D4: Product Analyst | E4: =COUNTIF('Change Log'!$I$2:$I$200,D4) -> 2
A5: Event Change | B5: =COUNTIF('Change Log'!$B$2:$B$200,A5) -> 1 | D5: Analytics Engineer | E5: =COUNTIF('Change Log'!$I$2:$I$200,D5) -> 1
A6: Reward Mechanic Change | B6: =COUNTIF('Change Log'!$B$2:$B$200,A6) -> 1 | D6: Backend Developer | E6: =COUNTIF('Change Log'!$I$2:$I$200,D6) -> 1
A7: Withdrawal Method Change | B7: =COUNTIF('Change Log'!$B$2:$B$200,A7) -> 1 | D7: Data Analyst | E7: =COUNTIF('Change Log'!$I$2:$I$200,D7) -> 2
A8: Field Rename | B8: =COUNTIF('Change Log'!$B$2:$B$200,A8) -> 1 | D8: BI Developer | E8: =COUNTIF('Change Log'!$I$2:$I$200,D8) -> 1
A9: KPI Definition Change | B9: =COUNTIF('Change Log'!$B$2:$B$200,A9) -> 1
A10: Dashboard Change | B10: =COUNTIF('Change Log'!$B$2:$B$200,A10) -> 1
A12: Dashboard Impacted | B12: Count | D12: Status | E12: Count
A13: Executive Overview | B13: =COUNTIF('Change Log'!$G$2:$G$200,"*"&A13&"*") -> 6 | D13: Proposed | E13: =COUNTIF('Change Log'!$K$2:$K$200,D13) -> 7
A14: Engagement | B14: =COUNTIF('Change Log'!$G$2:$G$200,"*"&A14&"*") -> 4 | D14: Approved | E14: =COUNTIF('Change Log'!$K$2:$K$200,D14) -> 0
A15: Rewards | B15: =COUNTIF('Change Log'!$G$2:$G$200,"*"&A15&"*") -> 2 | D15: Implemented | E15: =COUNTIF('Change Log'!$K$2:$K$200,D15) -> 0
A16: Withdrawals | B16: =COUNTIF('Change Log'!$G$2:$G$200,"*"&A16&"*") -> 1 | D16: Rejected | E16: =COUNTIF('Change Log'!$K$2:$K$200,D16) -> 0
A19: KPI Impacted | B19: Count | D19: Check: type counts = total changes
A20: Daily Reward Claims | B20: =COUNTIF('Change Log'!$F$2:$F$200,"*"&A20&"*") -> 1 | D20: =IF(SUM(B4:B10)=COUNTA('Change Log'!B2:B200),"OK","Mismatch") -> OK
A21: Daily Active Users | B21: =COUNTIF('Change Log'!$F$2:$F$200,"*"&A21&"*") -> 1 | D21: Impact counts use text matching on the ';'-separated cells; a new dashboard/KPI/owner name must be added to its table.
A22: Task Completion Rate | B22: =COUNTIF('Change Log'!$F$2:$F$200,"*"&A22&"*") -> 2
A23: Completed Tasks | B23: =COUNTIF('Change Log'!$F$2:$F$200,"*"&A23&"*") -> 2
A24: Total Rewards | B24: =COUNTIF('Change Log'!$F$2:$F$200,"*"&A24&"*") -> 2
A25: Reward Reversal Rate | B25: =COUNTIF('Change Log'!$F$2:$F$200,"*"&A25&"*") -> 1
A26: Withdrawal Requests | B26: =COUNTIF('Change Log'!$F$2:$F$200,"*"&A26&"*") -> 1
A27: Withdrawal Success Rate | B27: =COUNTIF('Change Log'!$F$2:$F$200,"*"&A27&"*") -> 1
A28: Average Session Duration | B28: =COUNTIF('Change Log'!$F$2:$F$200,"*"&A28&"*") -> 1
A29: Total Session Time | B29: =COUNTIF('Change Log'!$F$2:$F$200,"*"&A29&"*") -> 1

Sheet Change Log
A1: Date | B1: Change | C1: Old Definition | D1: New Definition | E1: Reason | F1: Affected KPIs | G1: Affected Dashboards | H1: Affected Reports | I1: Owner | J1: Version | K1: Status | M1: Note: add new changes below the last row (dashboard reads rows 2-200).
A2: 46310 | B2: Feature Change | C2: Daily reward activity tracked as a general event | D2: Track daily reward claim with a unique event ID | E2: Improve event accuracy | F2: Daily Reward Claims; Daily Active Users | G2: Executive Overview; Engagement | H2: Daily Engagement Report | I2: Product Analyst | J2: v1.1 | K2: Proposed
A3: 46310 | B3: Event Change | C3: task_completed recorded when task is clicked | D3: task_completed recorded only after successful validation | E3: Prevent incorrect task completion counts | F3: Task Completion Rate; Completed Tasks | G3: Engagement; Rewards | H3: Task Performance Report | I3: Analytics Engineer | J3: v1.1 | K3: Proposed
A4: 46310 | B4: Reward Mechanic Change | C4: Reward amount stored without reward status | D4: Record reward amount with pending approved reversed status | E4: Track reward adjustments correctly | F4: Total Rewards; Reward Reversal Rate | G4: Rewards; Executive Overview | H4: Reward Activity Report | I4: Product Analyst | J4: v1.1 | K4: Proposed
A5: 46310 | B5: Withdrawal Method Change | C5: Withdrawal records contain a general method field | D5: Use a standardized withdrawal_method field with approved values | E5: Improve method-level reporting | F5: Withdrawal Requests; Withdrawal Success Rate | G5: Withdrawals; Executive Overview | H5: Withdrawal Operations Report | I5: Backend Developer | J5: v1.1 | K5: Proposed
A6: 46310 | B6: Field Rename | C6: session_minutes | D6: session_duration_minutes | E6: Make field meaning clearer | F6: Average Session Duration; Total Session Time | G6: Engagement; Executive Overview | H6: Engagement Summary | I6: Data Analyst | J6: v1.1 | K6: Proposed
A7: 46310 | B7: KPI Definition Change | C7: Task Completion Rate = task clicks divided by users | D7: Task Completion Rate = validated completed tasks divided by eligible task starts | E7: Measure actual completion rather than clicks | F7: Task Completion Rate | G7: Engagement; Executive Overview | H7: KPI Performance Report | I7: Data Analyst | J7: v1.1 | K7: Proposed
A8: 46310 | B8: Dashboard Change | C8: Executive Overview shows total task events only | D8: Add completed tasks and validated reward activity | E8: Improve decision-making | F8: Completed Tasks; Total Rewards | G8: Executive Overview | H8: Executive Summary | I8: BI Developer | J8: v1.1 | K8: Proposed
