Workbook

Sheet Dashboard
B1: Platform Performance Dashboard
B2: ="Period: "&TEXT(MIN(Data!$A$2:$A$11),"dd mmm yyyy")&" to "&TEXT(MAX(Data!$A$2:$A$11),"dd mmm yyyy")&" ("&COUNT(Data!$A$2:$A$11)&" days) | All figures update from the Data sheet" -> Period: 01 Oct 2026 to 10 Oct 2026 (10 days) | All figures update from the Data sheet
B4: Total Users (Latest) | D4: User Growth Since Day 1 | F4: Avg Daily Active Users | I4: Latest Active Rate | K4: Engagement Events
B5: =INDEX(Data!$B$2:$B$11,COUNT(Data!$B$2:$B$11)) -> 30 | D5: =INDEX(Data!$B$2:$B$11,COUNT(Data!$B$2:$B$11))/INDEX(Data!$B$2:$B$11,1)-1 -> 2 | F5: =AVERAGE(Data!$C$2:$C$11) -> 11.6 | I5: =INDEX(Data!$C$2:$C$11,COUNT(Data!$C$2:$C$11))/INDEX(Data!$B$2:$B$11,COUNT(Data!$B$2:$B$11)) -> 0.6 | K5: =SUM(Data!$D$2:$D$11) -> 268
B7: Completed Tasks | D7: Tasks / Active User-Day | F7: Reward Points Credited | I7: Wallet Redemptions | K7: Net Wallet Flow
B8: =SUM(Data!$E$2:$E$11) -> 190 | D8: =SUM(Data!$E$2:$E$11)/SUM(Data!$C$2:$C$11) -> 1.637931 | F8: =SUM(Data!$F$2:$F$11) -> 11850 | I8: =SUM(Data!$H$2:$H$11) -> 3250 | K8: =SUM(Data!$G$2:$G$11)-SUM(Data!$H$2:$H$11) -> 8600
B10: Withdrawal Requests | D10: Withdrawal Completion | F10: Referral Invitations | I10: Referral Activation Rate | K10: Redemption Rate
B11: =SUM(Data!$I$2:$I$11) -> 38 | D11: =SUM(Data!$J$2:$J$11)/SUM(Data!$I$2:$I$11) -> 0.71052632 | F11: =SUM(Data!$K$2:$K$11) -> 63 | I11: =SUM(Data!$L$2:$L$11)/SUM(Data!$K$2:$K$11) -> 0.52380952 | K11: =SUM(Data!$H$2:$H$11)/SUM(Data!$G$2:$G$11) -> 0.2742616
B13: First Half vs Second Half (Days 1-5 vs Days 6-10) | H13: Peak Day by Metric
B14: Metric | C14: Total / Avg | D14: First Half | E14: Second Half | F14: Change % | H14: Metric | I14: Peak Value | J14: Peak Date | K14: Daily Avg | L14: Latest Day
B15: Avg Daily Active Users | C15: =AVERAGE(Data!$C$2:$C$11) -> 11.6 | D15: =AVERAGE(Data!$C$2:$C$6) -> 8 | E15: =AVERAGE(Data!$C$7:$C$11) -> 15.2 | F15: =IFERROR(E15/D15-1,0) -> 0.9 | H15: Active Users | I15: =MAX(Data!$C$2:$C$11) -> 18 | J15: =INDEX(Data!$A$2:$A$11,MATCH(I15,Data!$C$2:$C$11,0)) -> 46305 | K15: =AVERAGE(Data!$C$2:$C$11) -> 11.6 | L15: =INDEX(Data!$C$2:$C$11,COUNT(Data!$C$2:$C$11)) -> 18
B16: Engagement Events | C16: =SUM(Data!$D$2:$D$11) -> 268 | D16: =SUM(Data!$D$2:$D$6) -> 89 | E16: =SUM(Data!$D$7:$D$11) -> 179 | F16: =IFERROR(E16/D16-1,0) -> 1.011236 | H16: Engagement Events | I16: =MAX(Data!$D$2:$D$11) -> 44 | J16: =INDEX(Data!$A$2:$A$11,MATCH(I16,Data!$D$2:$D$11,0)) -> 46305 | K16: =AVERAGE(Data!$D$2:$D$11) -> 26.8 | L16: =INDEX(Data!$D$2:$D$11,COUNT(Data!$D$2:$D$11)) -> 44
B17: Completed Tasks | C17: =SUM(Data!$E$2:$E$11) -> 190 | D17: =SUM(Data!$E$2:$E$6) -> 61 | E17: =SUM(Data!$E$7:$E$11) -> 129 | F17: =IFERROR(E17/D17-1,0) -> 1.1147541 | H17: Completed Tasks | I17: =MAX(Data!$E$2:$E$11) -> 32 | J17: =INDEX(Data!$A$2:$A$11,MATCH(I17,Data!$E$2:$E$11,0)) -> 46305 | K17: =AVERAGE(Data!$E$2:$E$11) -> 19 | L17: =INDEX(Data!$E$2:$E$11,COUNT(Data!$E$2:$E$11)) -> 32
B18: Wallet Credits | C18: =SUM(Data!$G$2:$G$11) -> 11850 | D18: =SUM(Data!$G$2:$G$6) -> 3950 | E18: =SUM(Data!$G$7:$G$11) -> 7900 | F18: =IFERROR(E18/D18-1,0) -> 1 | H18: Wallet Credits | I18: =MAX(Data!$G$2:$G$11) -> 1900 | J18: =INDEX(Data!$A$2:$A$11,MATCH(I18,Data!$G$2:$G$11,0)) -> 46305 | K18: =AVERAGE(Data!$G$2:$G$11) -> 1185 | L18: =INDEX(Data!$G$2:$G$11,COUNT(Data!$G$2:$G$11)) -> 1900
B19: Wallet Redemptions | C19: =SUM(Data!$H$2:$H$11) -> 3250 | D19: =SUM(Data!$H$2:$H$6) -> 1000 | E19: =SUM(Data!$H$7:$H$11) -> 2250 | F19: =IFERROR(E19/D19-1,0) -> 1.25 | H19: Wallet Redemptions | I19: =MAX(Data!$H$2:$H$11) -> 550 | J19: =INDEX(Data!$A$2:$A$11,MATCH(I19,Data!$H$2:$H$11,0)) -> 46305 | K19: =AVERAGE(Data!$H$2:$H$11) -> 325 | L19: =INDEX(Data!$H$2:$H$11,COUNT(Data!$H$2:$H$11)) -> 550
B20: Withdrawal Requests | C20: =SUM(Data!$I$2:$I$11) -> 38 | D20: =SUM(Data!$I$2:$I$6) -> 14 | E20: =SUM(Data!$I$7:$I$11) -> 24 | F20: =IFERROR(E20/D20-1,0) -> 0.71428571 | H20: Completed Withdrawals | I20: =MAX(Data!$J$2:$J$11) -> 4 | J20: =INDEX(Data!$A$2:$A$11,MATCH(I20,Data!$J$2:$J$11,0)) -> 46302 | K20: =AVERAGE(Data!$J$2:$J$11) -> 2.7 | L20: =INDEX(Data!$J$2:$J$11,COUNT(Data!$J$2:$J$11)) -> 4
B21: Completed Withdrawals | C21: =SUM(Data!$J$2:$J$11) -> 27 | D21: =SUM(Data!$J$2:$J$6) -> 9 | E21: =SUM(Data!$J$7:$J$11) -> 18 | F21: =IFERROR(E21/D21-1,0) -> 1 | H21: Activated Referrals | I21: =MAX(Data!$L$2:$L$11) -> 6 | J21: =INDEX(Data!$A$2:$A$11,MATCH(I21,Data!$L$2:$L$11,0)) -> 46305 | K21: =AVERAGE(Data!$L$2:$L$11) -> 3.3 | L21: =INDEX(Data!$L$2:$L$11,COUNT(Data!$L$2:$L$11)) -> 6
B22: Referral Invitations | C22: =SUM(Data!$K$2:$K$11) -> 63 | D22: =SUM(Data!$K$2:$K$6) -> 23 | E22: =SUM(Data!$K$7:$K$11) -> 40 | F22: =IFERROR(E22/D22-1,0) -> 0.73913043
B23: Activated Referrals | C23: =SUM(Data!$L$2:$L$11) -> 33 | D23: =SUM(Data!$L$2:$L$6) -> 10 | E23: =SUM(Data!$L$7:$L$11) -> 23 | F23: =IFERROR(E23/D23-1,0) -> 1.3
B25: Notes & assumptions
B26: Total_Users is treated as a cumulative count (the latest value is used for the headline); all other metrics are daily figures that are summed or averaged. Net Wallet Flow = Wallet Credits - Wallet Redemptions.
B27: Reward_Points_Credited equals Wallet_Credits on every day in the source data. First half / second half splits the days evenly, so update the split if you add more days. Daily ratios are on the 'Daily KPIs' sheet.
B29: Charts

Sheet Data
A1: Date | B1: Total_Users | C1: Active_Users | D1: Engagement_Events | E1: Completed_Tasks | F1: Reward_Points_Credited | G1: Wallet_Credits | H1: Wallet_Redemptions | I1: Withdrawal_Requests | J1: Completed_Withdrawals | K1: Referral_Invitations | L1: Activated_Referrals
A2: 46296 | B2: 10 | C2: 6 | D2: 12 | E2: 8 | F2: 500 | G2: 500 | H2: 100 | I2: 2 | J2: 1 | K2: 3 | L2: 1
A3: 46297 | B3: 12 | C3: 7 | D3: 15 | E3: 10 | F3: 650 | G3: 650 | H3: 150 | I3: 3 | J3: 2 | K3: 4 | L3: 2
A4: 46298 | B4: 14 | C4: 8 | D4: 18 | E4: 12 | F4: 800 | G4: 800 | H4: 200 | I4: 2 | J4: 1 | K4: 5 | L4: 2
A5: 46299 | B5: 16 | C5: 9 | D5: 20 | E5: 14 | F5: 900 | G5: 900 | H5: 250 | I5: 4 | J5: 3 | K5: 6 | L5: 3
A6: 46300 | B6: 18 | C6: 10 | D6: 24 | E6: 17 | F6: 1100 | G6: 1100 | H6: 300 | I6: 3 | J6: 2 | K6: 5 | L6: 2
A7: 46301 | B7: 20 | C7: 12 | D7: 28 | E7: 20 | F7: 1250 | G7: 1250 | H7: 350 | I7: 4 | J7: 3 | K7: 7 | L7: 4
A8: 46302 | B8: 23 | C8: 14 | D8: 32 | E8: 23 | F8: 1400 | G8: 1400 | H8: 400 | I8: 5 | J8: 4 | K8: 8 | L8: 5
A9: 46303 | B9: 25 | C9: 15 | D9: 35 | E9: 25 | F9: 1600 | G9: 1600 | H9: 450 | I9: 4 | J9: 3 | K9: 6 | L9: 3
A10: 46304 | B10: 28 | C10: 17 | D10: 40 | E10: 29 | F10: 1750 | G10: 1750 | H10: 500 | I10: 6 | J10: 4 | K10: 9 | L10: 5
A11: 46305 | B11: 30 | C11: 18 | D11: 44 | E11: 32 | F11: 1900 | G11: 1900 | H11: 550 | I11: 5 | J11: 4 | K11: 10 | L11: 6
A13: Source: daily metrics provided by user (10 days, 2026-10-01 to 2026-10-10). Add new days directly below; extend the ranges on the Dashboard / Daily KPIs sheets if needed.

Sheet Daily KPIs
A1: Date | B1: Active Rate | C1: Net Wallet Flow | D1: Redemption Rate | E1: Withdrawal Completion Rate | F1: Referral Activation Rate | G1: Tasks per Active User | H1: Events per Active User
A2: =Data!A2 -> 46296 | B2: =IFERROR(Data!C2/Data!B2,0) -> 0.6 | C2: =Data!G2-Data!H2 -> 400 | D2: =IFERROR(Data!H2/Data!G2,0) -> 0.2 | E2: =IFERROR(Data!J2/Data!I2,0) -> 0.5 | F2: =IFERROR(Data!L2/Data!K2,0) -> 0.33333333 | G2: =IFERROR(Data!E2/Data!C2,0) -> 1.3333333 | H2: =IFERROR(Data!D2/Data!C2,0) -> 2
A3: =Data!A3 -> 46297 | B3: =IFERROR(Data!C3/Data!B3,0) -> 0.58333333 | C3: =Data!G3-Data!H3 -> 500 | D3: =IFERROR(Data!H3/Data!G3,0) -> 0.23076923 | E3: =IFERROR(Data!J3/Data!I3,0) -> 0.66666667 | F3: =IFERROR(Data!L3/Data!K3,0) -> 0.5 | G3: =IFERROR(Data!E3/Data!C3,0) -> 1.4285714 | H3: =IFERROR(Data!D3/Data!C3,0) -> 2.1428571
A4: =Data!A4 -> 46298 | B4: =IFERROR(Data!C4/Data!B4,0) -> 0.57142857 | C4: =Data!G4-Data!H4 -> 600 | D4: =IFERROR(Data!H4/Data!G4,0) -> 0.25 | E4: =IFERROR(Data!J4/Data!I4,0) -> 0.5 | F4: =IFERROR(Data!L4/Data!K4,0) -> 0.4 | G4: =IFERROR(Data!E4/Data!C4,0) -> 1.5 | H4: =IFERROR(Data!D4/Data!C4,0) -> 2.25
A5: =Data!A5 -> 46299 | B5: =IFERROR(Data!C5/Data!B5,0) -> 0.5625 | C5: =Data!G5-Data!H5 -> 650 | D5: =IFERROR(Data!H5/Data!G5,0) -> 0.27777778 | E5: =IFERROR(Data!J5/Data!I5,0) -> 0.75 | F5: =IFERROR(Data!L5/Data!K5,0) -> 0.5 | G5: =IFERROR(Data!E5/Data!C5,0) -> 1.5555556 | H5: =IFERROR(Data!D5/Data!C5,0) -> 2.2222222
A6: =Data!A6 -> 46300 | B6: =IFERROR(Data!C6/Data!B6,0) -> 0.55555556 | C6: =Data!G6-Data!H6 -> 800 | D6: =IFERROR(Data!H6/Data!G6,0) -> 0.27272727 | E6: =IFERROR(Data!J6/Data!I6,0) -> 0.66666667 | F6: =IFERROR(Data!L6/Data!K6,0) -> 0.4 | G6: =IFERROR(Data!E6/Data!C6,0) -> 1.7 | H6: =IFERROR(Data!D6/Data!C6,0) -> 2.4
A7: =Data!A7 -> 46301 | B7: =IFERROR(Data!C7/Data!B7,0) -> 0.6 | C7: =Data!G7-Data!H7 -> 900 | D7: =IFERROR(Data!H7/Data!G7,0) -> 0.28 | E7: =IFERROR(Data!J7/Data!I7,0) -> 0.75 | F7: =IFERROR(Data!L7/Data!K7,0) -> 0.57142857 | G7: =IFERROR(Data!E7/Data!C7,0) -> 1.6666667 | H7: =IFERROR(Data!D7/Data!C7,0) -> 2.3333333
A8: =Data!A8 -> 46302 | B8: =IFERROR(Data!C8/Data!B8,0) -> 0.60869565 | C8: =Data!G8-Data!H8 -> 1000 | D8: =IFERROR(Data!H8/Data!G8,0) -> 0.28571429 | E8: =IFERROR(Data!J8/Data!I8,0) -> 0.8 | F8: =IFERROR(Data!L8/Data!K8,0) -> 0.625 | G8: =IFERROR(Data!E8/Data!C8,0) -> 1.6428571 | H8: =IFERROR(Data!D8/Data!C8,0) -> 2.2857143
A9: =Data!A9 -> 46303 | B9: =IFERROR(Data!C9/Data!B9,0) -> 0.6 | C9: =Data!G9-Data!H9 -> 1150 | D9: =IFERROR(Data!H9/Data!G9,0) -> 0.28125 | E9: =IFERROR(Data!J9/Data!I9,0) -> 0.75 | F9: =IFERROR(Data!L9/Data!K9,0) -> 0.5 | G9: =IFERROR(Data!E9/Data!C9,0) -> 1.6666667 | H9: =IFERROR(Data!D9/Data!C9,0) -> 2.3333333
A10: =Data!A10 -> 46304 | B10: =IFERROR(Data!C10/Data!B10,0) -> 0.60714286 | C10: =Data!G10-Data!H10 -> 1250 | D10: =IFERROR(Data!H10/Data!G10,0) -> 0.28571429 | E10: =IFERROR(Data!J10/Data!I10,0) -> 0.66666667 | F10: =IFERROR(Data!L10/Data!K10,0) -> 0.55555556 | G10: =IFERROR(Data!E10/Data!C10,0) -> 1.7058824 | H10: =IFERROR(Data!D10/Data!C10,0) -> 2.3529412
A11: =Data!A11 -> 46305 | B11: =IFERROR(Data!C11/Data!B11,0) -> 0.6 | C11: =Data!G11-Data!H11 -> 1350 | D11: =IFERROR(Data!H11/Data!G11,0) -> 0.28947368 | E11: =IFERROR(Data!J11/Data!I11,0) -> 0.8 | F11: =IFERROR(Data!L11/Data!K11,0) -> 0.6 | G11: =IFERROR(Data!E11/Data!C11,0) -> 1.7777778 | H11: =IFERROR(Data!D11/Data!C11,0) -> 2.4444444
A13: Calculated daily ratios; all cells are formulas on the Data sheet.
