Workbook

Sheet README
A1: Work Package E - Referral & Engagement Analytics
A3: Purpose | B3: Measure the referral funnel and user engagement without treating registration as a successful referral.
A4: Funnel | B4: Referral Created -> User Registered -> User Activated -> Referral Converted (only the last stage is a successful referral).
A6: SHEETS
A7: KPI_Dashboard | B7: All headline KPIs, targets, status flags, group and source breakdowns, charts.
A8: Referral_Data | B8: E1 - one row per referral: IDs, source, 4 stage timestamps, status, derived stage, data checks, cycle times.
A9: Engagement_Events | B9: E2 - event log (login / feature use / task completed) with helper columns for distinct counts.
A10: Daily_Activity | B10: Daily referral funnel + DAU, new, returning users, logins, feature uses, task completions.
A11: Feature_Adoption | B11: Adoption, repeat usage and frequency per feature.
A12: Settings | B12: As-of date, windows, targets, and the business definitions of Activation and Conversion.
A13: E1_Data_Dictionary / E2_Metric_Definitions | B13: Field definitions, stage rules and metric formulas.
A15: HOW TO USE
A16: 1 | B16: Replace the sample rows in Referral_Data (blue) and Engagement_Events (blue) with your real data. Sample data is illustrative only.
A17: 2 | B17: For new rows, copy the grey formula cells down. Summary formulas already read to row 1000 (referrals) / 3000 (events).
A18: 3 | B18: Set the As-of Date, windows and targets in Settings (yellow cells), and write down your Activation and Conversion definitions.
A19: 4 | B19: If the reporting period exceeds 45 days, copy the last row of Daily_Activity down.
A20: 5 | B20: Keep Referral_Data[Data Check] at OK - CHECK flags mean status, gaps or timestamp order are inconsistent.
A22: COLOR LEGEND
A23: Blue text | B23: Input data / assumptions you can edit.
A24: Black text | B24: Formulas - do not overwrite.
A25: Green text | B25: Link pulled from another sheet (Settings).
A26: Yellow fill | B26: Key assumption to confirm (targets, windows, definitions).

Sheet KPI_Dashboard
A1: Referral & Engagement KPI Dashboard
A2: As-of date: | B2: =Settings!B5 -> 46310
A4: 1. REFERRAL FUNNEL | B4: Count | C4: % of Created | D4: Step Conversion | E4: Definition / Notes
A5: Referral Created | B5: =COUNTA(Referral_Data!$A$5:$A$1000) -> 60 | C5: =IFERROR(B5/$B$5,0) -> 1 | D5: - | E5: Referral record exists (invite/link generated).
A6: User Registered | B6: =COUNT(Referral_Data!$F$5:$F$1000) -> 40 | C6: =IFERROR(B6/$B$5,0) -> 0.66666667 | D6: =IFERROR(B6/B5,0) -> 0.66666667 | E6: Referred user completed sign-up (registration timestamp present).
A7: User Activated | B7: =COUNT(Referral_Data!$G$5:$G$1000) -> 20 | C7: =IFERROR(B7/$B$5,0) -> 0.33333333 | D7: =IFERROR(B7/B6,0) -> 0.5 | E7: Referred user completed the activation event defined in Settings.
A8: Referral Converted | B8: =COUNT(Referral_Data!$H$5:$H$1000) -> 10 | C8: =IFERROR(B8/$B$5,0) -> 0.16666667 | D8: =IFERROR(B8/B7,0) -> 0.5 | E8: Referred user reached the conversion event defined in Settings.
A9: Expired (never registered) | B9: =COUNTIF(Referral_Data!$I$5:$I$1000,"Expired") -> 7 | E9: Referral older than expiry window with no registration.
A10: Registered but NOT converted | B10: =B6-B8 -> 30 | E10: Registration is not conversion - this is the gap to close.
A11: Registered but NOT activated | B11: =B6-B7 -> 20 | E11: Signed up but never reached first value.
A12: Activated within window | B12: =COUNTIF(Referral_Data!$P$5:$P$1000,"Yes") -> 20 | C12: =IFERROR(B12/B7,0) -> 1 | E12: Activated within the activation-window days from Settings.
A13: Data-quality flags (Referral_Data) | B13: =COUNTIF(Referral_Data!$K$5:$K$1000,"CHECK*") -> 0 | E13: Rows where status, gaps or timestamp order look wrong. Should be 0.
A15: 2. REFERRAL KPIs vs TARGET | B15: Value | C15: Target | D15: Status | E15: Definition
A16: Registration Rate | B16: =IFERROR(B6/B5,0) -> 0.66666667 | C16: =Settings!B12 -> 0.6 | D16: =IF(B16>=C16,"On track","Below target") -> On track | E16: Registered / Created
A17: Activation Rate (of registered) | B17: =IFERROR(B7/B6,0) -> 0.5 | C17: =Settings!B13 -> 0.5 | D17: =IF(B17>=C17,"On track","Below target") -> On track | E17: Activated / Registered
A18: Conversion Rate (of activated) | B18: =IFERROR(B8/B7,0) -> 0.5 | C18: =Settings!B14 -> 0.5 | D18: =IF(B18>=C18,"On track","Below target") -> On track | E18: Converted / Activated
A19: Overall Referral Conversion Rate | B19: =IFERROR(B8/B5,0) -> 0.16666667 | C19: =Settings!B15 -> 0.15 | D19: =IF(B19>=C19,"On track","Below target") -> On track | E19: Converted / Created - the true referral success rate.
A20: Registered-to-Converted Rate | B20: =IFERROR(B8/B6,0) -> 0.25 | E20: Converted / Registered - shows how misleading 'registration = success' would be.
A21: Referring users (distinct) | B21: =SUM(Referral_Data!$Q$5:$Q$1000) -> 12 | E21: Distinct referring users with at least one referral.
A22: Referring users with 1+ conversion | B22: =SUM(Referral_Data!$R$5:$R$1000) -> 7 | E22: Distinct referrers whose referral reached Converted.
A23: Referrer Success Rate | B23: =IFERROR(B22/B21,0) -> 0.58333333 | E23: Referrers with 1+ conversion / all referrers.
A25: 3. REFERRAL CYCLE TIME (days) | B25: Average | C25: Median | E25: Definition
A26: Created to Registered | B26: =IFERROR(AVERAGE(Referral_Data!$L$5:$L$1000),0) -> 2.0327951 | C26: =IFERROR(MEDIAN(Referral_Data!$L$5:$L$1000),0) -> 1.2194444 | E26: Only referrals that reached both stages are included.
A27: Registered to Activated | B27: =IFERROR(AVERAGE(Referral_Data!$M$5:$M$1000),0) -> 2.9104167 | C27: =IFERROR(MEDIAN(Referral_Data!$M$5:$M$1000),0) -> 2.6458333 | E27: Only referrals that reached both stages are included.
A28: Activated to Converted | B28: =IFERROR(AVERAGE(Referral_Data!$N$5:$N$1000),0) -> 6.1916667 | C28: =IFERROR(MEDIAN(Referral_Data!$N$5:$N$1000),0) -> 6 | E28: Only referrals that reached both stages are included.
A29: Created to Converted | B29: =IFERROR(AVERAGE(Referral_Data!$O$5:$O$1000),0) -> 10.491389 | C29: =IFERROR(MEDIAN(Referral_Data!$O$5:$O$1000),0) -> 10.789931 | E29: Only referrals that reached both stages are included.
A31: 4. ENGAGEMENT KPIs | B31: Value | C31: Target | D31: Status | E31: Definition
A32: Distinct active users (all-time in log) | B32: =SUM(Engagement_Events!$K$5:$K$3000) -> 58 | E32: Users with at least one event.
A33: DAU (as-of date) | B33: =SUMIFS(Engagement_Events!$G$5:$G$3000,Engagement_Events!$C$5:$C$3000,Settings!B5) -> 19 | E33: Distinct users with any event on the as-of date.
A34: WAU (rolling window) | B34: =SUM(Engagement_Events!$L$5:$L$3000) -> 53 | E34: Distinct users active in the last N days (Settings: WAU window).
A35: MAU (rolling window) | B35: =SUM(Engagement_Events!$M$5:$M$3000) -> 58 | E35: Distinct users active in the last N days (Settings: MAU window).
A36: Stickiness (DAU / MAU) | B36: =IFERROR(B33/B35,0) -> 0.32758621 | C36: =Settings!B16 -> 0.2 | D36: =IF(B36>=C36,"On track","Below target") -> On track | E36: How often monthly users show up daily.
A37: Returning users (as-of date) | B37: =SUMIFS(Engagement_Events!$H$5:$H$3000,Engagement_Events!$C$5:$C$3000,Settings!B5) -> 18 | E37: Active on as-of date AND active on an earlier date.
A38: Returning user rate | B38: =IFERROR(B37/B33,0) -> 0.94736842 | C38: =Settings!B17 -> 0.4 | D38: =IF(B38>=C38,"On track","Below target") -> On track | E38: Returning users / DAU.
A39: Average DAU over reporting period | B39: =IFERROR(AVERAGE(Daily_Activity!F5:F49),0) -> 12 | E39: Mean of daily active users on Daily_Activity.
A40: Total task completions | B40: =COUNTIF(Engagement_Events!$D$5:$D$3000,"Task Completed") -> 287 | E40: Count of 'Task Completed' events.
A41: Task completions per active user | B41: =IFERROR(B40/B32,0) -> 4.9482759 | E41: Task activity depth.
A42: Total feature uses | B42: =COUNTIF(Engagement_Events!$D$5:$D$3000,"Feature Use") -> 804 | E42: Count of 'Feature Use' events.
A43: Feature uses per active user | B43: =IFERROR(B42/B32,0) -> 13.862069 | E43: Feature frequency per user.
A44: Feature adoption rate (any feature) | B44: =IFERROR(SUM(Engagement_Events!$N$5:$N$3000)/B32,0) -> 1 | E44: Users with 1+ feature use / active users.
A45: Average feature repeat rate | B45: =IFERROR(AVERAGE(Feature_Adoption!G5:G9),0) -> 0.73339622 | C45: =Settings!B18 -> 0.5 | D45: =IF(B45>=C45,"On track","Below target") -> On track | E45: Average of per-feature repeat usage rates.
A47: 5. ENGAGEMENT BY USER GROUP | B47: Active Users | C47: Task Completions | D47: Tasks per User | E47: Feature Uses per User | F47: Logins per User
A48: Referred | B48: =SUMIFS(Engagement_Events!$K$5:$K$3000,Engagement_Events!$F$5:$F$3000,$A48) -> 38 | C48: =COUNTIFS(Engagement_Events!$D$5:$D$3000,"Task Completed",Engagement_Events!$F$5:$F$3000,$A48) -> 152 | D48: =IFERROR(C48/B48,0) -> 4 | E48: =IFERROR(COUNTIFS(Engagement_Events!$D$5:$D$3000,"Feature Use",Engagement_Events!$F$5:$F$3000,$A48)/B48,0) -> 11.263158 | F48: =IFERROR(COUNTIFS(Engagement_Events!$D$5:$D$3000,"Login",Engagement_Events!$F$5:$F$3000,$A48)/B48,0) -> 7.4210526
A49: Referrer | B49: =SUMIFS(Engagement_Events!$K$5:$K$3000,Engagement_Events!$F$5:$F$3000,$A49) -> 12 | C49: =COUNTIFS(Engagement_Events!$D$5:$D$3000,"Task Completed",Engagement_Events!$F$5:$F$3000,$A49) -> 92 | D49: =IFERROR(C49/B49,0) -> 7.6666667 | E49: =IFERROR(COUNTIFS(Engagement_Events!$D$5:$D$3000,"Feature Use",Engagement_Events!$F$5:$F$3000,$A49)/B49,0) -> 20.583333 | F49: =IFERROR(COUNTIFS(Engagement_Events!$D$5:$D$3000,"Login",Engagement_Events!$F$5:$F$3000,$A49)/B49,0) -> 14.083333
A50: Organic | B50: =SUMIFS(Engagement_Events!$K$5:$K$3000,Engagement_Events!$F$5:$F$3000,$A50) -> 8 | C50: =COUNTIFS(Engagement_Events!$D$5:$D$3000,"Task Completed",Engagement_Events!$F$5:$F$3000,$A50) -> 43 | D50: =IFERROR(C50/B50,0) -> 5.375 | E50: =IFERROR(COUNTIFS(Engagement_Events!$D$5:$D$3000,"Feature Use",Engagement_Events!$F$5:$F$3000,$A50)/B50,0) -> 16.125 | F50: =IFERROR(COUNTIFS(Engagement_Events!$D$5:$D$3000,"Login",Engagement_Events!$F$5:$F$3000,$A50)/B50,0) -> 11.125
A52: 6. REFERRAL FUNNEL BY SOURCE | B52: Created | C52: Registered | D52: Activated | E52: Converted | F52: Registration Rate | G52: Activation Rate (of reg.) | H52: Conversion Rate (of created)
A53: Email | B53: =COUNTIFS(Referral_Data!$D$5:$D$1000,$A53) -> 13 | C53: =COUNTIFS(Referral_Data!$D$5:$D$1000,$A53,Referral_Data!$F$5:$F$1000,"<>") -> 9 | D53: =COUNTIFS(Referral_Data!$D$5:$D$1000,$A53,Referral_Data!$G$5:$G$1000,"<>") -> 5 | E53: =COUNTIFS(Referral_Data!$D$5:$D$1000,$A53,Referral_Data!$H$5:$H$1000,"<>") -> 5 | F53: =IFERROR(C53/B53,0) -> 0.69230769 | G53: =IFERROR(D53/C53,0) -> 0.55555556 | H53: =IFERROR(E53/B53,0) -> 0.38461538
A54: WhatsApp | B54: =COUNTIFS(Referral_Data!$D$5:$D$1000,$A54) -> 17 | C54: =COUNTIFS(Referral_Data!$D$5:$D$1000,$A54,Referral_Data!$F$5:$F$1000,"<>") -> 9 | D54: =COUNTIFS(Referral_Data!$D$5:$D$1000,$A54,Referral_Data!$G$5:$G$1000,"<>") -> 4 | E54: =COUNTIFS(Referral_Data!$D$5:$D$1000,$A54,Referral_Data!$H$5:$H$1000,"<>") -> 1 | F54: =IFERROR(C54/B54,0) -> 0.52941176 | G54: =IFERROR(D54/C54,0) -> 0.44444444 | H54: =IFERROR(E54/B54,0) -> 0.058823529
A55: Social Media | B55: =COUNTIFS(Referral_Data!$D$5:$D$1000,$A55) -> 9 | C55: =COUNTIFS(Referral_Data!$D$5:$D$1000,$A55,Referral_Data!$F$5:$F$1000,"<>") -> 7 | D55: =COUNTIFS(Referral_Data!$D$5:$D$1000,$A55,Referral_Data!$G$5:$G$1000,"<>") -> 5 | E55: =COUNTIFS(Referral_Data!$D$5:$D$1000,$A55,Referral_Data!$H$5:$H$1000,"<>") -> 1 | F55: =IFERROR(C55/B55,0) -> 0.77777778 | G55: =IFERROR(D55/C55,0) -> 0.71428571 | H55: =IFERROR(E55/B55,0) -> 0.11111111
A56: In-App Invite | B56: =COUNTIFS(Referral_Data!$D$5:$D$1000,$A56) -> 16 | C56: =COUNTIFS(Referral_Data!$D$5:$D$1000,$A56,Referral_Data!$F$5:$F$1000,"<>") -> 11 | D56: =COUNTIFS(Referral_Data!$D$5:$D$1000,$A56,Referral_Data!$G$5:$G$1000,"<>") -> 4 | E56: =COUNTIFS(Referral_Data!$D$5:$D$1000,$A56,Referral_Data!$H$5:$H$1000,"<>") -> 2 | F56: =IFERROR(C56/B56,0) -> 0.6875 | G56: =IFERROR(D56/C56,0) -> 0.36363636 | H56: =IFERROR(E56/B56,0) -> 0.125
A57: Referral Link | B57: =COUNTIFS(Referral_Data!$D$5:$D$1000,$A57) -> 5 | C57: =COUNTIFS(Referral_Data!$D$5:$D$1000,$A57,Referral_Data!$F$5:$F$1000,"<>") -> 4 | D57: =COUNTIFS(Referral_Data!$D$5:$D$1000,$A57,Referral_Data!$G$5:$G$1000,"<>") -> 2 | E57: =COUNTIFS(Referral_Data!$D$5:$D$1000,$A57,Referral_Data!$H$5:$H$1000,"<>") -> 1 | F57: =IFERROR(C57/B57,0) -> 0.8 | G57: =IFERROR(D57/C57,0) -> 0.5 | H57: =IFERROR(E57/B57,0) -> 0.2
A58: Total | B58: =SUM(B53:B57) -> 60 | C58: =SUM(C53:C57) -> 40 | D58: =SUM(D53:D57) -> 20 | E58: =SUM(E53:E57) -> 10 | F58: =IFERROR(C58/B58,0) -> 0.66666667 | G58: =IFERROR(D58/C58,0) -> 0.5 | H58: =IFERROR(E58/B58,0) -> 0.16666667
A59: Check: source total minus funnel total (should be 0) | B59: =B58-B5 -> 0

Sheet Referral_Data
A1: Referral Data (E1) - one row per referral
A2: Blue = input data (replace sample rows with your own). Grey = formulas (copy down for new rows). A referral is only 'Converted' when a conversion timestamp exists - registration alone is not conversion.
A4: Referral ID | B4: Referring User ID | C4: Referred User ID | D4: Source | E4: Created Timestamp | F4: Registered Timestamp | G4: Activated Timestamp | H4: Converted Timestamp | I4: Status | J4: Derived Stage (from timestamps) | K4: Data Check | L4: Days: Created to Registered | M4: Days: Registered to Activated | N4: Days: Activated to Converted | O4: Days: Created to Converted | P4: Activated Within Window? | Q4: First Referral of Referrer (1/0) | R4: First Converted Referral of Referrer (1/0)
A5: REF-0001 | B5: U001 | C5: R001 | D5: Email | E5: 46273.324 | F5: 46274.399 | G5: 46279.565 | H5: 46286.565 | I5: Converted | J5: =IF(H5<>"","Converted",IF(G5<>"","Activated",IF(F5<>"","Registered","Created"))) -> Converted | K5: =IF(AND(I5="Expired",J5="Created"),"OK",IF(I5<>J5,"CHECK status",IF(OR(AND(G5<>"",F5=""),AND(H5<>"",G5="")),"CHECK gap",IF(OR(AND(F5<>"",F5<E5),AND(G5<>"",G5<F5),AND(H5<>"",H5<G5)),"CHECK order","OK")))) -> OK | L5: =IF(F5="","",F5-E5) -> 1.0743056 | M5: =IF(G5="","",G5-F5) -> 5.1666667 | N5: =IF(H5="","",H5-G5) -> 7 | O5: =IF(H5="","",H5-E5) -> 13.240972 | P5: =IF(G5="","",IF(G5-F5<=Settings!$B$6,"Yes","No")) -> Yes | Q5: =IF(COUNTIF($B$5:B5,B5)=1,1,0) -> 1 | R5: =IF(H5="",0,IF(COUNTIFS($B$5:B5,B5,$H$5:H5,"<>")=1,1,0)) -> 1
A6: REF-0002 | B6: U007 | C6: R002 | D6: WhatsApp | E6: 46280.651 | F6: 46281.888 | I6: Registered | J6: =IF(H6<>"","Converted",IF(G6<>"","Activated",IF(F6<>"","Registered","Created"))) -> Registered | K6: =IF(AND(I6="Expired",J6="Created"),"OK",IF(I6<>J6,"CHECK status",IF(OR(AND(G6<>"",F6=""),AND(H6<>"",G6="")),"CHECK gap",IF(OR(AND(F6<>"",F6<E6),AND(G6<>"",G6<F6),AND(H6<>"",H6<G6)),"CHECK order","OK")))) -> OK | L6: =IF(F6="","",F6-E6) -> 1.2368056 | M6: =IF(G6="","",G6-F6) | N6: =IF(H6="","",H6-G6) | O6: =IF(H6="","",H6-E6) | P6: =IF(G6="","",IF(G6-F6<=Settings!$B$6,"Yes","No")) | Q6: =IF(COUNTIF($B$5:B6,B6)=1,1,0) -> 1 | R6: =IF(H6="",0,IF(COUNTIFS($B$5:B6,B6,$H$5:H6,"<>")=1,1,0)) -> 0
A7: REF-0003 | B7: U003 | D7: In-App Invite | E7: 46303.494 | I7: Created | J7: =IF(H7<>"","Converted",IF(G7<>"","Activated",IF(F7<>"","Registered","Created"))) -> Created | K7: =IF(AND(I7="Expired",J7="Created"),"OK",IF(I7<>J7,"CHECK status",IF(OR(AND(G7<>"",F7=""),AND(H7<>"",G7="")),"CHECK gap",IF(OR(AND(F7<>"",F7<E7),AND(G7<>"",G7<F7),AND(H7<>"",H7<G7)),"CHECK order","OK")))) -> OK | L7: =IF(F7="","",F7-E7) | M7: =IF(G7="","",G7-F7) | N7: =IF(H7="","",H7-G7) | O7: =IF(H7="","",H7-E7) | P7: =IF(G7="","",IF(G7-F7<=Settings!$B$6,"Yes","No")) | Q7: =IF(COUNTIF($B$5:B7,B7)=1,1,0) -> 1 | R7: =IF(H7="",0,IF(COUNTIFS($B$5:B7,B7,$H$5:H7,"<>")=1,1,0)) -> 0
A8: REF-0004 | B8: U012 | C8: R003 | D8: Social Media | E8: 46287.465 | F8: 46290.468 | G8: 46292.718 | H8: 46297.718 | I8: Converted | J8: =IF(H8<>"","Converted",IF(G8<>"","Activated",IF(F8<>"","Registered","Created"))) -> Converted | K8: =IF(AND(I8="Expired",J8="Created"),"OK",IF(I8<>J8,"CHECK status",IF(OR(AND(G8<>"",F8=""),AND(H8<>"",G8="")),"CHECK gap",IF(OR(AND(F8<>"",F8<E8),AND(G8<>"",G8<F8),AND(H8<>"",H8<G8)),"CHECK order","OK")))) -> OK | L8: =IF(F8="","",F8-E8) -> 3.0034722 | M8: =IF(G8="","",G8-F8) -> 2.25 | N8: =IF(H8="","",H8-G8) -> 5 | O8: =IF(H8="","",H8-E8) -> 10.253472 | P8: =IF(G8="","",IF(G8-F8<=Settings!$B$6,"Yes","No")) -> Yes | Q8: =IF(COUNTIF($B$5:B8,B8)=1,1,0) -> 1 | R8: =IF(H8="",0,IF(COUNTIFS($B$5:B8,B8,$H$5:H8,"<>")=1,1,0)) -> 1
A9: REF-0005 | B9: U006 | C9: R004 | D9: Social Media | E9: 46273.892 | F9: 46276.127 | I9: Registered | J9: =IF(H9<>"","Converted",IF(G9<>"","Activated",IF(F9<>"","Registered","Created"))) -> Registered | K9: =IF(AND(I9="Expired",J9="Created"),"OK",IF(I9<>J9,"CHECK status",IF(OR(AND(G9<>"",F9=""),AND(H9<>"",G9="")),"CHECK gap",IF(OR(AND(F9<>"",F9<E9),AND(G9<>"",G9<F9),AND(H9<>"",H9<G9)),"CHECK order","OK")))) -> OK | L9: =IF(F9="","",F9-E9) -> 2.2354167 | M9: =IF(G9="","",G9-F9) | N9: =IF(H9="","",H9-G9) | O9: =IF(H9="","",H9-E9) | P9: =IF(G9="","",IF(G9-F9<=Settings!$B$6,"Yes","No")) | Q9: =IF(COUNTIF($B$5:B9,B9)=1,1,0) -> 1 | R9: =IF(H9="",0,IF(COUNTIFS($B$5:B9,B9,$H$5:H9,"<>")=1,1,0)) -> 0
A10: REF-0006 | B10: U003 | C10: R005 | D10: WhatsApp | E10: 46270.321 | F10: 46272.358 | G10: 46272.483 | H10: 46283.567 | I10: Converted | J10: =IF(H10<>"","Converted",IF(G10<>"","Activated",IF(F10<>"","Registered","Created"))) -> Converted | K10: =IF(AND(I10="Expired",J10="Created"),"OK",IF(I10<>J10,"CHECK status",IF(OR(AND(G10<>"",F10=""),AND(H10<>"",G10="")),"CHECK gap",IF(OR(AND(F10<>"",F10<E10),AND(G10<>"",G10<F10),AND(H10<>"",H10<G10)),"CHECK order","OK")))) -> OK | L10: =IF(F10="","",F10-E10) -> 2.0375 | M10: =IF(G10="","",G10-F10) -> 0.125 | N10: =IF(H10="","",H10-G10) -> 11.083333 | O10: =IF(H10="","",H10-E10) -> 13.245833 | P10: =IF(G10="","",IF(G10-F10<=Settings!$B$6,"Yes","No")) -> Yes | Q10: =IF(COUNTIF($B$5:B10,B10)=1,1,0) -> 0 | R10: =IF(H10="",0,IF(COUNTIFS($B$5:B10,B10,$H$5:H10,"<>")=1,1,0)) -> 1
A11: REF-0007 | B11: U011 | C11: R006 | D11: In-App Invite | E11: 46279.72 | F11: 46279.915 | G11: 46284.956 | H11: 46292.04 | I11: Converted | J11: =IF(H11<>"","Converted",IF(G11<>"","Activated",IF(F11<>"","Registered","Created"))) -> Converted | K11: =IF(AND(I11="Expired",J11="Created"),"OK",IF(I11<>J11,"CHECK status",IF(OR(AND(G11<>"",F11=""),AND(H11<>"",G11="")),"CHECK gap",IF(OR(AND(F11<>"",F11<E11),AND(G11<>"",G11<F11),AND(H11<>"",H11<G11)),"CHECK order","OK")))) -> OK | L11: =IF(F11="","",F11-E11) -> 0.19444444 | M11: =IF(G11="","",G11-F11) -> 5.0416667 | N11: =IF(H11="","",H11-G11) -> 7.0833333 | O11: =IF(H11="","",H11-E11) -> 12.319444 | P11: =IF(G11="","",IF(G11-F11<=Settings!$B$6,"Yes","No")) -> Yes | Q11: =IF(COUNTIF($B$5:B11,B11)=1,1,0) -> 1 | R11: =IF(H11="",0,IF(COUNTIFS($B$5:B11,B11,$H$5:H11,"<>")=1,1,0)) -> 1
A12: REF-0008 | B12: U001 | D12: WhatsApp | E12: 46280.722 | I12: Expired | J12: =IF(H12<>"","Converted",IF(G12<>"","Activated",IF(F12<>"","Registered","Created"))) -> Created | K12: =IF(AND(I12="Expired",J12="Created"),"OK",IF(I12<>J12,"CHECK status",IF(OR(AND(G12<>"",F12=""),AND(H12<>"",G12="")),"CHECK gap",IF(OR(AND(F12<>"",F12<E12),AND(G12<>"",G12<F12),AND(H12<>"",H12<G12)),"CHECK order","OK")))) -> OK | L12: =IF(F12="","",F12-E12) | M12: =IF(G12="","",G12-F12) | N12: =IF(H12="","",H12-G12) | O12: =IF(H12="","",H12-E12) | P12: =IF(G12="","",IF(G12-F12<=Settings!$B$6,"Yes","No")) | Q12: =IF(COUNTIF($B$5:B12,B12)=1,1,0) -> 0 | R12: =IF(H12="",0,IF(COUNTIFS($B$5:B12,B12,$H$5:H12,"<>")=1,1,0)) -> 0
A13: REF-0009 | B13: U012 | C13: R007 | D13: WhatsApp | E13: 46268.806 | F13: 46268.887 | I13: Registered | J13: =IF(H13<>"","Converted",IF(G13<>"","Activated",IF(F13<>"","Registered","Created"))) -> Registered | K13: =IF(AND(I13="Expired",J13="Created"),"OK",IF(I13<>J13,"CHECK status",IF(OR(AND(G13<>"",F13=""),AND(H13<>"",G13="")),"CHECK gap",IF(OR(AND(F13<>"",F13<E13),AND(G13<>"",G13<F13),AND(H13<>"",H13<G13)),"CHECK order","OK")))) -> OK | L13: =IF(F13="","",F13-E13) -> 0.081944444 | M13: =IF(G13="","",G13-F13) | N13: =IF(H13="","",H13-G13) | O13: =IF(H13="","",H13-E13) | P13: =IF(G13="","",IF(G13-F13<=Settings!$B$6,"Yes","No")) | Q13: =IF(COUNTIF($B$5:B13,B13)=1,1,0) -> 0 | R13: =IF(H13="",0,IF(COUNTIFS($B$5:B13,B13,$H$5:H13,"<>")=1,1,0)) -> 0
A14: REF-0010 | B14: U008 | D14: Email | E14: 46297.581 | I14: Created | J14: =IF(H14<>"","Converted",IF(G14<>"","Activated",IF(F14<>"","Registered","Created"))) -> Created | K14: =IF(AND(I14="Expired",J14="Created"),"OK",IF(I14<>J14,"CHECK status",IF(OR(AND(G14<>"",F14=""),AND(H14<>"",G14="")),"CHECK gap",IF(OR(AND(F14<>"",F14<E14),AND(G14<>"",G14<F14),AND(H14<>"",H14<G14)),"CHECK order","OK")))) -> OK | L14: =IF(F14="","",F14-E14) | M14: =IF(G14="","",G14-F14) | N14: =IF(H14="","",H14-G14) | O14: =IF(H14="","",H14-E14) | P14: =IF(G14="","",IF(G14-F14<=Settings!$B$6,"Yes","No")) | Q14: =IF(COUNTIF($B$5:B14,B14)=1,1,0) -> 1 | R14: =IF(H14="",0,IF(COUNTIFS($B$5:B14,B14,$H$5:H14,"<>")=1,1,0)) -> 0
A15: REF-0011 | B15: U008 | C15: R008 | D15: Email | E15: 46274.449 | F15: 46276.683 | G15: 46280.808 | H15: 46283.975 | I15: Converted | J15: =IF(H15<>"","Converted",IF(G15<>"","Activated",IF(F15<>"","Registered","Created"))) -> Converted | K15: =IF(AND(I15="Expired",J15="Created"),"OK",IF(I15<>J15,"CHECK status",IF(OR(AND(G15<>"",F15=""),AND(H15<>"",G15="")),"CHECK gap",IF(OR(AND(F15<>"",F15<E15),AND(G15<>"",G15<F15),AND(H15<>"",H15<G15)),"CHECK order","OK")))) -> OK | L15: =IF(F15="","",F15-E15) -> 2.2340278 | M15: =IF(G15="","",G15-F15) -> 4.125 | N15: =IF(H15="","",H15-G15) -> 3.1666667 | O15: =IF(H15="","",H15-E15) -> 9.5256944 | P15: =IF(G15="","",IF(G15-F15<=Settings!$B$6,"Yes","No")) -> Yes | Q15: =IF(COUNTIF($B$5:B15,B15)=1,1,0) -> 0 | R15: =IF(H15="",0,IF(COUNTIFS($B$5:B15,B15,$H$5:H15,"<>")=1,1,0)) -> 1
A16: REF-0012 | B16: U008 | C16: R009 | D16: Social Media | E16: 46269.838 | F16: 46271.065 | G16: 46274.19 | I16: Activated | J16: =IF(H16<>"","Converted",IF(G16<>"","Activated",IF(F16<>"","Registered","Created"))) -> Activated | K16: =IF(AND(I16="Expired",J16="Created"),"OK",IF(I16<>J16,"CHECK status",IF(OR(AND(G16<>"",F16=""),AND(H16<>"",G16="")),"CHECK gap",IF(OR(AND(F16<>"",F16<E16),AND(G16<>"",G16<F16),AND(H16<>"",H16<G16)),"CHECK order","OK")))) -> OK | L16: =IF(F16="","",F16-E16) -> 1.2270833 | M16: =IF(G16="","",G16-F16) -> 3.125 | N16: =IF(H16="","",H16-G16) | O16: =IF(H16="","",H16-E16) | P16: =IF(G16="","",IF(G16-F16<=Settings!$B$6,"Yes","No")) -> Yes | Q16: =IF(COUNTIF($B$5:B16,B16)=1,1,0) -> 0 | R16: =IF(H16="",0,IF(COUNTIFS($B$5:B16,B16,$H$5:H16,"<>")=1,1,0)) -> 0
A17: REF-0013 | B17: U002 | C17: R010 | D17: WhatsApp | E17: 46301.833 | F17: 46302.081 | G17: 46304.331 | I17: Activated | J17: =IF(H17<>"","Converted",IF(G17<>"","Activated",IF(F17<>"","Registered","Created"))) -> Activated | K17: =IF(AND(I17="Expired",J17="Created"),"OK",IF(I17<>J17,"CHECK status",IF(OR(AND(G17<>"",F17=""),AND(H17<>"",G17="")),"CHECK gap",IF(OR(AND(F17<>"",F17<E17),AND(G17<>"",G17<F17),AND(H17<>"",H17<G17)),"CHECK order","OK")))) -> OK | L17: =IF(F17="","",F17-E17) -> 0.24722222 | M17: =IF(G17="","",G17-F17) -> 2.25 | N17: =IF(H17="","",H17-G17) | O17: =IF(H17="","",H17-E17) | P17: =IF(G17="","",IF(G17-F17<=Settings!$B$6,"Yes","No")) -> Yes | Q17: =IF(COUNTIF($B$5:B17,B17)=1,1,0) -> 1 | R17: =IF(H17="",0,IF(COUNTIFS($B$5:B17,B17,$H$5:H17,"<>")=1,1,0)) -> 0
A18: REF-0014 | B18: U012 | D18: WhatsApp | E18: 46276.583 | I18: Expired | J18: =IF(H18<>"","Converted",IF(G18<>"","Activated",IF(F18<>"","Registered","Created"))) -> Created | K18: =IF(AND(I18="Expired",J18="Created"),"OK",IF(I18<>J18,"CHECK status",IF(OR(AND(G18<>"",F18=""),AND(H18<>"",G18="")),"CHECK gap",IF(OR(AND(F18<>"",F18<E18),AND(G18<>"",G18<F18),AND(H18<>"",H18<G18)),"CHECK order","OK")))) -> OK | L18: =IF(F18="","",F18-E18) | M18: =IF(G18="","",G18-F18) | N18: =IF(H18="","",H18-G18) | O18: =IF(H18="","",H18-E18) | P18: =IF(G18="","",IF(G18-F18<=Settings!$B$6,"Yes","No")) | Q18: =IF(COUNTIF($B$5:B18,B18)=1,1,0) -> 0 | R18: =IF(H18="",0,IF(COUNTIFS($B$5:B18,B18,$H$5:H18,"<>")=1,1,0)) -> 0
A19: REF-0015 | B19: U009 | C19: R011 | D19: Social Media | E19: 46298.799 | F19: 46299.021 | I19: Registered | J19: =IF(H19<>"","Converted",IF(G19<>"","Activated",IF(F19<>"","Registered","Created"))) -> Registered | K19: =IF(AND(I19="Expired",J19="Created"),"OK",IF(I19<>J19,"CHECK status",IF(OR(AND(G19<>"",F19=""),AND(H19<>"",G19="")),"CHECK gap",IF(OR(AND(F19<>"",F19<E19),AND(G19<>"",G19<F19),AND(H19<>"",H19<G19)),"CHECK order","OK")))) -> OK | L19: =IF(F19="","",F19-E19) -> 0.22152778 | M19: =IF(G19="","",G19-F19) | N19: =IF(H19="","",H19-G19) | O19: =IF(H19="","",H19-E19) | P19: =IF(G19="","",IF(G19-F19<=Settings!$B$6,"Yes","No")) | Q19: =IF(COUNTIF($B$5:B19,B19)=1,1,0) -> 1 | R19: =IF(H19="",0,IF(COUNTIFS($B$5:B19,B19,$H$5:H19,"<>")=1,1,0)) -> 0
A20: REF-0016 | B20: U005 | C20: R012 | D20: WhatsApp | E20: 46275.533 | F20: 46275.714 | G20: 46275.797 | I20: Activated | J20: =IF(H20<>"","Converted",IF(G20<>"","Activated",IF(F20<>"","Registered","Created"))) -> Activated | K20: =IF(AND(I20="Expired",J20="Created"),"OK",IF(I20<>J20,"CHECK status",IF(OR(AND(G20<>"",F20=""),AND(H20<>"",G20="")),"CHECK gap",IF(OR(AND(F20<>"",F20<E20),AND(G20<>"",G20<F20),AND(H20<>"",H20<G20)),"CHECK order","OK")))) -> OK | L20: =IF(F20="","",F20-E20) -> 0.18055556 | M20: =IF(G20="","",G20-F20) -> 0.083333333 | N20: =IF(H20="","",H20-G20) | O20: =IF(H20="","",H20-E20) | P20: =IF(G20="","",IF(G20-F20<=Settings!$B$6,"Yes","No")) -> Yes | Q20: =IF(COUNTIF($B$5:B20,B20)=1,1,0) -> 1 | R20: =IF(H20="",0,IF(COUNTIFS($B$5:B20,B20,$H$5:H20,"<>")=1,1,0)) -> 0
A21: REF-0017 | B21: U002 | D21: In-App Invite | E21: 46281.9 | I21: Created | J21: =IF(H21<>"","Converted",IF(G21<>"","Activated",IF(F21<>"","Registered","Created"))) -> Created | K21: =IF(AND(I21="Expired",J21="Created"),"OK",IF(I21<>J21,"CHECK status",IF(OR(AND(G21<>"",F21=""),AND(H21<>"",G21="")),"CHECK gap",IF(OR(AND(F21<>"",F21<E21),AND(G21<>"",G21<F21),AND(H21<>"",H21<G21)),"CHECK order","OK")))) -> OK | L21: =IF(F21="","",F21-E21) | M21: =IF(G21="","",G21-F21) | N21: =IF(H21="","",H21-G21) | O21: =IF(H21="","",H21-E21) | P21: =IF(G21="","",IF(G21-F21<=Settings!$B$6,"Yes","No")) | Q21: =IF(COUNTIF($B$5:B21,B21)=1,1,0) -> 0 | R21: =IF(H21="",0,IF(COUNTIFS($B$5:B21,B21,$H$5:H21,"<>")=1,1,0)) -> 0
A22: REF-0018 | B22: U003 | D22: In-App Invite | E22: 46270.815 | I22: Expired | J22: =IF(H22<>"","Converted",IF(G22<>"","Activated",IF(F22<>"","Registered","Created"))) -> Created | K22: =IF(AND(I22="Expired",J22="Created"),"OK",IF(I22<>J22,"CHECK status",IF(OR(AND(G22<>"",F22=""),AND(H22<>"",G22="")),"CHECK gap",IF(OR(AND(F22<>"",F22<E22),AND(G22<>"",G22<F22),AND(H22<>"",H22<G22)),"CHECK order","OK")))) -> OK | L22: =IF(F22="","",F22-E22) | M22: =IF(G22="","",G22-F22) | N22: =IF(H22="","",H22-G22) | O22: =IF(H22="","",H22-E22) | P22: =IF(G22="","",IF(G22-F22<=Settings!$B$6,"Yes","No")) | Q22: =IF(COUNTIF($B$5:B22,B22)=1,1,0) -> 0 | R22: =IF(H22="",0,IF(COUNTIFS($B$5:B22,B22,$H$5:H22,"<>")=1,1,0)) -> 0
A23: REF-0019 | B23: U004 | C23: R013 | D23: In-App Invite | E23: 46301.386 | F23: 46306.469 | I23: Registered | J23: =IF(H23<>"","Converted",IF(G23<>"","Activated",IF(F23<>"","Registered","Created"))) -> Registered | K23: =IF(AND(I23="Expired",J23="Created"),"OK",IF(I23<>J23,"CHECK status",IF(OR(AND(G23<>"",F23=""),AND(H23<>"",G23="")),"CHECK gap",IF(OR(AND(F23<>"",F23<E23),AND(G23<>"",G23<F23),AND(H23<>"",H23<G23)),"CHECK order","OK")))) -> OK | L23: =IF(F23="","",F23-E23) -> 5.0826389 | M23: =IF(G23="","",G23-F23) | N23: =IF(H23="","",H23-G23) | O23: =IF(H23="","",H23-E23) | P23: =IF(G23="","",IF(G23-F23<=Settings!$B$6,"Yes","No")) | Q23: =IF(COUNTIF($B$5:B23,B23)=1,1,0) -> 1 | R23: =IF(H23="",0,IF(COUNTIFS($B$5:B23,B23,$H$5:H23,"<>")=1,1,0)) -> 0
A24: REF-0020 | B24: U004 | C24: R014 | D24: Social Media | E24: 46291.737 | F24: 46298.747 | G24: 46300.747 | I24: Activated | J24: =IF(H24<>"","Converted",IF(G24<>"","Activated",IF(F24<>"","Registered","Created"))) -> Activated | K24: =IF(AND(I24="Expired",J24="Created"),"OK",IF(I24<>J24,"CHECK status",IF(OR(AND(G24<>"",F24=""),AND(H24<>"",G24="")),"CHECK gap",IF(OR(AND(F24<>"",F24<E24),AND(G24<>"",G24<F24),AND(H24<>"",H24<G24)),"CHECK order","OK")))) -> OK | L24: =IF(F24="","",F24-E24) -> 7.0104167 | M24: =IF(G24="","",G24-F24) -> 2 | N24: =IF(H24="","",H24-G24) | O24: =IF(H24="","",H24-E24) | P24: =IF(G24="","",IF(G24-F24<=Settings!$B$6,"Yes","No")) -> Yes | Q24: =IF(COUNTIF($B$5:B24,B24)=1,1,0) -> 0 | R24: =IF(H24="",0,IF(COUNTIFS($B$5:B24,B24,$H$5:H24,"<>")=1,1,0)) -> 0
A25: REF-0021 | B25: U005 | C25: R015 | D25: In-App Invite | E25: 46266.365 | F25: 46267.404 | G25: 46269.404 | I25: Activated | J25: =IF(H25<>"","Converted",IF(G25<>"","Activated",IF(F25<>"","Registered","Created"))) -> Activated | K25: =IF(AND(I25="Expired",J25="Created"),"OK",IF(I25<>J25,"CHECK status",IF(OR(AND(G25<>"",F25=""),AND(H25<>"",G25="")),"CHECK gap",IF(OR(AND(F25<>"",F25<E25),AND(G25<>"",G25<F25),AND(H25<>"",H25<G25)),"CHECK order","OK")))) -> OK | L25: =IF(F25="","",F25-E25) -> 1.0395833 | M25: =IF(G25="","",G25-F25) -> 2 | N25: =IF(H25="","",H25-G25) | O25: =IF(H25="","",H25-E25) | P25: =IF(G25="","",IF(G25-F25<=Settings!$B$6,"Yes","No")) -> Yes | Q25: =IF(COUNTIF($B$5:B25,B25)=1,1,0) -> 0 | R25: =IF(H25="",0,IF(COUNTIFS($B$5:B25,B25,$H$5:H25,"<>")=1,1,0)) -> 0
A26: REF-0022 | B26: U010 | D26: Social Media | E26: 46279.631 | I26: Expired | J26: =IF(H26<>"","Converted",IF(G26<>"","Activated",IF(F26<>"","Registered","Created"))) -> Created | K26: =IF(AND(I26="Expired",J26="Created"),"OK",IF(I26<>J26,"CHECK status",IF(OR(AND(G26<>"",F26=""),AND(H26<>"",G26="")),"CHECK gap",IF(OR(AND(F26<>"",F26<E26),AND(G26<>"",G26<F26),AND(H26<>"",H26<G26)),"CHECK order","OK")))) -> OK | L26: =IF(F26="","",F26-E26) | M26: =IF(G26="","",G26-F26) | N26: =IF(H26="","",H26-G26) | O26: =IF(H26="","",H26-E26) | P26: =IF(G26="","",IF(G26-F26<=Settings!$B$6,"Yes","No")) | Q26: =IF(COUNTIF($B$5:B26,B26)=1,1,0) -> 1 | R26: =IF(H26="",0,IF(COUNTIFS($B$5:B26,B26,$H$5:H26,"<>")=1,1,0)) -> 0
A27: REF-0023 | B27: U004 | D27: Email | E27: 46281.812 | I27: Created | J27: =IF(H27<>"","Converted",IF(G27<>"","Activated",IF(F27<>"","Registered","Created"))) -> Created | K27: =IF(AND(I27="Expired",J27="Created"),"OK",IF(I27<>J27,"CHECK status",IF(OR(AND(G27<>"",F27=""),AND(H27<>"",G27="")),"CHECK gap",IF(OR(AND(F27<>"",F27<E27),AND(G27<>"",G27<F27),AND(H27<>"",H27<G27)),"CHECK order","OK")))) -> OK | L27: =IF(F27="","",F27-E27) | M27: =IF(G27="","",G27-F27) | N27: =IF(H27="","",H27-G27) | O27: =IF(H27="","",H27-E27) | P27: =IF(G27="","",IF(G27-F27<=Settings!$B$6,"Yes","No")) | Q27: =IF(COUNTIF($B$5:B27,B27)=1,1,0) -> 0 | R27: =IF(H27="",0,IF(COUNTIFS($B$5:B27,B27,$H$5:H27,"<>")=1,1,0)) -> 0
A28: REF-0024 | B28: U002 | C28: R016 | D28: Email | E28: 46293.519 | F28: 46293.756 | I28: Registered | J28: =IF(H28<>"","Converted",IF(G28<>"","Activated",IF(F28<>"","Registered","Created"))) -> Registered | K28: =IF(AND(I28="Expired",J28="Created"),"OK",IF(I28<>J28,"CHECK status",IF(OR(AND(G28<>"",F28=""),AND(H28<>"",G28="")),"CHECK gap",IF(OR(AND(F28<>"",F28<E28),AND(G28<>"",G28<F28),AND(H28<>"",H28<G28)),"CHECK order","OK")))) -> OK | L28: =IF(F28="","",F28-E28) -> 0.23680556 | M28: =IF(G28="","",G28-F28) | N28: =IF(H28="","",H28-G28) | O28: =IF(H28="","",H28-E28) | P28: =IF(G28="","",IF(G28-F28<=Settings!$B$6,"Yes","No")) | Q28: =IF(COUNTIF($B$5:B28,B28)=1,1,0) -> 0 | R28: =IF(H28="",0,IF(COUNTIFS($B$5:B28,B28,$H$5:H28,"<>")=1,1,0)) -> 0
A29: REF-0025 | B29: U008 | C29: R017 | D29: In-App Invite | E29: 46287.83 | F29: 46288.895 | G29: 46291.937 | H29: 46295.937 | I29: Converted | J29: =IF(H29<>"","Converted",IF(G29<>"","Activated",IF(F29<>"","Registered","Created"))) -> Converted | K29: =IF(AND(I29="Expired",J29="Created"),"OK",IF(I29<>J29,"CHECK status",IF(OR(AND(G29<>"",F29=""),AND(H29<>"",G29="")),"CHECK gap",IF(OR(AND(F29<>"",F29<E29),AND(G29<>"",G29<F29),AND(H29<>"",H29<G29)),"CHECK order","OK")))) -> OK | L29: =IF(F29="","",F29-E29) -> 1.0652778 | M29: =IF(G29="","",G29-F29) -> 3.0416667 | N29: =IF(H29="","",H29-G29) -> 4 | O29: =IF(H29="","",H29-E29) -> 8.1069444 | P29: =IF(G29="","",IF(G29-F29<=Settings!$B$6,"Yes","No")) -> Yes | Q29: =IF(COUNTIF($B$5:B29,B29)=1,1,0) -> 0 | R29: =IF(H29="",0,IF(COUNTIFS($B$5:B29,B29,$H$5:H29,"<>")=1,1,0)) -> 0
A30: REF-0026 | B30: U004 | C30: R018 | D30: Email | E30: 46301.335 | F30: 46301.376 | I30: Registered | J30: =IF(H30<>"","Converted",IF(G30<>"","Activated",IF(F30<>"","Registered","Created"))) -> Registered | K30: =IF(AND(I30="Expired",J30="Created"),"OK",IF(I30<>J30,"CHECK status",IF(OR(AND(G30<>"",F30=""),AND(H30<>"",G30="")),"CHECK gap",IF(OR(AND(F30<>"",F30<E30),AND(G30<>"",G30<F30),AND(H30<>"",H30<G30)),"CHECK order","OK")))) -> OK | L30: =IF(F30="","",F30-E30) -> 0.040972222 | M30: =IF(G30="","",G30-F30) | N30: =IF(H30="","",H30-G30) | O30: =IF(H30="","",H30-E30) | P30: =IF(G30="","",IF(G30-F30<=Settings!$B$6,"Yes","No")) | Q30: =IF(COUNTIF($B$5:B30,B30)=1,1,0) -> 0 | R30: =IF(H30="",0,IF(COUNTIFS($B$5:B30,B30,$H$5:H30,"<>")=1,1,0)) -> 0
A31: REF-0027 | B31: U001 | D31: Email | E31: 46297.592 | I31: Created | J31: =IF(H31<>"","Converted",IF(G31<>"","Activated",IF(F31<>"","Registered","Created"))) -> Created | K31: =IF(AND(I31="Expired",J31="Created"),"OK",IF(I31<>J31,"CHECK status",IF(OR(AND(G31<>"",F31=""),AND(H31<>"",G31="")),"CHECK gap",IF(OR(AND(F31<>"",F31<E31),AND(G31<>"",G31<F31),AND(H31<>"",H31<G31)),"CHECK order","OK")))) -> OK | L31: =IF(F31="","",F31-E31) | M31: =IF(G31="","",G31-F31) | N31: =IF(H31="","",H31-G31) | O31: =IF(H31="","",H31-E31) | P31: =IF(G31="","",IF(G31-F31<=Settings!$B$6,"Yes","No")) | Q31: =IF(COUNTIF($B$5:B31,B31)=1,1,0) -> 0 | R31: =IF(H31="",0,IF(COUNTIFS($B$5:B31,B31,$H$5:H31,"<>")=1,1,0)) -> 0
A32: REF-0028 | B32: U008 | D32: WhatsApp | E32: 46266.553 | I32: Expired | J32: =IF(H32<>"","Converted",IF(G32<>"","Activated",IF(F32<>"","Registered","Created"))) -> Created | K32: =IF(AND(I32="Expired",J32="Created"),"OK",IF(I32<>J32,"CHECK status",IF(OR(AND(G32<>"",F32=""),AND(H32<>"",G32="")),"CHECK gap",IF(OR(AND(F32<>"",F32<E32),AND(G32<>"",G32<F32),AND(H32<>"",H32<G32)),"CHECK order","OK")))) -> OK | L32: =IF(F32="","",F32-E32) | M32: =IF(G32="","",G32-F32) | N32: =IF(H32="","",H32-G32) | O32: =IF(H32="","",H32-E32) | P32: =IF(G32="","",IF(G32-F32<=Settings!$B$6,"Yes","No")) | Q32: =IF(COUNTIF($B$5:B32,B32)=1,1,0) -> 0 | R32: =IF(H32="",0,IF(COUNTIFS($B$5:B32,B32,$H$5:H32,"<>")=1,1,0)) -> 0
A33: REF-0029 | B33: U010 | C33: R019 | D33: In-App Invite | E33: 46301.74 | F33: 46302.832 | I33: Registered | J33: =IF(H33<>"","Converted",IF(G33<>"","Activated",IF(F33<>"","Registered","Created"))) -> Registered | K33: =IF(AND(I33="Expired",J33="Created"),"OK",IF(I33<>J33,"CHECK status",IF(OR(AND(G33<>"",F33=""),AND(H33<>"",G33="")),"CHECK gap",IF(OR(AND(F33<>"",F33<E33),AND(G33<>"",G33<F33),AND(H33<>"",H33<G33)),"CHECK order","OK")))) -> OK | L33: =IF(F33="","",F33-E33) -> 1.0923611 | M33: =IF(G33="","",G33-F33) | N33: =IF(H33="","",H33-G33) | O33: =IF(H33="","",H33-E33) | P33: =IF(G33="","",IF(G33-F33<=Settings!$B$6,"Yes","No")) | Q33: =IF(COUNTIF($B$5:B33,B33)=1,1,0) -> 0 | R33: =IF(H33="",0,IF(COUNTIFS($B$5:B33,B33,$H$5:H33,"<>")=1,1,0)) -> 0
A34: REF-0030 | B34: U003 | C34: R020 | D34: Email | E34: 46269.764 | F34: 46276.971 | I34: Registered | J34: =IF(H34<>"","Converted",IF(G34<>"","Activated",IF(F34<>"","Registered","Created"))) -> Registered | K34: =IF(AND(I34="Expired",J34="Created"),"OK",IF(I34<>J34,"CHECK status",IF(OR(AND(G34<>"",F34=""),AND(H34<>"",G34="")),"CHECK gap",IF(OR(AND(F34<>"",F34<E34),AND(G34<>"",G34<F34),AND(H34<>"",H34<G34)),"CHECK order","OK")))) -> OK | L34: =IF(F34="","",F34-E34) -> 7.2069444 | M34: =IF(G34="","",G34-F34) | N34: =IF(H34="","",H34-G34) | O34: =IF(H34="","",H34-E34) | P34: =IF(G34="","",IF(G34-F34<=Settings!$B$6,"Yes","No")) | Q34: =IF(COUNTIF($B$5:B34,B34)=1,1,0) -> 0 | R34: =IF(H34="",0,IF(COUNTIFS($B$5:B34,B34,$H$5:H34,"<>")=1,1,0)) -> 0
A35: REF-0031 | B35: U010 | C35: R021 | D35: Email | E35: 46298.371 | F35: 46298.617 | G35: 46298.784 | H35: 46308.784 | I35: Converted | J35: =IF(H35<>"","Converted",IF(G35<>"","Activated",IF(F35<>"","Registered","Created"))) -> Converted | K35: =IF(AND(I35="Expired",J35="Created"),"OK",IF(I35<>J35,"CHECK status",IF(OR(AND(G35<>"",F35=""),AND(H35<>"",G35="")),"CHECK gap",IF(OR(AND(F35<>"",F35<E35),AND(G35<>"",G35<F35),AND(H35<>"",H35<G35)),"CHECK order","OK")))) -> OK | L35: =IF(F35="","",F35-E35) -> 0.24652778 | M35: =IF(G35="","",G35-F35) -> 0.16666667 | N35: =IF(H35="","",H35-G35) -> 10 | O35: =IF(H35="","",H35-E35) -> 10.413194 | P35: =IF(G35="","",IF(G35-F35<=Settings!$B$6,"Yes","No")) -> Yes | Q35: =IF(COUNTIF($B$5:B35,B35)=1,1,0) -> 0 | R35: =IF(H35="",0,IF(COUNTIFS($B$5:B35,B35,$H$5:H35,"<>")=1,1,0)) -> 1
A36: REF-0032 | B36: U004 | C36: R022 | D36: WhatsApp | E36: 46303.69 | F36: 46305.76 | I36: Registered | J36: =IF(H36<>"","Converted",IF(G36<>"","Activated",IF(F36<>"","Registered","Created"))) -> Registered | K36: =IF(AND(I36="Expired",J36="Created"),"OK",IF(I36<>J36,"CHECK status",IF(OR(AND(G36<>"",F36=""),AND(H36<>"",G36="")),"CHECK gap",IF(OR(AND(F36<>"",F36<E36),AND(G36<>"",G36<F36),AND(H36<>"",H36<G36)),"CHECK order","OK")))) -> OK | L36: =IF(F36="","",F36-E36) -> 2.0708333 | M36: =IF(G36="","",G36-F36) | N36: =IF(H36="","",H36-G36) | O36: =IF(H36="","",H36-E36) | P36: =IF(G36="","",IF(G36-F36<=Settings!$B$6,"Yes","No")) | Q36: =IF(COUNTIF($B$5:B36,B36)=1,1,0) -> 0 | R36: =IF(H36="",0,IF(COUNTIFS($B$5:B36,B36,$H$5:H36,"<>")=1,1,0)) -> 0
A37: REF-0033 | B37: U005 | C37: R023 | D37: Email | E37: 46274.737 | F37: 46277.737 | G37: 46281.737 | H37: 46285.903 | I37: Converted | J37: =IF(H37<>"","Converted",IF(G37<>"","Activated",IF(F37<>"","Registered","Created"))) -> Converted | K37: =IF(AND(I37="Expired",J37="Created"),"OK",IF(I37<>J37,"CHECK status",IF(OR(AND(G37<>"",F37=""),AND(H37<>"",G37="")),"CHECK gap",IF(OR(AND(F37<>"",F37<E37),AND(G37<>"",G37<F37),AND(H37<>"",H37<G37)),"CHECK order","OK")))) -> OK | L37: =IF(F37="","",F37-E37) -> 3 | M37: =IF(G37="","",G37-F37) -> 4 | N37: =IF(H37="","",H37-G37) -> 4.1666667 | O37: =IF(H37="","",H37-E37) -> 11.166667 | P37: =IF(G37="","",IF(G37-F37<=Settings!$B$6,"Yes","No")) -> Yes | Q37: =IF(COUNTIF($B$5:B37,B37)=1,1,0) -> 0 | R37: =IF(H37="",0,IF(COUNTIFS($B$5:B37,B37,$H$5:H37,"<>")=1,1,0)) -> 1
A38: REF-0034 | B38: U006 | D38: WhatsApp | E38: 46288.878 | I38: Created | J38: =IF(H38<>"","Converted",IF(G38<>"","Activated",IF(F38<>"","Registered","Created"))) -> Created | K38: =IF(AND(I38="Expired",J38="Created"),"OK",IF(I38<>J38,"CHECK status",IF(OR(AND(G38<>"",F38=""),AND(H38<>"",G38="")),"CHECK gap",IF(OR(AND(F38<>"",F38<E38),AND(G38<>"",G38<F38),AND(H38<>"",H38<G38)),"CHECK order","OK")))) -> OK | L38: =IF(F38="","",F38-E38) | M38: =IF(G38="","",G38-F38) | N38: =IF(H38="","",H38-G38) | O38: =IF(H38="","",H38-E38) | P38: =IF(G38="","",IF(G38-F38<=Settings!$B$6,"Yes","No")) | Q38: =IF(COUNTIF($B$5:B38,B38)=1,1,0) -> 0 | R38: =IF(H38="",0,IF(COUNTIFS($B$5:B38,B38,$H$5:H38,"<>")=1,1,0)) -> 0
A39: REF-0035 | B39: U003 | C39: R024 | D39: WhatsApp | E39: 46294.857 | F39: 46295.101 | G39: 46300.101 | I39: Activated | J39: =IF(H39<>"","Converted",IF(G39<>"","Activated",IF(F39<>"","Registered","Created"))) -> Activated | K39: =IF(AND(I39="Expired",J39="Created"),"OK",IF(I39<>J39,"CHECK status",IF(OR(AND(G39<>"",F39=""),AND(H39<>"",G39="")),"CHECK gap",IF(OR(AND(F39<>"",F39<E39),AND(G39<>"",G39<F39),AND(H39<>"",H39<G39)),"CHECK order","OK")))) -> OK | L39: =IF(F39="","",F39-E39) -> 0.24444444 | M39: =IF(G39="","",G39-F39) -> 5 | N39: =IF(H39="","",H39-G39) | O39: =IF(H39="","",H39-E39) | P39: =IF(G39="","",IF(G39-F39<=Settings!$B$6,"Yes","No")) -> Yes | Q39: =IF(COUNTIF($B$5:B39,B39)=1,1,0) -> 0 | R39: =IF(H39="",0,IF(COUNTIFS($B$5:B39,B39,$H$5:H39,"<>")=1,1,0)) -> 0
A40: REF-0036 | B40: U004 | C40: R025 | D40: In-App Invite | E40: 46272.774 | F40: 46274.95 | I40: Registered | J40: =IF(H40<>"","Converted",IF(G40<>"","Activated",IF(F40<>"","Registered","Created"))) -> Registered | K40: =IF(AND(I40="Expired",J40="Created"),"OK",IF(I40<>J40,"CHECK status",IF(OR(AND(G40<>"",F40=""),AND(H40<>"",G40="")),"CHECK gap",IF(OR(AND(F40<>"",F40<E40),AND(G40<>"",G40<F40),AND(H40<>"",H40<G40)),"CHECK order","OK")))) -> OK | L40: =IF(F40="","",F40-E40) -> 2.1756944 | M40: =IF(G40="","",G40-F40) | N40: =IF(H40="","",H40-G40) | O40: =IF(H40="","",H40-E40) | P40: =IF(G40="","",IF(G40-F40<=Settings!$B$6,"Yes","No")) | Q40: =IF(COUNTIF($B$5:B40,B40)=1,1,0) -> 0 | R40: =IF(H40="",0,IF(COUNTIFS($B$5:B40,B40,$H$5:H40,"<>")=1,1,0)) -> 0
A41: REF-0037 | B41: U005 | C41: R026 | D41: Email | E41: 46282.647 | F41: 46282.674 | G41: 46284.674 | H41: 46287.883 | I41: Converted | J41: =IF(H41<>"","Converted",IF(G41<>"","Activated",IF(F41<>"","Registered","Created"))) -> Converted | K41: =IF(AND(I41="Expired",J41="Created"),"OK",IF(I41<>J41,"CHECK status",IF(OR(AND(G41<>"",F41=""),AND(H41<>"",G41="")),"CHECK gap",IF(OR(AND(F41<>"",F41<E41),AND(G41<>"",G41<F41),AND(H41<>"",H41<G41)),"CHECK order","OK")))) -> OK | L41: =IF(F41="","",F41-E41) -> 0.027777778 | M41: =IF(G41="","",G41-F41) -> 2 | N41: =IF(H41="","",H41-G41) -> 3.2083333 | O41: =IF(H41="","",H41-E41) -> 5.2361111 | P41: =IF(G41="","",IF(G41-F41<=Settings!$B$6,"Yes","No")) -> Yes | Q41: =IF(COUNTIF($B$5:B41,B41)=1,1,0) -> 0 | R41: =IF(H41="",0,IF(COUNTIFS($B$5:B41,B41,$H$5:H41,"<>")=1,1,0)) -> 0
A42: REF-0038 | B42: U012 | C42: R027 | D42: Referral Link | E42: 46294.656 | F42: 46294.659 | I42: Registered | J42: =IF(H42<>"","Converted",IF(G42<>"","Activated",IF(F42<>"","Registered","Created"))) -> Registered | K42: =IF(AND(I42="Expired",J42="Created"),"OK",IF(I42<>J42,"CHECK status",IF(OR(AND(G42<>"",F42=""),AND(H42<>"",G42="")),"CHECK gap",IF(OR(AND(F42<>"",F42<E42),AND(G42<>"",G42<F42),AND(H42<>"",H42<G42)),"CHECK order","OK")))) -> OK | L42: =IF(F42="","",F42-E42) -> 0.0027777778 | M42: =IF(G42="","",G42-F42) | N42: =IF(H42="","",H42-G42) | O42: =IF(H42="","",H42-E42) | P42: =IF(G42="","",IF(G42-F42<=Settings!$B$6,"Yes","No")) | Q42: =IF(COUNTIF($B$5:B42,B42)=1,1,0) -> 0 | R42: =IF(H42="",0,IF(COUNTIFS($B$5:B42,B42,$H$5:H42,"<>")=1,1,0)) -> 0
A43: REF-0039 | B43: U001 | C43: R028 | D43: Referral Link | E43: 46300.328 | F43: 46301.459 | G43: 46303.709 | I43: Activated | J43: =IF(H43<>"","Converted",IF(G43<>"","Activated",IF(F43<>"","Registered","Created"))) -> Activated | K43: =IF(AND(I43="Expired",J43="Created"),"OK",IF(I43<>J43,"CHECK status",IF(OR(AND(G43<>"",F43=""),AND(H43<>"",G43="")),"CHECK gap",IF(OR(AND(F43<>"",F43<E43),AND(G43<>"",G43<F43),AND(H43<>"",H43<G43)),"CHECK order","OK")))) -> OK | L43: =IF(F43="","",F43-E43) -> 1.1305556 | M43: =IF(G43="","",G43-F43) -> 2.25 | N43: =IF(H43="","",H43-G43) | O43: =IF(H43="","",H43-E43) | P43: =IF(G43="","",IF(G43-F43<=Settings!$B$6,"Yes","No")) -> Yes | Q43: =IF(COUNTIF($B$5:B43,B43)=1,1,0) -> 0 | R43: =IF(H43="",0,IF(COUNTIFS($B$5:B43,B43,$H$5:H43,"<>")=1,1,0)) -> 0
A44: REF-0040 | B44: U010 | C44: R029 | D44: In-App Invite | E44: 46279.719 | F44: 46282.924 | I44: Registered | J44: =IF(H44<>"","Converted",IF(G44<>"","Activated",IF(F44<>"","Registered","Created"))) -> Registered | K44: =IF(AND(I44="Expired",J44="Created"),"OK",IF(I44<>J44,"CHECK status",IF(OR(AND(G44<>"",F44=""),AND(H44<>"",G44="")),"CHECK gap",IF(OR(AND(F44<>"",F44<E44),AND(G44<>"",G44<F44),AND(H44<>"",H44<G44)),"CHECK order","OK")))) -> OK | L44: =IF(F44="","",F44-E44) -> 3.2055556 | M44: =IF(G44="","",G44-F44) | N44: =IF(H44="","",H44-G44) | O44: =IF(H44="","",H44-E44) | P44: =IF(G44="","",IF(G44-F44<=Settings!$B$6,"Yes","No")) | Q44: =IF(COUNTIF($B$5:B44,B44)=1,1,0) -> 0 | R44: =IF(H44="",0,IF(COUNTIFS($B$5:B44,B44,$H$5:H44,"<>")=1,1,0)) -> 0
A45: REF-0041 | B45: U003 | D45: Referral Link | E45: 46281.84 | I45: Created | J45: =IF(H45<>"","Converted",IF(G45<>"","Activated",IF(F45<>"","Registered","Created"))) -> Created | K45: =IF(AND(I45="Expired",J45="Created"),"OK",IF(I45<>J45,"CHECK status",IF(OR(AND(G45<>"",F45=""),AND(H45<>"",G45="")),"CHECK gap",IF(OR(AND(F45<>"",F45<E45),AND(G45<>"",G45<F45),AND(H45<>"",H45<G45)),"CHECK order","OK")))) -> OK | L45: =IF(F45="","",F45-E45) | M45: =IF(G45="","",G45-F45) | N45: =IF(H45="","",H45-G45) | O45: =IF(H45="","",H45-E45) | P45: =IF(G45="","",IF(G45-F45<=Settings!$B$6,"Yes","No")) | Q45: =IF(COUNTIF($B$5:B45,B45)=1,1,0) -> 0 | R45: =IF(H45="",0,IF(COUNTIFS($B$5:B45,B45,$H$5:H45,"<>")=1,1,0)) -> 0
A46: REF-0042 | B46: U007 | D46: In-App Invite | E46: 46267.408 | I46: Expired | J46: =IF(H46<>"","Converted",IF(G46<>"","Activated",IF(F46<>"","Registered","Created"))) -> Created | K46: =IF(AND(I46="Expired",J46="Created"),"OK",IF(I46<>J46,"CHECK status",IF(OR(AND(G46<>"",F46=""),AND(H46<>"",G46="")),"CHECK gap",IF(OR(AND(F46<>"",F46<E46),AND(G46<>"",G46<F46),AND(H46<>"",H46<G46)),"CHECK order","OK")))) -> OK | L46: =IF(F46="","",F46-E46) | M46: =IF(G46="","",G46-F46) | N46: =IF(H46="","",H46-G46) | O46: =IF(H46="","",H46-E46) | P46: =IF(G46="","",IF(G46-F46<=Settings!$B$6,"Yes","No")) | Q46: =IF(COUNTIF($B$5:B46,B46)=1,1,0) -> 0 | R46: =IF(H46="",0,IF(COUNTIFS($B$5:B46,B46,$H$5:H46,"<>")=1,1,0)) -> 0
A47: REF-0043 | B47: U002 | D47: WhatsApp | E47: 46281.465 | I47: Created | J47: =IF(H47<>"","Converted",IF(G47<>"","Activated",IF(F47<>"","Registered","Created"))) -> Created | K47: =IF(AND(I47="Expired",J47="Created"),"OK",IF(I47<>J47,"CHECK status",IF(OR(AND(G47<>"",F47=""),AND(H47<>"",G47="")),"CHECK gap",IF(OR(AND(F47<>"",F47<E47),AND(G47<>"",G47<F47),AND(H47<>"",H47<G47)),"CHECK order","OK")))) -> OK | L47: =IF(F47="","",F47-E47) | M47: =IF(G47="","",G47-F47) | N47: =IF(H47="","",H47-G47) | O47: =IF(H47="","",H47-E47) | P47: =IF(G47="","",IF(G47-F47<=Settings!$B$6,"Yes","No")) | Q47: =IF(COUNTIF($B$5:B47,B47)=1,1,0) -> 0 | R47: =IF(H47="",0,IF(COUNTIFS($B$5:B47,B47,$H$5:H47,"<>")=1,1,0)) -> 0
A48: REF-0044 | B48: U004 | C48: R030 | D48: WhatsApp | E48: 46268.854 | F48: 46275.951 | I48: Registered | J48: =IF(H48<>"","Converted",IF(G48<>"","Activated",IF(F48<>"","Registered","Created"))) -> Registered | K48: =IF(AND(I48="Expired",J48="Created"),"OK",IF(I48<>J48,"CHECK status",IF(OR(AND(G48<>"",F48=""),AND(H48<>"",G48="")),"CHECK gap",IF(OR(AND(F48<>"",F48<E48),AND(G48<>"",G48<F48),AND(H48<>"",H48<G48)),"CHECK order","OK")))) -> OK | L48: =IF(F48="","",F48-E48) -> 7.0965278 | M48: =IF(G48="","",G48-F48) | N48: =IF(H48="","",H48-G48) | O48: =IF(H48="","",H48-E48) | P48: =IF(G48="","",IF(G48-F48<=Settings!$B$6,"Yes","No")) | Q48: =IF(COUNTIF($B$5:B48,B48)=1,1,0) -> 0 | R48: =IF(H48="",0,IF(COUNTIFS($B$5:B48,B48,$H$5:H48,"<>")=1,1,0)) -> 0
A49: REF-0045 | B49: U007 | C49: R031 | D49: In-App Invite | E49: 46278.556 | F49: 46278.655 | I49: Registered | J49: =IF(H49<>"","Converted",IF(G49<>"","Activated",IF(F49<>"","Registered","Created"))) -> Registered | K49: =IF(AND(I49="Expired",J49="Created"),"OK",IF(I49<>J49,"CHECK status",IF(OR(AND(G49<>"",F49=""),AND(H49<>"",G49="")),"CHECK gap",IF(OR(AND(F49<>"",F49<E49),AND(G49<>"",G49<F49),AND(H49<>"",H49<G49)),"CHECK order","OK")))) -> OK | L49: =IF(F49="","",F49-E49) -> 0.098611111 | M49: =IF(G49="","",G49-F49) | N49: =IF(H49="","",H49-G49) | O49: =IF(H49="","",H49-E49) | P49: =IF(G49="","",IF(G49-F49<=Settings!$B$6,"Yes","No")) | Q49: =IF(COUNTIF($B$5:B49,B49)=1,1,0) -> 0 | R49: =IF(H49="",0,IF(COUNTIFS($B$5:B49,B49,$H$5:H49,"<>")=1,1,0)) -> 0
A50: REF-0046 | B50: U005 | C50: R032 | D50: Email | E50: 46300.501 | F50: 46302.568 | I50: Registered | J50: =IF(H50<>"","Converted",IF(G50<>"","Activated",IF(F50<>"","Registered","Created"))) -> Registered | K50: =IF(AND(I50="Expired",J50="Created"),"OK",IF(I50<>J50,"CHECK status",IF(OR(AND(G50<>"",F50=""),AND(H50<>"",G50="")),"CHECK gap",IF(OR(AND(F50<>"",F50<E50),AND(G50<>"",G50<F50),AND(H50<>"",H50<G50)),"CHECK order","OK")))) -> OK | L50: =IF(F50="","",F50-E50) -> 2.0673611 | M50: =IF(G50="","",G50-F50) | N50: =IF(H50="","",H50-G50) | O50: =IF(H50="","",H50-E50) | P50: =IF(G50="","",IF(G50-F50<=Settings!$B$6,"Yes","No")) | Q50: =IF(COUNTIF($B$5:B50,B50)=1,1,0) -> 0 | R50: =IF(H50="",0,IF(COUNTIFS($B$5:B50,B50,$H$5:H50,"<>")=1,1,0)) -> 0
A51: REF-0047 | B51: U006 | D51: WhatsApp | E51: 46304.557 | I51: Created | J51: =IF(H51<>"","Converted",IF(G51<>"","Activated",IF(F51<>"","Registered","Created"))) -> Created | K51: =IF(AND(I51="Expired",J51="Created"),"OK",IF(I51<>J51,"CHECK status",IF(OR(AND(G51<>"",F51=""),AND(H51<>"",G51="")),"CHECK gap",IF(OR(AND(F51<>"",F51<E51),AND(G51<>"",G51<F51),AND(H51<>"",H51<G51)),"CHECK order","OK")))) -> OK | L51: =IF(F51="","",F51-E51) | M51: =IF(G51="","",G51-F51) | N51: =IF(H51="","",H51-G51) | O51: =IF(H51="","",H51-E51) | P51: =IF(G51="","",IF(G51-F51<=Settings!$B$6,"Yes","No")) | Q51: =IF(COUNTIF($B$5:B51,B51)=1,1,0) -> 0 | R51: =IF(H51="",0,IF(COUNTIFS($B$5:B51,B51,$H$5:H51,"<>")=1,1,0)) -> 0
A52: REF-0048 | B52: U004 | D52: WhatsApp | E52: 46298.35 | I52: Created | J52: =IF(H52<>"","Converted",IF(G52<>"","Activated",IF(F52<>"","Registered","Created"))) -> Created | K52: =IF(AND(I52="Expired",J52="Created"),"OK",IF(I52<>J52,"CHECK status",IF(OR(AND(G52<>"",F52=""),AND(H52<>"",G52="")),"CHECK gap",IF(OR(AND(F52<>"",F52<E52),AND(G52<>"",G52<F52),AND(H52<>"",H52<G52)),"CHECK order","OK")))) -> OK | L52: =IF(F52="","",F52-E52) | M52: =IF(G52="","",G52-F52) | N52: =IF(H52="","",H52-G52) | O52: =IF(H52="","",H52-E52) | P52: =IF(G52="","",IF(G52-F52<=Settings!$B$6,"Yes","No")) | Q52: =IF(COUNTIF($B$5:B52,B52)=1,1,0) -> 0 | R52: =IF(H52="",0,IF(COUNTIFS($B$5:B52,B52,$H$5:H52,"<>")=1,1,0)) -> 0
A53: REF-0049 | B53: U009 | D53: In-App Invite | E53: 46293.315 | I53: Created | J53: =IF(H53<>"","Converted",IF(G53<>"","Activated",IF(F53<>"","Registered","Created"))) -> Created | K53: =IF(AND(I53="Expired",J53="Created"),"OK",IF(I53<>J53,"CHECK status",IF(OR(AND(G53<>"",F53=""),AND(H53<>"",G53="")),"CHECK gap",IF(OR(AND(F53<>"",F53<E53),AND(G53<>"",G53<F53),AND(H53<>"",H53<G53)),"CHECK order","OK")))) -> OK | L53: =IF(F53="","",F53-E53) | M53: =IF(G53="","",G53-F53) | N53: =IF(H53="","",H53-G53) | O53: =IF(H53="","",H53-E53) | P53: =IF(G53="","",IF(G53-F53<=Settings!$B$6,"Yes","No")) | Q53: =IF(COUNTIF($B$5:B53,B53)=1,1,0) -> 0 | R53: =IF(H53="",0,IF(COUNTIFS($B$5:B53,B53,$H$5:H53,"<>")=1,1,0)) -> 0
A54: REF-0050 | B54: U002 | C54: R033 | D54: In-App Invite | E54: 46278.519 | F54: 46281.699 | I54: Registered | J54: =IF(H54<>"","Converted",IF(G54<>"","Activated",IF(F54<>"","Registered","Created"))) -> Registered | K54: =IF(AND(I54="Expired",J54="Created"),"OK",IF(I54<>J54,"CHECK status",IF(OR(AND(G54<>"",F54=""),AND(H54<>"",G54="")),"CHECK gap",IF(OR(AND(F54<>"",F54<E54),AND(G54<>"",G54<F54),AND(H54<>"",H54<G54)),"CHECK order","OK")))) -> OK | L54: =IF(F54="","",F54-E54) -> 3.1805556 | M54: =IF(G54="","",G54-F54) | N54: =IF(H54="","",H54-G54) | O54: =IF(H54="","",H54-E54) | P54: =IF(G54="","",IF(G54-F54<=Settings!$B$6,"Yes","No")) | Q54: =IF(COUNTIF($B$5:B54,B54)=1,1,0) -> 0 | R54: =IF(H54="",0,IF(COUNTIFS($B$5:B54,B54,$H$5:H54,"<>")=1,1,0)) -> 0
A55: REF-0051 | B55: U012 | C55: R034 | D55: Referral Link | E55: 46285.638 | F55: 46288.794 | G55: 46289.835 | H55: 46297.044 | I55: Converted | J55: =IF(H55<>"","Converted",IF(G55<>"","Activated",IF(F55<>"","Registered","Created"))) -> Converted | K55: =IF(AND(I55="Expired",J55="Created"),"OK",IF(I55<>J55,"CHECK status",IF(OR(AND(G55<>"",F55=""),AND(H55<>"",G55="")),"CHECK gap",IF(OR(AND(F55<>"",F55<E55),AND(G55<>"",G55<F55),AND(H55<>"",H55<G55)),"CHECK order","OK")))) -> OK | L55: =IF(F55="","",F55-E55) -> 3.1555556 | M55: =IF(G55="","",G55-F55) -> 1.0416667 | N55: =IF(H55="","",H55-G55) -> 7.2083333 | O55: =IF(H55="","",H55-E55) -> 11.405556 | P55: =IF(G55="","",IF(G55-F55<=Settings!$B$6,"Yes","No")) -> Yes | Q55: =IF(COUNTIF($B$5:B55,B55)=1,1,0) -> 0 | R55: =IF(H55="",0,IF(COUNTIFS($B$5:B55,B55,$H$5:H55,"<>")=1,1,0)) -> 0
A56: REF-0052 | B56: U006 | C56: R035 | D56: Social Media | E56: 46302.476 | F56: 46302.572 | G56: 46308.738 | I56: Activated | J56: =IF(H56<>"","Converted",IF(G56<>"","Activated",IF(F56<>"","Registered","Created"))) -> Activated | K56: =IF(AND(I56="Expired",J56="Created"),"OK",IF(I56<>J56,"CHECK status",IF(OR(AND(G56<>"",F56=""),AND(H56<>"",G56="")),"CHECK gap",IF(OR(AND(F56<>"",F56<E56),AND(G56<>"",G56<F56),AND(H56<>"",H56<G56)),"CHECK order","OK")))) -> OK | L56: =IF(F56="","",F56-E56) -> 0.095833333 | M56: =IF(G56="","",G56-F56) -> 6.1666667 | N56: =IF(H56="","",H56-G56) | O56: =IF(H56="","",H56-E56) | P56: =IF(G56="","",IF(G56-F56<=Settings!$B$6,"Yes","No")) -> Yes | Q56: =IF(COUNTIF($B$5:B56,B56)=1,1,0) -> 0 | R56: =IF(H56="",0,IF(COUNTIFS($B$5:B56,B56,$H$5:H56,"<>")=1,1,0)) -> 0
A57: REF-0053 | B57: U002 | C57: R036 | D57: In-App Invite | E57: 46294.717 | F57: 46295.929 | G57: 46301.137 | I57: Activated | J57: =IF(H57<>"","Converted",IF(G57<>"","Activated",IF(F57<>"","Registered","Created"))) -> Activated | K57: =IF(AND(I57="Expired",J57="Created"),"OK",IF(I57<>J57,"CHECK status",IF(OR(AND(G57<>"",F57=""),AND(H57<>"",G57="")),"CHECK gap",IF(OR(AND(F57<>"",F57<E57),AND(G57<>"",G57<F57),AND(H57<>"",H57<G57)),"CHECK order","OK")))) -> OK | L57: =IF(F57="","",F57-E57) -> 1.2118056 | M57: =IF(G57="","",G57-F57) -> 5.2083333 | N57: =IF(H57="","",H57-G57) | O57: =IF(H57="","",H57-E57) | P57: =IF(G57="","",IF(G57-F57<=Settings!$B$6,"Yes","No")) -> Yes | Q57: =IF(COUNTIF($B$5:B57,B57)=1,1,0) -> 0 | R57: =IF(H57="",0,IF(COUNTIFS($B$5:B57,B57,$H$5:H57,"<>")=1,1,0)) -> 0
A58: REF-0054 | B58: U002 | C58: R037 | D58: Social Media | E58: 46281.722 | F58: 46282.764 | G58: 46285.931 | I58: Activated | J58: =IF(H58<>"","Converted",IF(G58<>"","Activated",IF(F58<>"","Registered","Created"))) -> Activated | K58: =IF(AND(I58="Expired",J58="Created"),"OK",IF(I58<>J58,"CHECK status",IF(OR(AND(G58<>"",F58=""),AND(H58<>"",G58="")),"CHECK gap",IF(OR(AND(F58<>"",F58<E58),AND(G58<>"",G58<F58),AND(H58<>"",H58<G58)),"CHECK order","OK")))) -> OK | L58: =IF(F58="","",F58-E58) -> 1.0423611 | M58: =IF(G58="","",G58-F58) -> 3.1666667 | N58: =IF(H58="","",H58-G58) | O58: =IF(H58="","",H58-E58) | P58: =IF(G58="","",IF(G58-F58<=Settings!$B$6,"Yes","No")) -> Yes | Q58: =IF(COUNTIF($B$5:B58,B58)=1,1,0) -> 0 | R58: =IF(H58="",0,IF(COUNTIFS($B$5:B58,B58,$H$5:H58,"<>")=1,1,0)) -> 0
A59: REF-0055 | B59: U002 | C59: R038 | D59: In-App Invite | E59: 46302.448 | F59: 46309.583 | I59: Registered | J59: =IF(H59<>"","Converted",IF(G59<>"","Activated",IF(F59<>"","Registered","Created"))) -> Registered | K59: =IF(AND(I59="Expired",J59="Created"),"OK",IF(I59<>J59,"CHECK status",IF(OR(AND(G59<>"",F59=""),AND(H59<>"",G59="")),"CHECK gap",IF(OR(AND(F59<>"",F59<E59),AND(G59<>"",G59<F59),AND(H59<>"",H59<G59)),"CHECK order","OK")))) -> OK | L59: =IF(F59="","",F59-E59) -> 7.1354167 | M59: =IF(G59="","",G59-F59) | N59: =IF(H59="","",H59-G59) | O59: =IF(H59="","",H59-E59) | P59: =IF(G59="","",IF(G59-F59<=Settings!$B$6,"Yes","No")) | Q59: =IF(COUNTIF($B$5:B59,B59)=1,1,0) -> 0 | R59: =IF(H59="",0,IF(COUNTIFS($B$5:B59,B59,$H$5:H59,"<>")=1,1,0)) -> 0
A60: REF-0056 | B60: U009 | D60: Social Media | E60: 46280.41 | I60: Expired | J60: =IF(H60<>"","Converted",IF(G60<>"","Activated",IF(F60<>"","Registered","Created"))) -> Created | K60: =IF(AND(I60="Expired",J60="Created"),"OK",IF(I60<>J60,"CHECK status",IF(OR(AND(G60<>"",F60=""),AND(H60<>"",G60="")),"CHECK gap",IF(OR(AND(F60<>"",F60<E60),AND(G60<>"",G60<F60),AND(H60<>"",H60<G60)),"CHECK order","OK")))) -> OK | L60: =IF(F60="","",F60-E60) | M60: =IF(G60="","",G60-F60) | N60: =IF(H60="","",H60-G60) | O60: =IF(H60="","",H60-E60) | P60: =IF(G60="","",IF(G60-F60<=Settings!$B$6,"Yes","No")) | Q60: =IF(COUNTIF($B$5:B60,B60)=1,1,0) -> 0 | R60: =IF(H60="",0,IF(COUNTIFS($B$5:B60,B60,$H$5:H60,"<>")=1,1,0)) -> 0
A61: REF-0057 | B61: U008 | D61: Email | E61: 46301.457 | I61: Created | J61: =IF(H61<>"","Converted",IF(G61<>"","Activated",IF(F61<>"","Registered","Created"))) -> Created | K61: =IF(AND(I61="Expired",J61="Created"),"OK",IF(I61<>J61,"CHECK status",IF(OR(AND(G61<>"",F61=""),AND(H61<>"",G61="")),"CHECK gap",IF(OR(AND(F61<>"",F61<E61),AND(G61<>"",G61<F61),AND(H61<>"",H61<G61)),"CHECK order","OK")))) -> OK | L61: =IF(F61="","",F61-E61) | M61: =IF(G61="","",G61-F61) | N61: =IF(H61="","",H61-G61) | O61: =IF(H61="","",H61-E61) | P61: =IF(G61="","",IF(G61-F61<=Settings!$B$6,"Yes","No")) | Q61: =IF(COUNTIF($B$5:B61,B61)=1,1,0) -> 0 | R61: =IF(H61="",0,IF(COUNTIFS($B$5:B61,B61,$H$5:H61,"<>")=1,1,0)) -> 0
A62: REF-0058 | B62: U010 | D62: WhatsApp | E62: 46295.731 | I62: Created | J62: =IF(H62<>"","Converted",IF(G62<>"","Activated",IF(F62<>"","Registered","Created"))) -> Created | K62: =IF(AND(I62="Expired",J62="Created"),"OK",IF(I62<>J62,"CHECK status",IF(OR(AND(G62<>"",F62=""),AND(H62<>"",G62="")),"CHECK gap",IF(OR(AND(F62<>"",F62<E62),AND(G62<>"",G62<F62),AND(H62<>"",H62<G62)),"CHECK order","OK")))) -> OK | L62: =IF(F62="","",F62-E62) | M62: =IF(G62="","",G62-F62) | N62: =IF(H62="","",H62-G62) | O62: =IF(H62="","",H62-E62) | P62: =IF(G62="","",IF(G62-F62<=Settings!$B$6,"Yes","No")) | Q62: =IF(COUNTIF($B$5:B62,B62)=1,1,0) -> 0 | R62: =IF(H62="",0,IF(COUNTIFS($B$5:B62,B62,$H$5:H62,"<>")=1,1,0)) -> 0
A63: REF-0059 | B63: U012 | C63: R039 | D63: Referral Link | E63: 46294.703 | F63: 46299.889 | I63: Registered | J63: =IF(H63<>"","Converted",IF(G63<>"","Activated",IF(F63<>"","Registered","Created"))) -> Registered | K63: =IF(AND(I63="Expired",J63="Created"),"OK",IF(I63<>J63,"CHECK status",IF(OR(AND(G63<>"",F63=""),AND(H63<>"",G63="")),"CHECK gap",IF(OR(AND(F63<>"",F63<E63),AND(G63<>"",G63<F63),AND(H63<>"",H63<G63)),"CHECK order","OK")))) -> OK | L63: =IF(F63="","",F63-E63) -> 5.1861111 | M63: =IF(G63="","",G63-F63) | N63: =IF(H63="","",H63-G63) | O63: =IF(H63="","",H63-E63) | P63: =IF(G63="","",IF(G63-F63<=Settings!$B$6,"Yes","No")) | Q63: =IF(COUNTIF($B$5:B63,B63)=1,1,0) -> 0 | R63: =IF(H63="",0,IF(COUNTIFS($B$5:B63,B63,$H$5:H63,"<>")=1,1,0)) -> 0
A64: REF-0060 | B64: U005 | C64: R040 | D64: WhatsApp | E64: 46294.492 | F64: 46296.68 | I64: Registered | J64: =IF(H64<>"","Converted",IF(G64<>"","Activated",IF(F64<>"","Registered","Created"))) -> Registered | K64: =IF(AND(I64="Expired",J64="Created"),"OK",IF(I64<>J64,"CHECK status",IF(OR(AND(G64<>"",F64=""),AND(H64<>"",G64="")),"CHECK gap",IF(OR(AND(F64<>"",F64<E64),AND(G64<>"",G64<F64),AND(H64<>"",H64<G64)),"CHECK order","OK")))) -> OK | L64: =IF(F64="","",F64-E64) -> 2.1881944 | M64: =IF(G64="","",G64-F64) | N64: =IF(H64="","",H64-G64) | O64: =IF(H64="","",H64-E64) | P64: =IF(G64="","",IF(G64-F64<=Settings!$B$6,"Yes","No")) | Q64: =IF(COUNTIF($B$5:B64,B64)=1,1,0) -> 0 | R64: =IF(H64="",0,IF(COUNTIFS($B$5:B64,B64,$H$5:H64,"<>")=1,1,0)) -> 0

Sheet Engagement_Events
A1: Engagement Events (E2) - one row per user event
A2: Blue = input event log. Grey = helper formulas that make distinct counts possible (copy down for new rows). Event Type: Login / Feature Use / Task Completed.
A4: Event ID | B4: User ID | C4: Event Date | D4: Event Type | E4: Feature | F4: User Group (auto) | G4: First Event of User-Day | H4: Returning User-Day | I4: First Use of Feature by User | J4: Repeat (2nd) Use of Feature by User | K4: First Event of User (ever) | L4: First Event of User in WAU Window | M4: First Event of User in MAU Window | N4: First Feature Use of User (any feature)
A5: EVT-00001 | B5: O002 | C5: 46266 | D5: Login | E5: n/a | F5: =IF(COUNTIF(Referral_Data!$C$5:$C$1000,B5)>0,"Referred",IF(COUNTIF(Referral_Data!$B$5:$B$1000,B5)>0,"Referrer","Organic")) -> Organic | G5: =IF(COUNTIFS($B$5:B5,B5,$C$5:C5,C5)=1,1,0) -> 1 | H5: =IF(AND(G5=1,COUNTIFS($B$5:$B$1635,B5,$C$5:$C$1635,"<"&C5)>0),1,0) -> 0 | I5: =IF(AND(D5="Feature Use",COUNTIFS($B$5:B5,B5,$D$5:D5,"Feature Use",$E$5:E5,E5)=1),1,0) -> 0 | J5: =IF(AND(D5="Feature Use",COUNTIFS($B$5:B5,B5,$D$5:D5,"Feature Use",$E$5:E5,E5)=2),1,0) -> 0 | K5: =IF(COUNTIF($B$5:B5,B5)=1,1,0) -> 1 | L5: =IF(AND(C5>=Settings!$B$5-Settings!$B$8+1,C5<=Settings!$B$5,COUNTIFS($B$5:B5,B5,$C$5:C5,">="&(Settings!$B$5-Settings!$B$8+1),$C$5:C5,"<="&Settings!$B$5)=1),1,0) -> 0 | M5: =IF(AND(C5>=Settings!$B$5-Settings!$B$9+1,C5<=Settings!$B$5,COUNTIFS($B$5:B5,B5,$C$5:C5,">="&(Settings!$B$5-Settings!$B$9+1),$C$5:C5,"<="&Settings!$B$5)=1),1,0) -> 0 | N5: =IF(AND(D5="Feature Use",COUNTIFS($B$5:B5,B5,$D$5:D5,"Feature Use")=1),1,0) -> 0
A6: EVT-00002 | B6: O002 | C6: 46266 | D6: Feature Use | E6: Chat | F6: =IF(COUNTIF(Referral_Data!$C$5:$C$1000,B6)>0,"Referred",IF(COUNTIF(Referral_Data!$B$5:$B$1000,B6)>0,"Referrer","Organic")) -> Organic | G6: =IF(COUNTIFS($B$5:B6,B6,$C$5:C6,C6)=1,1,0) -> 0 | H6: =IF(AND(G6=1,COUNTIFS($B$5:$B$1635,B6,$C$5:$C$1635,"<"&C6)>0),1,0) -> 0 | I6: =IF(AND(D6="Feature Use",COUNTIFS($B$5:B6,B6,$D$5:D6,"Feature Use",$E$5:E6,E6)=1),1,0) -> 1 | J6: =IF(AND(D6="Feature Use",COUNTIFS($B$5:B6,B6,$D$5:D6,"Feature Use",$E$5:E6,E6)=2),1,0) -> 0 | K6: =IF(COUNTIF($B$5:B6,B6)=1,1,0) -> 0 | L6: =IF(AND(C6>=Settings!$B$5-Settings!$B$8+1,C6<=Settings!$B$5,COUNTIFS($B$5:B6,B6,$C$5:C6,">="&(Settings!$B$5-Settings!$B$8+1),$C$5:C6,"<="&Settings!$B$5)=1),1,0) -> 0 | M6: =IF(AND(C6>=Settings!$B$5-Settings!$B$9+1,C6<=Settings!$B$5,COUNTIFS($B$5:B6,B6,$C$5:C6,">="&(Settings!$B$5-Settings!$B$9+1),$C$5:C6,"<="&Settings!$B$5)=1),1,0) -> 0 | N6: =IF(AND(D6="Feature Use",COUNTIFS($B$5:B6,B6,$D$5:D6,"Feature Use")=1),1,0) -> 1
A7: EVT-00003 | B7: O004 | C7: 46266 | D7: Login | E7: n/a | F7: =IF(COUNTIF(Referral_Data!$C$5:$C$1000,B7)>0,"Referred",IF(COUNTIF(Referral_Data!$B$5:$B$1000,B7)>0,"Referrer","Organic")) -> Organic | G7: =IF(COUNTIFS($B$5:B7,B7,$C$5:C7,C7)=1,1,0) -> 1 | H7: =IF(AND(G7=1,COUNTIFS($B$5:$B$1635,B7,$C$5:$C$1635,"<"&C7)>0),1,0) -> 0 | I7: =IF(AND(D7="Feature Use",COUNTIFS($B$5:B7,B7,$D$5:D7,"Feature Use",$E$5:E7,E7)=1),1,0) -> 0 | J7: =IF(AND(D7="Feature Use",COUNTIFS($B$5:B7,B7,$D$5:D7,"Feature Use",$E$5:E7,E7)=2),1,0) -> 0 | K7: =IF(COUNTIF($B$5:B7,B7)=1,1,0) -> 1 | L7: =IF(AND(C7>=Settings!$B$5-Settings!$B$8+1,C7<=Settings!$B$5,COUNTIFS($B$5:B7,B7,$C$5:C7,">="&(Settings!$B$5-Settings!$B$8+1),$C$5:C7,"<="&Settings!$B$5)=1),1,0) -> 0 | M7: =IF(AND(C7>=Settings!$B$5-Settings!$B$9+1,C7<=Settings!$B$5,COUNTIFS($B$5:B7,B7,$C$5:C7,">="&(Settings!$B$5-Settings!$B$9+1),$C$5:C7,"<="&Settings!$B$5)=1),1,0) -> 0 | N7: =IF(AND(D7="Feature Use",COUNTIFS($B$5:B7,B7,$D$5:D7,"Feature Use")=1),1,0) -> 0
A8: EVT-00004 | B8: O004 | C8: 46266 | D8: Feature Use | E8: Dashboard | F8: =IF(COUNTIF(Referral_Data!$C$5:$C$1000,B8)>0,"Referred",IF(COUNTIF(Referral_Data!$B$5:$B$1000,B8)>0,"Referrer","Organic")) -> Organic | G8: =IF(COUNTIFS($B$5:B8,B8,$C$5:C8,C8)=1,1,0) -> 0 | H8: =IF(AND(G8=1,COUNTIFS($B$5:$B$1635,B8,$C$5:$C$1635,"<"&C8)>0),1,0) -> 0 | I8: =IF(AND(D8="Feature Use",COUNTIFS($B$5:B8,B8,$D$5:D8,"Feature Use",$E$5:E8,E8)=1),1,0) -> 1 | J8: =IF(AND(D8="Feature Use",COUNTIFS($B$5:B8,B8,$D$5:D8,"Feature Use",$E$5:E8,E8)=2),1,0) -> 0 | K8: =IF(COUNTIF($B$5:B8,B8)=1,1,0) -> 0 | L8: =IF(AND(C8>=Settings!$B$5-Settings!$B$8+1,C8<=Settings!$B$5,COUNTIFS($B$5:B8,B8,$C$5:C8,">="&(Settings!$B$5-Settings!$B$8+1),$C$5:C8,"<="&Settings!$B$5)=1),1,0) -> 0 | M8: =IF(AND(C8>=Settings!$B$5-Settings!$B$9+1,C8<=Settings!$B$5,COUNTIFS($B$5:B8,B8,$C$5:C8,">="&(Settings!$B$5-Settings!$B$9+1),$C$5:C8,"<="&Settings!$B$5)=1),1,0) -> 0 | N8: =IF(AND(D8="Feature Use",COUNTIFS($B$5:B8,B8,$D$5:D8,"Feature Use")=1),1,0) -> 1
A9: EVT-00005 | B9: O004 | C9: 46266 | D9: Feature Use | E9: Dashboard | F9: =IF(COUNTIF(Referral_Data!$C$5:$C$1000,B9)>0,"Referred",IF(COUNTIF(Referral_Data!$B$5:$B$1000,B9)>0,"Referrer","Organic")) -> Organic | G9: =IF(COUNTIFS($B$5:B9,B9,$C$5:C9,C9)=1,1,0) -> 0 | H9: =IF(AND(G9=1,COUNTIFS($B$5:$B$1635,B9,$C$5:$C$1635,"<"&C9)>0),1,0) -> 0 | I9: =IF(AND(D9="Feature Use",COUNTIFS($B$5:B9,B9,$D$5:D9,"Feature Use",$E$5:E9,E9)=1),1,0) -> 0 | J9: =IF(AND(D9="Feature Use",COUNTIFS($B$5:B9,B9,$D$5:D9,"Feature Use",$E$5:E9,E9)=2),1,0) -> 1 | K9: =IF(COUNTIF($B$5:B9,B9)=1,1,0) -> 0 | L9: =IF(AND(C9>=Settings!$B$5-Settings!$B$8+1,C9<=Settings!$B$5,COUNTIFS($B$5:B9,B9,$C$5:C9,">="&(Settings!$B$5-Settings!$B$8+1),$C$5:C9,"<="&Settings!$B$5)=1),1,0) -> 0 | M9: =IF(AND(C9>=Settings!$B$5-Settings!$B$9+1,C9<=Settings!$B$5,COUNTIFS($B$5:B9,B9,$C$5:C9,">="&(Settings!$B$5-Settings!$B$9+1),$C$5:C9,"<="&Settings!$B$5)=1),1,0) -> 0 | N9: =IF(AND(D9="Feature Use",COUNTIFS($B$5:B9,B9,$D$5:D9,"Feature Use")=1),1,0) -> 0
A10: EVT-00006 | B10: O004 | C10: 46266 | D10: Task Completed | E10: Export | F10: =IF(COUNTIF(Referral_Data!$C$5:$C$1000,B10)>0,"Referred",IF(COUNTIF(Referral_Data!$B$5:$B$1000,B10)>0,"Referrer","Organic")) -> Organic | G10: =IF(COUNTIFS($B$5:B10,B10,$C$5:C10,C10)=1,1,0) -> 0 | H10: =IF(AND(G10=1,COUNTIFS($B$5:$B$1635,B10,$C$5:$C$1635,"<"&C10)>0),1,0) -> 0 | I10: =IF(AND(D10="Feature Use",COUNTIFS($B$5:B10,B10,$D$5:D10,"Feature Use",$E$5:E10,E10)=1),1,0) -> 0 | J10: =IF(AND(D10="Feature Use",COUNTIFS($B$5:B10,B10,$D$5:D10,"Feature Use",$E$5:E10,E10)=2),1,0) -> 0 | K10: =IF(COUNTIF($B$5:B10,B10)=1,1,0) -> 0 | L10: =IF(AND(C10>=Settings!$B$5-Settings!$B$8+1,C10<=Settings!$B$5,COUNTIFS($B$5:B10,B10,$C$5:C10,">="&(Settings!$B$5-Settings!$B$8+1),$C$5:C10,"<="&Settings!$B$5)=1),1,0) -> 0 | M10: =IF(AND(C10>=Settings!$B$5-Settings!$B$9+1,C10<=Settings!$B$5,COUNTIFS($B$5:B10,B10,$C$5:C10,">="&(Settings!$B$5-Settings!$B$9+1),$C$5:C10,"<="&Settings!$B$5)=1),1,0) -> 0 | N10: =IF(AND(D10="Feature Use",COUNTIFS($B$5:B10,B10,$D$5:D10,"Feature Use")=1),1,0) -> 0
A11: EVT-00007 | B11: O004 | C11: 46266 | D11: Task Completed | E11: Reports | F11: =IF(COUNTIF(Referral_Data!$C$5:$C$1000,B11)>0,"Referred",IF(COUNTIF(Referral_Data!$B$5:$B$1000,B11)>0,"Referrer","Organic")) -> Organic | G11: =IF(COUNTIFS($B$5:B11,B11,$C$5:C11,C11)=1,1,0) -> 0 | H11: =IF(AND(G11=1,COUNTIFS($B$5:$B$1635,B11,$C$5:$C$1635,"<"&C11)>0),1,0) -> 0 | I11: =IF(AND(D11="Feature Use",COUNTIFS($B$5:B11,B11,$D$5:D11,"Feature Use",$E$5:E11,E11)=1),1,0) -> 0 | J11: =IF(AND(D11="Feature Use",COUNTIFS($B$5:B11,B11,$D$5:D11,"Feature Use",$E$5:E11,E11)=2),1,0) -> 0 | K11: =IF(COUNTIF($B$5:B11,B11)=1,1,0) -> 0 | L11: =IF(AND(C11>=Settings!$B$5-Settings!$B$8+1,C11<=Settings!$B$5,COUNTIFS($B$5:B11,B11,$C$5:C11,">="&(Settings!$B$5-Settings!$B$8+1),$C$5:C11,"<="&Settings!$B$5)=1),1,0) -> 0 | M11: =IF(AND(C11>=Settings!$B$5-Settings!$B$9+1,C11<=Settings!$B$5,COUNTIFS($B$5:B11,B11,$C$5:C11,">="&(Settings!$B$5-Settings!$B$9+1),$C$5:C11,"<="&Settings!$B$5)=1),1,0) -> 0 | N11: =IF(AND(D11="Feature Use",COUNTIFS($B$5:B11,B11,$D$5:D11,"Feature Use")=1),1,0) -> 0
A12: EVT-00008 | B12: O008 | C12: 46266 | D12: Login | E12: n/a | F12: =IF(COUNTIF(Referral_Data!$C$5:$C$1000,B12)>0,"Referred",IF(COUNTIF(Referral_Data!$B$5:$B$1000,B12)>0,"Referrer","Organic")) -> Organic | G12: =IF(COUNTIFS($B$5:B12,B12,$C$5:C12,C12)=1,1,0) -> 1 | H12: =IF(AND(G12=1,COUNTIFS($B$5:$B$1635,B12,$C$5:$C$1635,"<"&C12)>0),1,0) -> 0 | I12: =IF(AND(D12="Feature Use",COUNTIFS($B$5:B12,B12,$D$5:D12,"Feature Use",$E$5:E12,E12)=1),1,0) -> 0 | J12: =IF(AND(D12="Feature Use",COUNTIFS($B$5:B12,B12,$D$5:D12,"Feature Use",$E$5:E12,E12)=2),1,0) -> 0 | K12: =IF(COUNTIF($B$5:B12,B12)=1,1,0) -> 1 | L12: =IF(AND(C12>=Settings!$B$5-Settings!$B$8+1,C12<=Settings!$B$5,COUNTIFS($B$5:B12,B12,$C$5:C12,">="&(Settings!$B$5-Settings!$B$8+1),$C$5:C12,"<="&Settings!$B$5)=1),1,0) -> 0 | M12: =IF(AND(C12>=Settings!$B$5-Settings!$B$9+1,C12<=Settings!$B$5,COUNTIFS($B$5:B12,B12,$C$5:C12,">="&(Settings!$B$5-Settings!$B$9+1),$C$5:C12,"<="&Settings!$B$5)=1),1,0) -> 0 | N12: =IF(AND(D12="Feature Use",COUNTIFS($B$5:B12,B12,$D$5:D12,"Feature Use")=1),1,0) -> 0
A13: EVT-00009 | B13: O008 | C13: 46266 | D13: Feature Use | E13: Chat | F13: =IF(COUNTIF(Referral_Data!$C$5:$C$1000,B13)>0,"Referred",IF(COUNTIF(Referral_Data!$B$5:$B$1000,B13)>0,"Referrer","Organic")) -> Organic | G13: =IF(COUNTIFS($B$5:B13,B13,$C$5:C13,C13)=1,1,0) -> 0 | H13: =IF(AND(G13=1,COUNTIFS($B$5:$B$1635,B13,$C$5:$C$1635,"<"&C13)>0),1,0) -> 0 | I13: =IF(AND(D13="Feature Use",COUNTIFS($B$5:B13,B13,$D$5:D13,"Feature Use",$E$5:E13,E13)=1),1,0) -> 1 | J13: =IF(AND(D13="Feature Use",COUNTIFS($B$5:B13,B13,$D$5:D13,"Feature Use",$E$5:E13,E13)=2),1,0) -> 0 | K13: =IF(COUNTIF($B$5:B13,B13)=1,1,0) -> 0 | L13: =IF(AND(C13>=Settings!$B$5-Settings!$B$8+1,C13<=Settings!$B$5,COUNTIFS($B$5:B13,B13,$C$5:C13,">="&(Settings!$B$5-Settings!$B$8+1),$C$5:C13,"<="&Settings!$B$5)=1),1,0) -> 0 | M13: =IF(AND(C13>=Settings!$B$5-Settings!$B$9+1,C13<=Settings!$B$5,COUNTIFS($B$5:B13,B13,$C$5:C13,">="&(Settings!$B$5-Settings!$B$9+1),$C$5:C13,"<="&Settings!$B$5)=1),1,0) -> 0 | N13: =IF(AND(D13="Feature Use",COUNTIFS($B$5:B13,B13,$D$5:D13,"Feature Use")=1),1,0) -> 1
A14: EVT-00010 | B14: O008 | C14: 46266 | D14: Task Completed | E14: Dashboard | F14: =IF(COUNTIF(Referral_Data!$C$5:$C$1000,B14)>0,"Referred",IF(COUNTIF(Referral_Data!$B$5:$B$1000,B14)>0,"Referrer","Organic")) -> Organic | G14: =IF(COUNTIFS($B$5:B14,B14,$C$5:C14,C14)=1,1,0) -> 0 | H14: =IF(AND(G14=1,COUNTIFS($B$5:$B$1635,B14,$C$5:$C$1635,"<"&C14)>0),1,0) -> 0 | I14: =IF(AND(D14="Feature Use",COUNTIFS($B$5:B14,B14,$D$5:D14,"Feature Use",$E$5:E14,E14)=1),1,0) -> 0 | J14: =IF(AND(D14="Feature Use",COUNTIFS($B$5:B14,B14,$D$5:D14,"Feature Use",$E$5:E14,E14)=2),1,0) -> 0 | K14: =IF(COUNTIF($B$5:B14,B14)=1,1,0) -> 0 | L14: =IF(AND(C14>=Settings!$B$5-Settings!$B$8+1,C14<=Settings!$B$5,COUNTIFS($B$5:B14,B14,$C$5:C14,">="&(Settings!$B$5-Settings!$B$8+1),$C$5:C14,"<="&Settings!$B$5)=1),1,0) -> 0 | M14: =IF(AND(C14>=Settings!$B$5-Settings!$B$9+1,C14<=Settings!$B$5,COUNTIFS($B$5:B14,B14,$C$5:C14,">="&(Settings!$B$5-Settings!$B$9+1),$C$5:C14,"<="&Settings!$B$5)=1),1,0) -> 0 | N14: =IF(AND(D14="Feature Use",COUNTIFS($B$5:B14,B14,$D$5:D14,"Feature Use")=1),1,0) -> 0
A15: EVT-00011 | B15: U006 | C15: 46266 | D15: Login | E15: n/a | F15: =IF(COUNTIF(Referral_Data!$C$5:$C$1000,B15)>0,"Referred",IF(COUNTIF(Referral_Data!$B$5:$B$1000,B15)>0,"Referrer","Organic")) -> Referrer | G15: =IF(COUNTIFS($B$5:B15,B15,$C$5:C15,C15)=1,1,0) -> 1 | H15: =IF(AND(G15=1,COUNTIFS($B$5:$B$1635,B15,$C$5:$C$1635,"<"&C15)>0),1,0) -> 0 | I15: =IF(AND(D15="Feature Use",COUNTIFS($B$5:B15,B15,$D$5:D15,"Feature Use",$E$5:E15,E15)=1),1,0) -> 0 | J15: =IF(AND(D15="Feature Use",COUNTIFS($B$5:B15,B15,$D$5:D15,"Feature Use",$E$5:E15,E15)=2),1,0) -> 0 | K15: =IF(COUNTIF($B$5:B15,B15)=1,1,0) -> 1 | L15: =IF(AND(C15>=Settings!$B$5-Settings!$B$8+1,C15<=Settings!$B$5,COUNTIFS($B$5:B15,B15,$C$5:C15,">="&(Settings!$B$5-Settings!$B$8+1),$C$5:C15,"<="&Settings!$B$5)=1),1,0) -> 0 | M15: =IF(AND(C15>=Settings!$B$5-Settings!$B$9+1,C15<=Settings!$B$5,COUNTIFS($B$5:B15,B15,$C$5:C15,">="&(Settings!$B$5-Settings!$B$9+1),$C$5:C15,"<="&Settings!$B$5)=1),1,0) -> 0 | N15: =IF(AND(D15="Feature Use",COUNTIFS($B$5:B15,B15,$D$5:D15,"Feature Use")=1),1,0) -> 0
A16: EVT-00012 | B16: U006 | C16: 46266 | D16: Feature Use | E16: Dashboard | F16: =IF(COUNTIF(Referral_Data!$C$5:$C$1000,B16)>0,"Referred",IF(COUNTIF(Referral_Data!$B$5:$B$1000,B16)>0,"Referrer","Organic")) -> Referrer | G16: =IF(COUNTIFS($B$5:B16,B16,$C$5:C16,C16)=1,1,0) -> 0 | H16: =IF(AND(G16=1,COUNTIFS($B$5:$B$1635,B16,$C$5:$C$1635,"<"&C16)>0),1,0) -> 0 | I16: =IF(AND(D16="Feature Use",COUNTIFS($B$5:B16,B16,$D$5:D16,"Feature Use",$E$5:E16,E16)=1),1,0) -> 1 | J16: =IF(AND(D16="Feature Use",COUNTIFS($B$5:B16,B16,$D$5:D16,"Feature Use",$E$5:E16,E16)=2),1,0) -> 0 | K16: =IF(COUNTIF($B$5:B16,B16)=1,1,0) -> 0 | L16: =IF(AND(C16>=Settings!$B$5-Settings!$B$8+1,C16<=Settings!$B$5,COUNTIFS($B$5:B16,B16,$C$5:C16,">="&(Settings!$B$5-Settings!$B$8+1),$C$5:C16,"<="&Settings!$B$5)=1),1,0) -> 0 | M16: =IF(AND(C16>=Settings!$B$5-Settings!$B$9+1,C16<=Settings!$B$5,COUNTIFS($B$5:B16,B16,$C$5:C16,">="&(Settings!$B$5-Settings!$B$9+1),$C$5:C16,"<="&Settings!$B$5)=1),1,0) -> 0 | N16: =IF(AND(D16="Feature Use",COUNTIFS($B$5:B16,B16,$D$5:D16,"Feature Use")=1),1,0) -> 1
... A1635: EVT-01631 | B1635: U012 | C1635: 46310 | D1635: Task Completed | E1635: Dashboard | F1635: =IF(COUNTIF(Referral_Data!$C$5:$C$1000,B1635)>0,"Referred",IF(COUNTIF(Referral_Data!$B$5:$B$1000,B1635)>0,"Referrer","Organic")) -> Referrer | G1635: =IF(COUNTIFS($B$5:B1635,B1635,$C$5:C1635,C1635)=1,1,0) -> 0 | H1635: =IF(AND(G1635=1,COUNTIFS($B$5:$B$1635,B1635,$C$5:$C$1635,"<"&C1635)>0),1,0) -> 0 | I1635: =IF(AND(D1635="Feature Use",COUNTIFS($B$5:B1635,B1635,$D$5:D1635,"Feature Use",$E$5:E1635,E1635)=1),1,0) -> 0 | J1635: =IF(AND(D1635="Feature Use",COUNTIFS($B$5:B1635,B1635,$D$5:D1635,"Feature Use",$E$5:E1635,E1635)=2),1,0) -> 0 | K1635: =IF(COUNTIF($B$5:B1635,B1635)=1,1,0) -> 0 | L1635: =IF(AND(C1635>=Settings!$B$5-Settings!$B$8+1,C1635<=Settings!$B$5,COUNTIFS($B$5:B1635,B1635,$C$5:C1635,">="&(Settings!$B$5-Settings!$B$8+1),$C$5:C1635,"<="&Settings!$B$5)=1),1,0) -> 0 | M1635: =IF(AND(C1635>=Settings!$B$5-Settings!$B$9+1,C1635<=Settings!$B$5,COUNTIFS($B$5:B1635,B1635,$C$5:C1635,">="&(Settings!$B$5-Settings!$B$9+1),$C$5:C1635,"<="&Settings!$B$5)=1),1,0) -> 0 | N1635: =IF(AND(D1635="Feature Use",COUNTIFS($B$5:B1635,B1635,$D$5:D1635,"Feature Use")=1),1,0) -> 0

Sheet Daily_Activity
A1: Daily Activity & Daily Referral Funnel
A2: All cells are formulas driven by Referral_Data, Engagement_Events and Settings. Add rows (copy last row down) if the reporting period grows.
A4: Date | B4: Referrals Created | C4: Users Registered | D4: Users Activated | E4: Referrals Converted | F4: DAU (Active Users) | G4: New Users (first-ever activity) | H4: Returning Users | I4: Logins | J4: Feature Uses | K4: Task Completions | L4: Cumulative Created | M4: Cumulative Converted | N4: Cumulative Conversion Rate
A5: =Settings!$B$4 -> 46266 | B5: =COUNTIFS(Referral_Data!$E$5:$E$1000,">="&$A5,Referral_Data!$E$5:$E$1000,"<"&($A5+1)) -> 2 | C5: =COUNTIFS(Referral_Data!$F$5:$F$1000,">="&$A5,Referral_Data!$F$5:$F$1000,"<"&($A5+1)) -> 0 | D5: =COUNTIFS(Referral_Data!$G$5:$G$1000,">="&$A5,Referral_Data!$G$5:$G$1000,"<"&($A5+1)) -> 0 | E5: =COUNTIFS(Referral_Data!$H$5:$H$1000,">="&$A5,Referral_Data!$H$5:$H$1000,"<"&($A5+1)) -> 0 | F5: =SUMIFS(Engagement_Events!$G$5:$G$3000,Engagement_Events!$C$5:$C$3000,$A5) -> 6 | G5: =SUMIFS(Engagement_Events!$K$5:$K$3000,Engagement_Events!$C$5:$C$3000,$A5) -> 6 | H5: =SUMIFS(Engagement_Events!$H$5:$H$3000,Engagement_Events!$C$5:$C$3000,$A5) -> 0 | I5: =COUNTIFS(Engagement_Events!$C$5:$C$3000,$A5,Engagement_Events!$D$5:$D$3000,"Login") -> 6 | J5: =COUNTIFS(Engagement_Events!$C$5:$C$3000,$A5,Engagement_Events!$D$5:$D$3000,"Feature Use") -> 8 | K5: =COUNTIFS(Engagement_Events!$C$5:$C$3000,$A5,Engagement_Events!$D$5:$D$3000,"Task Completed") -> 5 | L5: =SUM($B$5:B5) -> 2 | M5: =SUM($E$5:E5) -> 0 | N5: =IF(L5=0,0,M5/L5) -> 0
A6: =A5+1 -> 46267 | B6: =COUNTIFS(Referral_Data!$E$5:$E$1000,">="&$A6,Referral_Data!$E$5:$E$1000,"<"&($A6+1)) -> 1 | C6: =COUNTIFS(Referral_Data!$F$5:$F$1000,">="&$A6,Referral_Data!$F$5:$F$1000,"<"&($A6+1)) -> 1 | D6: =COUNTIFS(Referral_Data!$G$5:$G$1000,">="&$A6,Referral_Data!$G$5:$G$1000,"<"&($A6+1)) -> 0 | E6: =COUNTIFS(Referral_Data!$H$5:$H$1000,">="&$A6,Referral_Data!$H$5:$H$1000,"<"&($A6+1)) -> 0 | F6: =SUMIFS(Engagement_Events!$G$5:$G$3000,Engagement_Events!$C$5:$C$3000,$A6) -> 7 | G6: =SUMIFS(Engagement_Events!$K$5:$K$3000,Engagement_Events!$C$5:$C$3000,$A6) -> 5 | H6: =SUMIFS(Engagement_Events!$H$5:$H$3000,Engagement_Events!$C$5:$C$3000,$A6) -> 2 | I6: =COUNTIFS(Engagement_Events!$C$5:$C$3000,$A6,Engagement_Events!$D$5:$D$3000,"Login") -> 7 | J6: =COUNTIFS(Engagement_Events!$C$5:$C$3000,$A6,Engagement_Events!$D$5:$D$3000,"Feature Use") -> 10 | K6: =COUNTIFS(Engagement_Events!$C$5:$C$3000,$A6,Engagement_Events!$D$5:$D$3000,"Task Completed") -> 4 | L6: =SUM($B$5:B6) -> 3 | M6: =SUM($E$5:E6) -> 0 | N6: =IF(L6=0,0,M6/L6) -> 0
A7: =A6+1 -> 46268 | B7: =COUNTIFS(Referral_Data!$E$5:$E$1000,">="&$A7,Referral_Data!$E$5:$E$1000,"<"&($A7+1)) -> 2 | C7: =COUNTIFS(Referral_Data!$F$5:$F$1000,">="&$A7,Referral_Data!$F$5:$F$1000,"<"&($A7+1)) -> 1 | D7: =COUNTIFS(Referral_Data!$G$5:$G$1000,">="&$A7,Referral_Data!$G$5:$G$1000,"<"&($A7+1)) -> 0 | E7: =COUNTIFS(Referral_Data!$H$5:$H$1000,">="&$A7,Referral_Data!$H$5:$H$1000,"<"&($A7+1)) -> 0 | F7: =SUMIFS(Engagement_Events!$G$5:$G$3000,Engagement_Events!$C$5:$C$3000,$A7) -> 10 | G7: =SUMIFS(Engagement_Events!$K$5:$K$3000,Engagement_Events!$C$5:$C$3000,$A7) -> 4 | H7: =SUMIFS(Engagement_Events!$H$5:$H$3000,Engagement_Events!$C$5:$C$3000,$A7) -> 6 | I7: =COUNTIFS(Engagement_Events!$C$5:$C$3000,$A7,Engagement_Events!$D$5:$D$3000,"Login") -> 10 | J7: =COUNTIFS(Engagement_Events!$C$5:$C$3000,$A7,Engagement_Events!$D$5:$D$3000,"Feature Use") -> 15 | K7: =COUNTIFS(Engagement_Events!$C$5:$C$3000,$A7,Engagement_Events!$D$5:$D$3000,"Task Completed") -> 7 | L7: =SUM($B$5:B7) -> 5 | M7: =SUM($E$5:E7) -> 0 | N7: =IF(L7=0,0,M7/L7) -> 0
A8: =A7+1 -> 46269 | B8: =COUNTIFS(Referral_Data!$E$5:$E$1000,">="&$A8,Referral_Data!$E$5:$E$1000,"<"&($A8+1)) -> 2 | C8: =COUNTIFS(Referral_Data!$F$5:$F$1000,">="&$A8,Referral_Data!$F$5:$F$1000,"<"&($A8+1)) -> 0 | D8: =COUNTIFS(Referral_Data!$G$5:$G$1000,">="&$A8,Referral_Data!$G$5:$G$1000,"<"&($A8+1)) -> 1 | E8: =COUNTIFS(Referral_Data!$H$5:$H$1000,">="&$A8,Referral_Data!$H$5:$H$1000,"<"&($A8+1)) -> 0 | F8: =SUMIFS(Engagement_Events!$G$5:$G$3000,Engagement_Events!$C$5:$C$3000,$A8) -> 9 | G8: =SUMIFS(Engagement_Events!$K$5:$K$3000,Engagement_Events!$C$5:$C$3000,$A8) -> 4 | H8: =SUMIFS(Engagement_Events!$H$5:$H$3000,Engagement_Events!$C$5:$C$3000,$A8) -> 5 | I8: =COUNTIFS(Engagement_Events!$C$5:$C$3000,$A8,Engagement_Events!$D$5:$D$3000,"Login") -> 9 | J8: =COUNTIFS(Engagement_Events!$C$5:$C$3000,$A8,Engagement_Events!$D$5:$D$3000,"Feature Use") -> 13 | K8: =COUNTIFS(Engagement_Events!$C$5:$C$3000,$A8,Engagement_Events!$D$5:$D$3000,"Task Completed") -> 2 | L8: =SUM($B$5:B8) -> 7 | M8: =SUM($E$5:E8) -> 0 | N8: =IF(L8=0,0,M8/L8) -> 0
A9: =A8+1 -> 46270 | B9: =COUNTIFS(Referral_Data!$E$5:$E$1000,">="&$A9,Referral_Data!$E$5:$E$1000,"<"&($A9+1)) -> 2 | C9: =COUNTIFS(Referral_Data!$F$5:$F$1000,">="&$A9,Referral_Data!$F$5:$F$1000,"<"&($A9+1)) -> 0 | D9: =COUNTIFS(Referral_Data!$G$5:$G$1000,">="&$A9,Referral_Data!$G$5:$G$1000,"<"&($A9+1)) -> 0 | E9: =COUNTIFS(Referral_Data!$H$5:$H$1000,">="&$A9,Referral_Data!$H$5:$H$1000,"<"&($A9+1)) -> 0 | F9: =SUMIFS(Engagement_Events!$G$5:$G$3000,Engagement_Events!$C$5:$C$3000,$A9) -> 6 | G9: =SUMIFS(Engagement_Events!$K$5:$K$3000,Engagement_Events!$C$5:$C$3000,$A9) -> 0 | H9: =SUMIFS(Engagement_Events!$H$5:$H$3000,Engagement_Events!$C$5:$C$3000,$A9) -> 6 | I9: =COUNTIFS(Engagement_Events!$C$5:$C$3000,$A9,Engagement_Events!$D$5:$D$3000,"Login") -> 6 | J9: =COUNTIFS(Engagement_Events!$C$5:$C$3000,$A9,Engagement_Events!$D$5:$D$3000,"Feature Use") -> 10 | K9: =COUNTIFS(Engagement_Events!$C$5:$C$3000,$A9,Engagement_Events!$D$5:$D$3000,"Task Completed") -> 4 | L9: =SUM($B$5:B9) -> 9 | M9: =SUM($E$5:E9) -> 0 | N9: =IF(L9=0,0,M9/L9) -> 0
A10: =A9+1 -> 46271 | B10: =COUNTIFS(Referral_Data!$E$5:$E$1000,">="&$A10,Referral_Data!$E$5:$E$1000,"<"&($A10+1)) -> 0 | C10: =COUNTIFS(Referral_Data!$F$5:$F$1000,">="&$A10,Referral_Data!$F$5:$F$1000,"<"&($A10+1)) -> 1 | D10: =COUNTIFS(Referral_Data!$G$5:$G$1000,">="&$A10,Referral_Data!$G$5:$G$1000,"<"&($A10+1)) -> 0 | E10: =COUNTIFS(Referral_Data!$H$5:$H$1000,">="&$A10,Referral_Data!$H$5:$H$1000,"<"&($A10+1)) -> 0 | F10: =SUMIFS(Engagement_Events!$G$5:$G$3000,Engagement_Events!$C$5:$C$3000,$A10) -> 5 | G10: =SUMIFS(Engagement_Events!$K$5:$K$3000,Engagement_Events!$C$5:$C$3000,$A10) -> 1 | H10: =SUMIFS(Engagement_Events!$H$5:$H$3000,Engagement_Events!$C$5:$C$3000,$A10) -> 4 | I10: =COUNTIFS(Engagement_Events!$C$5:$C$3000,$A10,Engagement_Events!$D$5:$D$3000,"Login") -> 5 | J10: =COUNTIFS(Engagement_Events!$C$5:$C$3000,$A10,Engagement_Events!$D$5:$D$3000,"Feature Use") -> 6 | K10: =COUNTIFS(Engagement_Events!$C$5:$C$3000,$A10,Engagement_Events!$D$5:$D$3000,"Task Completed") -> 2 | L10: =SUM($B$5:B10) -> 9 | M10: =SUM($E$5:E10) -> 0 | N10: =IF(L10=0,0,M10/L10) -> 0
A11: =A10+1 -> 46272 | B11: =COUNTIFS(Referral_Data!$E$5:$E$1000,">="&$A11,Referral_Data!$E$5:$E$1000,"<"&($A11+1)) -> 1 | C11: =COUNTIFS(Referral_Data!$F$5:$F$1000,">="&$A11,Referral_Data!$F$5:$F$1000,"<"&($A11+1)) -> 1 | D11: =COUNTIFS(Referral_Data!$G$5:$G$1000,">="&$A11,Referral_Data!$G$5:$G$1000,"<"&($A11+1)) -> 1 | E11: =COUNTIFS(Referral_Data!$H$5:$H$1000,">="&$A11,Referral_Data!$H$5:$H$1000,"<"&($A11+1)) -> 0 | F11: =SUMIFS(Engagement_Events!$G$5:$G$3000,Engagement_Events!$C$5:$C$3000,$A11) -> 10 | G11: =SUMIFS(Engagement_Events!$K$5:$K$3000,Engagement_Events!$C$5:$C$3000,$A11) -> 3 | H11: =SUMIFS(Engagement_Events!$H$5:$H$3000,Engagement_Events!$C$5:$C$3000,$A11) -> 7 | I11: =COUNTIFS(Engagement_Events!$C$5:$C$3000,$A11,Engagement_Events!$D$5:$D$3000,"Login") -> 10 | J11: =COUNTIFS(Engagement_Events!$C$5:$C$3000,$A11,Engagement_Events!$D$5:$D$3000,"Feature Use") -> 14 | K11: =COUNTIFS(Engagement_Events!$C$5:$C$3000,$A11,Engagement_Events!$D$5:$D$3000,"Task Completed") -> 4 | L11: =SUM($B$5:B11) -> 10 | M11: =SUM($E$5:E11) -> 0 | N11: =IF(L11=0,0,M11/L11) -> 0
A12: =A11+1 -> 46273 | B12: =COUNTIFS(Referral_Data!$E$5:$E$1000,">="&$A12,Referral_Data!$E$5:$E$1000,"<"&($A12+1)) -> 2 | C12: =COUNTIFS(Referral_Data!$F$5:$F$1000,">="&$A12,Referral_Data!$F$5:$F$1000,"<"&($A12+1)) -> 0 | D12: =COUNTIFS(Referral_Data!$G$5:$G$1000,">="&$A12,Referral_Data!$G$5:$G$1000,"<"&($A12+1)) -> 0 | E12: =COUNTIFS(Referral_Data!$H$5:$H$1000,">="&$A12,Referral_Data!$H$5:$H$1000,"<"&($A12+1)) -> 0 | F12: =SUMIFS(Engagement_Events!$G$5:$G$3000,Engagement_Events!$C$5:$C$3000,$A12) -> 5 | G12: =SUMIFS(Engagement_Events!$K$5:$K$3000,Engagement_Events!$C$5:$C$3000,$A12) -> 0 | H12: =SUMIFS(Engagement_Events!$H$5:$H$3000,Engagement_Events!$C$5:$C$3000,$A12) -> 5 | I12: =COUNTIFS(Engagement_Events!$C$5:$C$3000,$A12,Engagement_Events!$D$5:$D$3000,"Login") -> 5 | J12: =COUNTIFS(Engagement_Events!$C$5:$C$3000,$A12,Engagement_Events!$D$5:$D$3000,"Feature Use") -> 8 | K12: =COUNTIFS(Engagement_Events!$C$5:$C$3000,$A12,Engagement_Events!$D$5:$D$3000,"Task Completed") -> 0 | L12: =SUM($B$5:B12) -> 12 | M12: =SUM($E$5:E12) -> 0 | N12: =IF(L12=0,0,M12/L12) -> 0
A13: =A12+1 -> 46274 | B13: =COUNTIFS(Referral_Data!$E$5:$E$1000,">="&$A13,Referral_Data!$E$5:$E$1000,"<"&($A13+1)) -> 2 | C13: =COUNTIFS(Referral_Data!$F$5:$F$1000,">="&$A13,Referral_Data!$F$5:$F$1000,"<"&($A13+1)) -> 2 | D13: =COUNTIFS(Referral_Data!$G$5:$G$1000,">="&$A13,Referral_Data!$G$5:$G$1000,"<"&($A13+1)) -> 1 | E13: =COUNTIFS(Referral_Data!$H$5:$H$1000,">="&$A13,Referral_Data!$H$5:$H$1000,"<"&($A13+1)) -> 0 | F13: =SUMIFS(Engagement_Events!$G$5:$G$3000,Engagement_Events!$C$5:$C$3000,$A13) -> 3 | G13: =SUMIFS(Engagement_Events!$K$5:$K$3000,Engagement_Events!$C$5:$C$3000,$A13) -> 0 | H13: =SUMIFS(Engagement_Events!$H$5:$H$3000,Engagement_Events!$C$5:$C$3000,$A13) -> 3 | I13: =COUNTIFS(Engagement_Events!$C$5:$C$3000,$A13,Engagement_Events!$D$5:$D$3000,"Login") -> 3 | J13: =COUNTIFS(Engagement_Events!$C$5:$C$3000,$A13,Engagement_Events!$D$5:$D$3000,"Feature Use") -> 4 | K13: =COUNTIFS(Engagement_Events!$C$5:$C$3000,$A13,Engagement_Events!$D$5:$D$3000,"Task Completed") -> 4 | L13: =SUM($B$5:B13) -> 14 | M13: =SUM($E$5:E13) -> 0 | N13: =IF(L13=0,0,M13/L13) -> 0
A14: =A13+1 -> 46275 | B14: =COUNTIFS(Referral_Data!$E$5:$E$1000,">="&$A14,Referral_Data!$E$5:$E$1000,"<"&($A14+1)) -> 1 | C14: =COUNTIFS(Referral_Data!$F$5:$F$1000,">="&$A14,Referral_Data!$F$5:$F$1000,"<"&($A14+1)) -> 2 | D14: =COUNTIFS(Referral_Data!$G$5:$G$1000,">="&$A14,Referral_Data!$G$5:$G$1000,"<"&($A14+1)) -> 1 | E14: =COUNTIFS(Referral_Data!$H$5:$H$1000,">="&$A14,Referral_Data!$H$5:$H$1000,"<"&($A14+1)) -> 0 | F14: =SUMIFS(Engagement_Events!$G$5:$G$3000,Engagement_Events!$C$5:$C$3000,$A14) -> 9 | G14: =SUMIFS(Engagement_Events!$K$5:$K$3000,Engagement_Events!$C$5:$C$3000,$A14) -> 2 | H14: =SUMIFS(Engagement_Events!$H$5:$H$3000,Engagement_Events!$C$5:$C$3000,$A14) -> 7 | I14: =COUNTIFS(Engagement_Events!$C$5:$C$3000,$A14,Engagement_Events!$D$5:$D$3000,"Login") -> 9 | J14: =COUNTIFS(Engagement_Events!$C$5:$C$3000,$A14,Engagement_Events!$D$5:$D$3000,"Feature Use") -> 12 | K14: =COUNTIFS(Engagement_Events!$C$5:$C$3000,$A14,Engagement_Events!$D$5:$D$3000,"Task Completed") -> 11 | L14: =SUM($B$5:B14) -> 15 | M14: =SUM($E$5:E14) -> 0 | N14: =IF(L14=0,0,M14/L14) -> 0
A15: =A14+1 -> 46276 | B15: =COUNTIFS(Referral_Data!$E$5:$E$1000,">="&$A15,Referral_Data!$E$5:$E$1000,"<"&($A15+1)) -> 1 | C15: =COUNTIFS(Referral_Data!$F$5:$F$1000,">="&$A15,Referral_Data!$F$5:$F$1000,"<"&($A15+1)) -> 3 | D15: =COUNTIFS(Referral_Data!$G$5:$G$1000,">="&$A15,Referral_Data!$G$5:$G$1000,"<"&($A15+1)) -> 0 | E15: =COUNTIFS(Referral_Data!$H$5:$H$1000,">="&$A15,Referral_Data!$H$5:$H$1000,"<"&($A15+1)) -> 0 | F15: =SUMIFS(Engagement_Events!$G$5:$G$3000,Engagement_Events!$C$5:$C$3000,$A15) -> 11 | G15: =SUMIFS(Engagement_Events!$K$5:$K$3000,Engagement_Events!$C$5:$C$3000,$A15) -> 3 | H15: =SUMIFS(Engagement_Events!$H$5:$H$3000,Engagement_Events!$C$5:$C$3000,$A15) -> 8 | I15: =COUNTIFS(Engagement_Events!$C$5:$C$3000,$A15,Engagement_Events!$D$5:$D$3000,"Login") -> 11 | J15: =COUNTIFS(Engagement_Events!$C$5:$C$3000,$A15,Engagement_Events!$D$5:$D$3000,"Feature Use") -> 16 | K15: =COUNTIFS(Engagement_Events!$C$5:$C$3000,$A15,Engagement_Events!$D$5:$D$3000,"Task Completed") -> 2 | L15: =SUM($B$5:B15) -> 16 | M15: =SUM($E$5:E15) -> 0 | N15: =IF(L15=0,0,M15/L15) -> 0
A16: =A15+1 -> 46277 | B16: =COUNTIFS(Referral_Data!$E$5:$E$1000,">="&$A16,Referral_Data!$E$5:$E$1000,"<"&($A16+1)) -> 0 | C16: =COUNTIFS(Referral_Data!$F$5:$F$1000,">="&$A16,Referral_Data!$F$5:$F$1000,"<"&($A16+1)) -> 1 | D16: =COUNTIFS(Referral_Data!$G$5:$G$1000,">="&$A16,Referral_Data!$G$5:$G$1000,"<"&($A16+1)) -> 0 | E16: =COUNTIFS(Referral_Data!$H$5:$H$1000,">="&$A16,Referral_Data!$H$5:$H$1000,"<"&($A16+1)) -> 0 | F16: =SUMIFS(Engagement_Events!$G$5:$G$3000,Engagement_Events!$C$5:$C$3000,$A16) -> 12 | G16: =SUMIFS(Engagement_Events!$K$5:$K$3000,Engagement_Events!$C$5:$C$3000,$A16) -> 0 | H16: =SUMIFS(Engagement_Events!$H$5:$H$3000,Engagement_Events!$C$5:$C$3000,$A16) -> 12 | I16: =COUNTIFS(Engagement_Events!$C$5:$C$3000,$A16,Engagement_Events!$D$5:$D$3000,"Login") -> 12 | J16: =COUNTIFS(Engagement_Events!$C$5:$C$3000,$A16,Engagement_Events!$D$5:$D$3000,"Feature Use") -> 18 | K16: =COUNTIFS(Engagement_Events!$C$5:$C$3000,$A16,Engagement_Events!$D$5:$D$3000,"Task Completed") -> 9 | L16: =SUM($B$5:B16) -> 16 | M16: =SUM($E$5:E16) -> 0 | N16: =IF(L16=0,0,M16/L16) -> 0
A17: =A16+1 -> 46278 | B17: =COUNTIFS(Referral_Data!$E$5:$E$1000,">="&$A17,Referral_Data!$E$5:$E$1000,"<"&($A17+1)) -> 2 | C17: =COUNTIFS(Referral_Data!$F$5:$F$1000,">="&$A17,Referral_Data!$F$5:$F$1000,"<"&($A17+1)) -> 1 | D17: =COUNTIFS(Referral_Data!$G$5:$G$1000,">="&$A17,Referral_Data!$G$5:$G$1000,"<"&($A17+1)) -> 0 | E17: =COUNTIFS(Referral_Data!$H$5:$H$1000,">="&$A17,Referral_Data!$H$5:$H$1000,"<"&($A17+1)) -> 0 | F17: =SUMIFS(Engagement_Events!$G$5:$G$3000,Engagement_Events!$C$5:$C$3000,$A17) -> 8 | G17: =SUMIFS(Engagement_Events!$K$5:$K$3000,Engagement_Events!$C$5:$C$3000,$A17) -> 1 | H17: =SUMIFS(Engagement_Events!$H$5:$H$3000,Engagement_Events!$C$5:$C$3000,$A17) -> 7 | I17: =COUNTIFS(Engagement_Events!$C$5:$C$3000,$A17,Engagement_Events!$D$5:$D$3000,"Login") -> 8 | J17: =COUNTIFS(Engagement_Events!$C$5:$C$3000,$A17,Engagement_Events!$D$5:$D$3000,"Feature Use") -> 13 | K17: =COUNTIFS(Engagement_Events!$C$5:$C$3000,$A17,Engagement_Events!$D$5:$D$3000,"Task Completed") -> 6 | L17: =SUM($B$5:B17) -> 18 | M17: =SUM($E$5:E17) -> 0 | N17: =IF(L17=0,0,M17/L17) -> 0
... A49: =A48+1 -> 46310 | B49: =COUNTIFS(Referral_Data!$E$5:$E$1000,">="&$A49,Referral_Data!$E$5:$E$1000,"<"&($A49+1)) -> 0 | C49: =COUNTIFS(Referral_Data!$F$5:$F$1000,">="&$A49,Referral_Data!$F$5:$F$1000,"<"&($A49+1)) -> 0 | D49: =COUNTIFS(Referral_Data!$G$5:$G$1000,">="&$A49,Referral_Data!$G$5:$G$1000,"<"&($A49+1)) -> 0 | E49: =COUNTIFS(Referral_Data!$H$5:$H$1000,">="&$A49,Referral_Data!$H$5:$H$1000,"<"&($A49+1)) -> 0 | F49: =SUMIFS(Engagement_Events!$G$5:$G$3000,Engagement_Events!$C$5:$C$3000,$A49) -> 19 | G49: =SUMIFS(Engagement_Events!$K$5:$K$3000,Engagement_Events!$C$5:$C$3000,$A49) -> 1 | H49: =SUMIFS(Engagement_Events!$H$5:$H$3000,Engagement_Events!$C$5:$C$3000,$A49) -> 18 | I49: =COUNTIFS(Engagement_Events!$C$5:$C$3000,$A49,Engagement_Events!$D$5:$D$3000,"Login") -> 19 | J49: =COUNTIFS(Engagement_Events!$C$5:$C$3000,$A49,Engagement_Events!$D$5:$D$3000,"Feature Use") -> 27 | K49: =COUNTIFS(Engagement_Events!$C$5:$C$3000,$A49,Engagement_Events!$D$5:$D$3000,"Task Completed") -> 8 | L49: =SUM($B$5:B49) -> 60 | M49: =SUM($E$5:E49) -> 10 | N49: =IF(L49=0,0,M49/L49) -> 0.16666667
A51: Note: referral stage counts use the date each stage timestamp occurred (cohort-by-event-date, not cohort-by-creation-date).

Sheet Feature_Adoption
A1: Feature Adoption, Frequency & Repeat Usage
A2: Adoption = distinct users who used the feature / all distinct active users. Counts are not additive across features (a user can adopt several).
A4: Feature | B4: Adopters (distinct users) | C4: Adoption Rate | D4: Total Uses | E4: Feature Frequency (uses per adopter) | F4: Repeat Users (used 2+ times) | G4: Repeat Usage Rate | H4: Tasks Completed in Feature
A5: Dashboard | B5: =SUMIFS(Engagement_Events!$I$5:$I$3000,Engagement_Events!$E$5:$E$3000,$A5) -> 54 | C5: =IFERROR(B5/SUM(Engagement_Events!$K$5:$K$3000),0) -> 0.93103448 | D5: =COUNTIFS(Engagement_Events!$D$5:$D$3000,"Feature Use",Engagement_Events!$E$5:$E$3000,$A5) -> 276 | E5: =IFERROR(D5/B5,0) -> 5.1111111 | F5: =SUMIFS(Engagement_Events!$J$5:$J$3000,Engagement_Events!$E$5:$E$3000,$A5) -> 41 | G5: =IFERROR(F5/B5,0) -> 0.75925926 | H5: =COUNTIFS(Engagement_Events!$D$5:$D$3000,"Task Completed",Engagement_Events!$E$5:$E$3000,$A5) -> 93
A6: Reports | B6: =SUMIFS(Engagement_Events!$I$5:$I$3000,Engagement_Events!$E$5:$E$3000,$A6) -> 44 | C6: =IFERROR(B6/SUM(Engagement_Events!$K$5:$K$3000),0) -> 0.75862069 | D6: =COUNTIFS(Engagement_Events!$D$5:$D$3000,"Feature Use",Engagement_Events!$E$5:$E$3000,$A6) -> 168 | E6: =IFERROR(D6/B6,0) -> 3.8181818 | F6: =SUMIFS(Engagement_Events!$J$5:$J$3000,Engagement_Events!$E$5:$E$3000,$A6) -> 39 | G6: =IFERROR(F6/B6,0) -> 0.88636364 | H6: =COUNTIFS(Engagement_Events!$D$5:$D$3000,"Task Completed",Engagement_Events!$E$5:$E$3000,$A6) -> 63
A7: Invite & Share | B7: =SUMIFS(Engagement_Events!$I$5:$I$3000,Engagement_Events!$E$5:$E$3000,$A7) -> 47 | C7: =IFERROR(B7/SUM(Engagement_Events!$K$5:$K$3000),0) -> 0.81034483 | D7: =COUNTIFS(Engagement_Events!$D$5:$D$3000,"Feature Use",Engagement_Events!$E$5:$E$3000,$A7) -> 133 | E7: =IFERROR(D7/B7,0) -> 2.8297872 | F7: =SUMIFS(Engagement_Events!$J$5:$J$3000,Engagement_Events!$E$5:$E$3000,$A7) -> 34 | G7: =IFERROR(F7/B7,0) -> 0.72340426 | H7: =COUNTIFS(Engagement_Events!$D$5:$D$3000,"Task Completed",Engagement_Events!$E$5:$E$3000,$A7) -> 43
A8: Chat | B8: =SUMIFS(Engagement_Events!$I$5:$I$3000,Engagement_Events!$E$5:$E$3000,$A8) -> 46 | C8: =IFERROR(B8/SUM(Engagement_Events!$K$5:$K$3000),0) -> 0.79310345 | D8: =COUNTIFS(Engagement_Events!$D$5:$D$3000,"Feature Use",Engagement_Events!$E$5:$E$3000,$A8) -> 156 | E8: =IFERROR(D8/B8,0) -> 3.3913043 | F8: =SUMIFS(Engagement_Events!$J$5:$J$3000,Engagement_Events!$E$5:$E$3000,$A8) -> 34 | G8: =IFERROR(F8/B8,0) -> 0.73913043 | H8: =COUNTIFS(Engagement_Events!$D$5:$D$3000,"Task Completed",Engagement_Events!$E$5:$E$3000,$A8) -> 58
A9: Export | B9: =SUMIFS(Engagement_Events!$I$5:$I$3000,Engagement_Events!$E$5:$E$3000,$A9) -> 34 | C9: =IFERROR(B9/SUM(Engagement_Events!$K$5:$K$3000),0) -> 0.5862069 | D9: =COUNTIFS(Engagement_Events!$D$5:$D$3000,"Feature Use",Engagement_Events!$E$5:$E$3000,$A9) -> 71 | E9: =IFERROR(D9/B9,0) -> 2.0882353 | F9: =SUMIFS(Engagement_Events!$J$5:$J$3000,Engagement_Events!$E$5:$E$3000,$A9) -> 19 | G9: =IFERROR(F9/B9,0) -> 0.55882353 | H9: =COUNTIFS(Engagement_Events!$D$5:$D$3000,"Task Completed",Engagement_Events!$E$5:$E$3000,$A9) -> 30

Sheet Settings
A1: Settings, Assumptions & Targets
A2: Yellow cells are assumptions you should confirm/edit. All formulas in the workbook read from here.
A3: Parameter | B3: Value | C3: Notes
A4: Reporting Start Date | B4: 46266 | C4: First date shown on Daily_Activity.
A5: As-of Date | B5: 46310 | C5: Date used for DAU / WAU / MAU. Update when you refresh data.
A6: Activation Window (days after registration) | B6: 7 | C6: Assumption: activation counts as 'on time' if it happens within this many days of registration.
A7: Referral Expiry (days with no registration) | B7: 30 | C7: Assumption: unregistered referrals older than this are set to 'Expired'.
A8: WAU Window (days) | B8: 7 | C8: Rolling window ending on As-of Date.
A9: MAU Window (days) | B9: 30 | C9: Rolling window ending on As-of Date.
A11: KPI Target | B11: Value | C11: Notes
A12: Registration Rate (Registered / Created) | B12: 0.6 | C12: Illustrative placeholder target - not sourced from any benchmark.
A13: Activation Rate (Activated / Registered) | B13: 0.5 | C13: Illustrative placeholder target - not sourced from any benchmark.
A14: Conversion Rate (Converted / Activated) | B14: 0.5 | C14: Illustrative placeholder target - not sourced from any benchmark.
A15: Overall Referral Conversion (Converted / Created) | B15: 0.15 | C15: Illustrative placeholder target - not sourced from any benchmark.
A16: Stickiness (DAU / MAU) | B16: 0.2 | C16: Illustrative placeholder target - not sourced from any benchmark.
A17: Returning User Rate (Returning / DAU) | B17: 0.4 | C17: Illustrative placeholder target - not sourced from any benchmark.
A18: Feature Repeat Rate (avg across features) | B18: 0.5 | C18: Illustrative placeholder target - not sourced from any benchmark.
A20: Business Definitions | B20: Value | C20: Notes
A21: Activation event (what counts as 'Activated') | B21: First 'Task Completed' event by the referred user | C21: Edit to match your product's key first-value action.
A22: Conversion event (what counts as 'Converted') | B22: Define: e.g. first paid plan / qualifying transaction / verified purchase | C22: Must be a stronger milestone than Activation. Registration alone is NEVER a conversion.

Sheet E1_Data_Dictionary
A1: E1 - Referral Data Dictionary & Stage Definitions
A3: Field | B3: Column (Referral_Data) | C3: Type | D3: Required? | E3: Definition | F3: Rule / Example
A4: Referral ID | B4: A | C4: Text (unique key) | D4: Yes | E4: Unique identifier of one referral (one invitation of one person). | F4: REF-0001. Never reused.
A5: Referring User ID | B5: B | C5: Text (FK to user table) | D5: Yes | E5: The existing user who sent the referral. | F5: U001. One referrer can have many referrals.
A6: Referred User ID | B6: C | C6: Text (FK to user table) | D6: Only after registration | E6: The new user created by the referral. Blank until the person registers. | F6: R001. Must be unique per referral.
A7: Source | B7: D | C7: List | D7: Yes | E7: Channel / mechanism through which the referral was created or clicked. | F7: Email, WhatsApp, Social Media, In-App Invite, Referral Link.
A8: Created Timestamp | B8: E | C8: Date-time | D8: Yes | E8: When the referral record was created (invite sent / link generated). | F8: 2026-09-04 10:15. Start of the funnel.
A9: Registered Timestamp | B9: F | C9: Date-time | D9: Blank until it happens | E9: When the referred user finished sign-up and an account was created. | F9: Must be >= Created Timestamp.
A10: Activated Timestamp | B10: G | C10: Date-time | D10: Blank until it happens | E10: When the referred user first completed the activation event (see Settings). | F10: Must be >= Registered Timestamp. Registration alone is NOT activation.
A11: Converted Timestamp (added) | B11: H | C11: Date-time | D11: Blank until it happens | E11: When the referred user met the conversion criterion (see Settings). Added so 'Referral Converted' is measurable separately from registration. | F11: Must be >= Activated Timestamp.
A12: Status | B12: I | C12: List | D12: Yes | E12: Current funnel stage of the referral. | F12: Created / Registered / Activated / Converted / Expired.
A14: Stage | B14: Entry condition | C14: Evidence field | D14: Counts as conversion? | E14: Definition | F14: Notes
A15: Referral Created | B15: Invitation/link generated | C15: Created Timestamp | D15: No | E15: Top of funnel. | F15: Denominator for overall conversion.
... A19: Expired | B19: No registration within expiry window | C19: Status = Expired | D19: No | E19: Referral lapsed. | F19: Expiry days are set in Settings.

Sheet E2_Metric_Definitions
A1: E2 - Engagement & Funnel Metric Definitions
A3: Area | B3: Metric | C3: Definition | D3: Calculation | E3: Source in this workbook | F3: Grain
A4: Referral funnel | B4: Referral Created / Registered / Activated / Converted | C4: Count of referrals that reached each stage. | D4: COUNTA / COUNT of stage timestamp columns | E4: KPI_Dashboard section 1 | F4: Per referral
A5: Referral funnel | B5: Step conversion & overall conversion | C5: Share moving from one stage to the next, and from Created to Converted. | D5: Stage n / Stage n-1; Converted / Created | E5: KPI_Dashboard sections 1-2 | F5: Per period
A6: Referral funnel | B6: Daily referral funnel | C6: Referrals reaching each stage on each calendar day. | D6: COUNTIFS of stage timestamp within the day | E6: Daily_Activity cols B-E | F6: Per day
A7: Feature adoption | B7: Feature adoption rate | C7: Share of active users who used a feature at least once. | D7: Distinct users of feature / distinct active users | E7: Feature_Adoption col C | F7: Per feature
A8: Repeat usage | B8: Repeat usage rate | C8: Share of adopters who used the same feature 2+ times. | D8: Users with 2+ uses / adopters | E8: Feature_Adoption col G | F8: Per feature
A9: Feature frequency | B9: Uses per adopter | C9: Average number of times an adopter used a feature. | D9: Total feature uses / adopters | E9: Feature_Adoption col E | F9: Per feature
A10: Task activity | B10: Task completions | C10: Number of 'Task Completed' events; also per active user. | D10: COUNTIF Task Completed; / distinct active users | E10: KPI_Dashboard 40-41; Daily_Activity col K | F10: Per event / user
A11: Daily activity | B11: DAU | C11: Distinct users with at least one event on a day. | D11: SUMIFS of 'first event of user-day' helper | E11: Daily_Activity col F; KPI_Dashboard 33 | F11: Per day
A12: Active users | B12: WAU / MAU | C12: Distinct users active in the trailing 7 / 30 days ending on the as-of date. | D12: SUM of window helper columns | E12: KPI_Dashboard 34-35 | F12: Rolling window
A13: Active users | B13: Stickiness | C13: How habitually monthly users return daily. | D13: DAU / MAU | E13: KPI_Dashboard 36 | F13: As-of date
A14: Returning users | B14: Returning users & rate | C14: Users active today who were also active on an earlier day. | D14: Returning user-days; / DAU | E14: Daily_Activity col H; KPI_Dashboard 37-38 | F14: Per day
... A16: Group comparison | B16: Referred vs Referrer vs Organic engagement | C16: Compares activity depth of referred users against others. | D16: Events / distinct users by User Group | E16: KPI_Dashboard section 5 | F16: Per group
