Workbook

Sheet Dashboard
B1: Referral Program Dashboard
B2: ="Period: "&TEXT(MIN(Data!$D$2:$D$7),"dd mmm yyyy")&" to "&TEXT(MAX(Data!$D$2:$D$7),"dd mmm yyyy")&" | All figures update from the Data sheet" -> Period: 02 Oct 2026 to 11 Oct 2026 | All figures update from the Data sheet
B4: Total Referrals | D4: Registered | F4: Activated | I4: Pending Invites | K4: Unique Referrers
B5: =COUNTA(Data!$A$2:$A$7) -> 6 | D5: =COUNTIFS(Data!$E$2:$E$7,"Registered") -> 5 | F5: =COUNTIFS(Data!$F$2:$F$7,"Activated") -> 3 | I5: =COUNTIFS(Data!$E$2:$E$7,"Invited") -> 1 | K5: =SUMPRODUCT(1/COUNTIF(Data!$B$2:$B$7,Data!$B$2:$B$7)) -> 5
B7: Registration Rate | D7: Activation Rate (all) | F7: Activation (Registered) | I7: Not Activated | K7: Avg Referrals / Referrer
B8: =COUNTIFS(Data!$E$2:$E$7,"Registered")/COUNTA(Data!$A$2:$A$7) -> 0.83333333 | D8: =COUNTIFS(Data!$F$2:$F$7,"Activated")/COUNTA(Data!$A$2:$A$7) -> 0.5 | F8: =IFERROR(COUNTIFS(Data!$E$2:$E$7,"Registered",Data!$F$2:$F$7,"Activated")/COUNTIFS(Data!$E$2:$E$7,"Registered"),0) -> 0.6 | I8: =COUNTIFS(Data!$F$2:$F$7,"Not Activated") -> 3 | K8: =COUNTA(Data!$A$2:$A$7)/SUMPRODUCT(1/COUNTIF(Data!$B$2:$B$7,Data!$B$2:$B$7)) -> 1.2
B10: Referral Funnel | H10: Registration x Activation Status
B11: Stage | C11: Count | D11: % of Referrals | E11: Drop-off vs Prior | H11: Registration Status | I11: Activated | J11: Not Activated | K11: Total
B12: Referred / Invited | C12: =COUNTA(Data!$A$2:$A$7) -> 6 | D12: =C12/C$12 -> 1 | E12: - | H12: Registered | I12: =COUNTIFS(Data!$E$2:$E$7,H12,Data!$F$2:$F$7,"Activated") -> 3 | J12: =COUNTIFS(Data!$E$2:$E$7,H12,Data!$F$2:$F$7,"Not Activated") -> 2 | K12: =I12+J12 -> 5
B13: Registered | C13: =COUNTIFS(Data!$E$2:$E$7,"Registered") -> 5 | D13: =C13/C$12 -> 0.83333333 | E13: =C12-C13 -> 1 | H13: Invited | I13: =COUNTIFS(Data!$E$2:$E$7,H13,Data!$F$2:$F$7,"Activated") -> 0 | J13: =COUNTIFS(Data!$E$2:$E$7,H13,Data!$F$2:$F$7,"Not Activated") -> 1 | K13: =I13+J13 -> 1
B14: Activated | C14: =COUNTIFS(Data!$F$2:$F$7,"Activated") -> 3 | D14: =C14/C$12 -> 0.5 | E14: =C13-C14 -> 2 | H14: Total | I14: =SUM(I12:I13) -> 3 | J14: =SUM(J12:J13) -> 3 | K14: =SUM(K12:K13) -> 6
B17: Performance by Referrer | H17: Daily Trend
B18: Referrer | C18: Referrals | D18: Registered | E18: Activated | F18: Activation Rate | H18: Date | I18: Referrals | J18: Registered | K18: Activated | L18: Activation Rate
B19: U001 | C19: =COUNTIFS(Data!$B$2:$B$7,B19) -> 2 | D19: =COUNTIFS(Data!$B$2:$B$7,B19,Data!$E$2:$E$7,"Registered") -> 1 | E19: =COUNTIFS(Data!$B$2:$B$7,B19,Data!$F$2:$F$7,"Activated") -> 1 | F19: =IFERROR(E19/C19,0) -> 0.5 | H19: 46297 | I19: =COUNTIFS(Data!$D$2:$D$7,H19) -> 1 | J19: =COUNTIFS(Data!$D$2:$D$7,H19,Data!$E$2:$E$7,"Registered") -> 1 | K19: =COUNTIFS(Data!$D$2:$D$7,H19,Data!$F$2:$F$7,"Activated") -> 1 | L19: =IFERROR(K19/I19,0) -> 1
B20: U002 | C20: =COUNTIFS(Data!$B$2:$B$7,B20) -> 1 | D20: =COUNTIFS(Data!$B$2:$B$7,B20,Data!$E$2:$E$7,"Registered") -> 1 | E20: =COUNTIFS(Data!$B$2:$B$7,B20,Data!$F$2:$F$7,"Activated") -> 0 | F20: =IFERROR(E20/C20,0) -> 0 | H20: 46298 | I20: =COUNTIFS(Data!$D$2:$D$7,H20) -> 1 | J20: =COUNTIFS(Data!$D$2:$D$7,H20,Data!$E$2:$E$7,"Registered") -> 1 | K20: =COUNTIFS(Data!$D$2:$D$7,H20,Data!$F$2:$F$7,"Activated") -> 0 | L20: =IFERROR(K20/I20,0) -> 0
B21: U004 | C21: =COUNTIFS(Data!$B$2:$B$7,B21) -> 1 | D21: =COUNTIFS(Data!$B$2:$B$7,B21,Data!$E$2:$E$7,"Registered") -> 1 | E21: =COUNTIFS(Data!$B$2:$B$7,B21,Data!$F$2:$F$7,"Activated") -> 1 | F21: =IFERROR(E21/C21,0) -> 1 | H21: 46300 | I21: =COUNTIFS(Data!$D$2:$D$7,H21) -> 1 | J21: =COUNTIFS(Data!$D$2:$D$7,H21,Data!$E$2:$E$7,"Registered") -> 1 | K21: =COUNTIFS(Data!$D$2:$D$7,H21,Data!$F$2:$F$7,"Activated") -> 1 | L21: =IFERROR(K21/I21,0) -> 1
B22: U005 | C22: =COUNTIFS(Data!$B$2:$B$7,B22) -> 1 | D22: =COUNTIFS(Data!$B$2:$B$7,B22,Data!$E$2:$E$7,"Registered") -> 1 | E22: =COUNTIFS(Data!$B$2:$B$7,B22,Data!$F$2:$F$7,"Activated") -> 0 | F22: =IFERROR(E22/C22,0) -> 0 | H22: 46301 | I22: =COUNTIFS(Data!$D$2:$D$7,H22) -> 1 | J22: =COUNTIFS(Data!$D$2:$D$7,H22,Data!$E$2:$E$7,"Registered") -> 1 | K22: =COUNTIFS(Data!$D$2:$D$7,H22,Data!$F$2:$F$7,"Activated") -> 0 | L22: =IFERROR(K22/I22,0) -> 0
B23: U007 | C23: =COUNTIFS(Data!$B$2:$B$7,B23) -> 1 | D23: =COUNTIFS(Data!$B$2:$B$7,B23,Data!$E$2:$E$7,"Registered") -> 1 | E23: =COUNTIFS(Data!$B$2:$B$7,B23,Data!$F$2:$F$7,"Activated") -> 1 | F23: =IFERROR(E23/C23,0) -> 1 | H23: 46303 | I23: =COUNTIFS(Data!$D$2:$D$7,H23) -> 1 | J23: =COUNTIFS(Data!$D$2:$D$7,H23,Data!$E$2:$E$7,"Registered") -> 1 | K23: =COUNTIFS(Data!$D$2:$D$7,H23,Data!$F$2:$F$7,"Activated") -> 1 | L23: =IFERROR(K23/I23,0) -> 1
B24: Total | C24: =SUM(C19:C23) -> 6 | D24: =SUM(D19:D23) -> 5 | E24: =SUM(E19:E23) -> 3 | F24: =IFERROR(E24/C24,0) -> 0.5 | H24: 46306 | I24: =COUNTIFS(Data!$D$2:$D$7,H24) -> 1 | J24: =COUNTIFS(Data!$D$2:$D$7,H24,Data!$E$2:$E$7,"Registered") -> 0 | K24: =COUNTIFS(Data!$D$2:$D$7,H24,Data!$F$2:$F$7,"Activated") -> 0 | L24: =IFERROR(K24/I24,0) -> 0
H25: Total | I25: =SUM(I19:I24) -> 6 | J25: =SUM(J19:J24) -> 5 | K25: =SUM(K19:K24) -> 3 | L25: =IFERROR(K25/I25,0) -> 0.5
B27: Notes & assumptions
B28: Activation Rate (all) = Activated / all referrals; Activation (Registered) only counts referrals whose invitee has registered. 'Invited' means the invitee has not registered yet (no Referred_User_ID).
B29: The referrer list is typed in (users who made at least one referral); add a row for any new referrer ID. Daily Trend lists the dates present in the data.
B30: Charts

Sheet Data
A1: Referral_ID | B1: Referrer_ID | C1: Referred_User_ID | D1: Referral_Date | E1: Registration_Status | F1: Activation_Status
A2: RF001 | B2: U001 | C2: U002 | D2: 46297 | E2: Registered | F2: Activated
A3: RF002 | B3: U002 | C3: U003 | D3: 46298 | E3: Registered | F3: Not Activated
A4: RF003 | B4: U004 | C4: U005 | D4: 46300 | E4: Registered | F4: Activated
A5: RF004 | B5: U005 | C5: U006 | D5: 46301 | E5: Registered | F5: Not Activated
A6: RF005 | B6: U007 | C6: U008 | D6: 46303 | E6: Registered | F6: Activated
A7: RF006 | B7: U001 | D7: 46306 | E7: Invited | F7: Not Activated
A9: Source: dataset provided by user (6 referrals, 2026-10-02 to 2026-10-11). RF006 has no Referred_User_ID because the invitee has not registered yet (left blank as in the source).
