Workbook

Sheet Dashboard
A1: Rewards Dashboard
A2: Source: Rewards_Data sheet | All figures are live formulas
A4: Total Rewards | B4: Total Points | C4: Credited Points | D4: Pending Points | G4: Reversed Points | J4: Unique Users | M4: Avg Points / Reward | P4: Credit Success Rate
A5: =COUNTA(Rewards_Data!$A$2:$A$500) -> 8 | B5: =SUM(Rewards_Data!$E$2:$E$500) -> 900 | C5: =SUMIFS(Rewards_Data!$E$2:$E$500,Rewards_Data!$F$2:$F$500,"Credited") -> 575 | D5: =SUMIFS(Rewards_Data!$E$2:$E$500,Rewards_Data!$F$2:$F$500,"Pending") -> 175 | G5: =SUMIFS(Rewards_Data!$E$2:$E$500,Rewards_Data!$F$2:$F$500,"Reversed") -> 150 | J5: =SUMPRODUCT((Rewards_Data!$B$2:$B$500<>"")/COUNTIF(Rewards_Data!$B$2:$B$500,Rewards_Data!$B$2:$B$500&"")) -> 7 | M5: =IFERROR(AVERAGE(Rewards_Data!$E$2:$E$500),0) -> 112.5 | P5: =IFERROR(COUNTIF(Rewards_Data!$F$2:$F$500,"Credited")/COUNTA(Rewards_Data!$A$2:$A$500),0) -> 0.625
A7: Rewards by Source
A8: Source | B8: Rewards | C8: Total Points | D8: Credited Points
A9: Daily Rewards | B9: =COUNTIF(Rewards_Data!$D$2:$D$500,$A9) -> 3 | C9: =SUMIFS(Rewards_Data!$E$2:$E$500,Rewards_Data!$D$2:$D$500,$A9) -> 300 | D9: =SUMIFS(Rewards_Data!$E$2:$E$500,Rewards_Data!$D$2:$D$500,$A9,Rewards_Data!$F$2:$F$500,"Credited") -> 300
A10: Tasks | B10: =COUNTIF(Rewards_Data!$D$2:$D$500,$A10) -> 3 | C10: =SUMIFS(Rewards_Data!$E$2:$E$500,Rewards_Data!$D$2:$D$500,$A10) -> 475 | D10: =SUMIFS(Rewards_Data!$E$2:$E$500,Rewards_Data!$D$2:$D$500,$A10,Rewards_Data!$F$2:$F$500,"Credited") -> 200
A11: Games | B11: =COUNTIF(Rewards_Data!$D$2:$D$500,$A11) -> 2 | C11: =SUMIFS(Rewards_Data!$E$2:$E$500,Rewards_Data!$D$2:$D$500,$A11) -> 125 | D11: =SUMIFS(Rewards_Data!$E$2:$E$500,Rewards_Data!$D$2:$D$500,$A11,Rewards_Data!$F$2:$F$500,"Credited") -> 75
A12: Total | B12: =SUM(B9:B11) -> 8 | C12: =SUM(C9:C11) -> 900 | D12: =SUM(D9:D11) -> 575
A15: Rewards by Status
A16: Status | B16: Rewards | C16: Points | D16: % of Points
A17: Credited | B17: =COUNTIF(Rewards_Data!$F$2:$F$500,$A17) -> 5 | C17: =SUMIFS(Rewards_Data!$E$2:$E$500,Rewards_Data!$F$2:$F$500,$A17) -> 575 | D17: =IFERROR(C17/SUM(Rewards_Data!$E$2:$E$500),0) -> 0.63888889
A18: Pending | B18: =COUNTIF(Rewards_Data!$F$2:$F$500,$A18) -> 2 | C18: =SUMIFS(Rewards_Data!$E$2:$E$500,Rewards_Data!$F$2:$F$500,$A18) -> 175 | D18: =IFERROR(C18/SUM(Rewards_Data!$E$2:$E$500),0) -> 0.19444444
A19: Reversed | B19: =COUNTIF(Rewards_Data!$F$2:$F$500,$A19) -> 1 | C19: =SUMIFS(Rewards_Data!$E$2:$E$500,Rewards_Data!$F$2:$F$500,$A19) -> 150 | D19: =IFERROR(C19/SUM(Rewards_Data!$E$2:$E$500),0) -> 0.16666667
A20: Total | B20: =SUM(B17:B19) -> 8 | C20: =SUM(C17:C19) -> 900 | D20: =SUM(D17:D19) -> 1
A23: Daily Trend
A24: Date | B24: Rewards | C24: Total Points | D24: Credited Points
A25: 46303 | B25: =COUNTIF(Rewards_Data!$C$2:$C$500,$A25) -> 2 | C25: =SUMIFS(Rewards_Data!$E$2:$E$500,Rewards_Data!$C$2:$C$500,$A25) -> 300 | D25: =SUMIFS(Rewards_Data!$E$2:$E$500,Rewards_Data!$C$2:$C$500,$A25,Rewards_Data!$F$2:$F$500,"Credited") -> 300
A26: 46304 | B26: =COUNTIF(Rewards_Data!$C$2:$C$500,$A26) -> 2 | C26: =SUMIFS(Rewards_Data!$E$2:$E$500,Rewards_Data!$C$2:$C$500,$A26) -> 150 | D26: =SUMIFS(Rewards_Data!$E$2:$E$500,Rewards_Data!$C$2:$C$500,$A26,Rewards_Data!$F$2:$F$500,"Credited") -> 100
A27: 46305 | B27: =COUNTIF(Rewards_Data!$C$2:$C$500,$A27) -> 2 | C27: =SUMIFS(Rewards_Data!$E$2:$E$500,Rewards_Data!$C$2:$C$500,$A27) -> 225 | D27: =SUMIFS(Rewards_Data!$E$2:$E$500,Rewards_Data!$C$2:$C$500,$A27,Rewards_Data!$F$2:$F$500,"Credited") -> 75
A28: 46306 | B28: =COUNTIF(Rewards_Data!$C$2:$C$500,$A28) -> 2 | C28: =SUMIFS(Rewards_Data!$E$2:$E$500,Rewards_Data!$C$2:$C$500,$A28) -> 225 | D28: =SUMIFS(Rewards_Data!$E$2:$E$500,Rewards_Data!$C$2:$C$500,$A28,Rewards_Data!$F$2:$F$500,"Credited") -> 100
A29: Total | B29: =SUM(B25:B28) -> 8 | C29: =SUM(C25:C28) -> 900 | D29: =SUM(D25:D28) -> 575
A32: Rewards by User
A33: User | B33: Rewards | C33: Total Points | D33: Credited Points
A34: U001 | B34: =COUNTIF(Rewards_Data!$B$2:$B$500,$A34) -> 2 | C34: =SUMIFS(Rewards_Data!$E$2:$E$500,Rewards_Data!$B$2:$B$500,$A34) -> 175 | D34: =SUMIFS(Rewards_Data!$E$2:$E$500,Rewards_Data!$B$2:$B$500,$A34,Rewards_Data!$F$2:$F$500,"Credited") -> 175
A35: U002 | B35: =COUNTIF(Rewards_Data!$B$2:$B$500,$A35) -> 1 | C35: =SUMIFS(Rewards_Data!$E$2:$E$500,Rewards_Data!$B$2:$B$500,$A35) -> 200 | D35: =SUMIFS(Rewards_Data!$E$2:$E$500,Rewards_Data!$B$2:$B$500,$A35,Rewards_Data!$F$2:$F$500,"Credited") -> 200
A36: U003 | B36: =COUNTIF(Rewards_Data!$B$2:$B$500,$A36) -> 1 | C36: =SUMIFS(Rewards_Data!$E$2:$E$500,Rewards_Data!$B$2:$B$500,$A36) -> 50 | D36: =SUMIFS(Rewards_Data!$E$2:$E$500,Rewards_Data!$B$2:$B$500,$A36,Rewards_Data!$F$2:$F$500,"Credited") -> 0
A37: U004 | B37: =COUNTIF(Rewards_Data!$B$2:$B$500,$A37) -> 1 | C37: =SUMIFS(Rewards_Data!$E$2:$E$500,Rewards_Data!$B$2:$B$500,$A37) -> 100 | D37: =SUMIFS(Rewards_Data!$E$2:$E$500,Rewards_Data!$B$2:$B$500,$A37,Rewards_Data!$F$2:$F$500,"Credited") -> 100
A38: U005 | B38: =COUNTIF(Rewards_Data!$B$2:$B$500,$A38) -> 1 | C38: =SUMIFS(Rewards_Data!$E$2:$E$500,Rewards_Data!$B$2:$B$500,$A38) -> 150 | D38: =SUMIFS(Rewards_Data!$E$2:$E$500,Rewards_Data!$B$2:$B$500,$A38,Rewards_Data!$F$2:$F$500,"Credited") -> 0
A39: U007 | B39: =COUNTIF(Rewards_Data!$B$2:$B$500,$A39) -> 1 | C39: =SUMIFS(Rewards_Data!$E$2:$E$500,Rewards_Data!$B$2:$B$500,$A39) -> 125 | D39: =SUMIFS(Rewards_Data!$E$2:$E$500,Rewards_Data!$B$2:$B$500,$A39,Rewards_Data!$F$2:$F$500,"Credited") -> 0
A40: U008 | B40: =COUNTIF(Rewards_Data!$B$2:$B$500,$A40) -> 1 | C40: =SUMIFS(Rewards_Data!$E$2:$E$500,Rewards_Data!$B$2:$B$500,$A40) -> 100 | D40: =SUMIFS(Rewards_Data!$E$2:$E$500,Rewards_Data!$B$2:$B$500,$A40,Rewards_Data!$F$2:$F$500,"Credited") -> 100
A41: Total | B41: =SUM(B34:B40) -> 8 | C41: =SUM(C34:C40) -> 900 | D41: =SUM(D34:D40) -> 575

Sheet Rewards_Data
A1: Reward_ID | B1: User_ID | C1: Reward_Date | D1: Reward_Source | E1: Reward_Points | F1: Reward_Status | H1: Notes
A2: R001 | B2: U001 | C2: 46303 | D2: Daily Rewards | E2: 100 | F2: Credited | H2: R008 Reward_Status was split onto a new line in the source data; read as 'Credited'.
A3: R002 | B3: U002 | C3: 46303 | D3: Tasks | E3: 200 | F3: Credited | H3: Dashboard formulas read rows 2-500, so new rows added below the table are picked up.
A4: R003 | B4: U003 | C4: 46304 | D4: Games | E4: 50 | F4: Pending
A5: R004 | B5: U004 | C5: 46304 | D5: Daily Rewards | E5: 100 | F5: Credited
A6: R005 | B6: U005 | C6: 46305 | D6: Tasks | E6: 150 | F6: Reversed
A7: R006 | B7: U001 | C7: 46305 | D7: Games | E7: 75 | F7: Credited
A8: R007 | B8: U007 | C8: 46306 | D8: Tasks | E8: 125 | F8: Pending
A9: R008 | B9: U008 | C9: 46306 | D9: Daily Rewards | E9: 100 | F9: Credited
