Workbook

Sheet Dashboard
B1: User Engagement Dashboard
B2: ="Period: "&TEXT(MIN(Data!C2:C500),"dd mmm yyyy")&" – "&TEXT(MAX(Data!C2:C500),"dd mmm yyyy") -> Period: 08 Oct 2026 – 11 Oct 2026
B4: Total Events | D4: Unique Users | F4: Tasks Completed | I4: Completion Rate | K4: Total Session Min | M4: Avg Session Min
B5: =COUNTA(Data!A2:A500) -> 8 | D5: =SUMPRODUCT((Data!$B$2:$B$500<>"")/COUNTIF(Data!$B$2:$B$500,Data!$B$2:$B$500&"")) -> 7 | F5: =COUNTIF(Data!$E$2:$E$500,"Completed") -> 6 | I5: =IFERROR(F5/B5,0) -> 0.75 | K5: =SUM(Data!$F$2:$F$500) -> 122 | M5: =IFERROR(K5/B5,0) -> 15.25
B7: Performance by Feature | I7: Task Status Split
B8: Feature | C8: Events | D8: Completed | E8: Completion % | F8: Total Min | G8: Avg Min | I8: Status | J8: Events | K8: % of Events
B9: Daily Rewards | C9: =COUNTIF(Data!$D$2:$D$500,$B9) -> 3 | D9: =COUNTIFS(Data!$D$2:$D$500,$B9,Data!$E$2:$E$500,"Completed") -> 3 | E9: =IFERROR(D9/C9,0) -> 1 | F9: =SUMIFS(Data!$F$2:$F$500,Data!$D$2:$D$500,$B9) -> 41 | G9: =IFERROR(F9/C9,0) -> 13.666667 | I9: Completed | J9: =COUNTIF(Data!$E$2:$E$500,$I9) -> 6 | K9: =IFERROR(J9/$B$5,0) -> 0.75
B10: Tasks | C10: =COUNTIF(Data!$D$2:$D$500,$B10) -> 3 | D10: =COUNTIFS(Data!$D$2:$D$500,$B10,Data!$E$2:$E$500,"Completed") -> 2 | E10: =IFERROR(D10/C10,0) -> 0.66666667 | F10: =SUMIFS(Data!$F$2:$F$500,Data!$D$2:$D$500,$B10) -> 55 | G10: =IFERROR(F10/C10,0) -> 18.333333 | I10: Started | J10: =COUNTIF(Data!$E$2:$E$500,$I10) -> 2 | K10: =IFERROR(J10/$B$5,0) -> 0.25
B11: Games | C11: =COUNTIF(Data!$D$2:$D$500,$B11) -> 2 | D11: =COUNTIFS(Data!$D$2:$D$500,$B11,Data!$E$2:$E$500,"Completed") -> 1 | E11: =IFERROR(D11/C11,0) -> 0.5 | F11: =SUMIFS(Data!$F$2:$F$500,Data!$D$2:$D$500,$B11) -> 26 | G11: =IFERROR(F11/C11,0) -> 13
B14: Daily Activity | I14: Activity by User
B15: Date | C15: Events | D15: Total Min | E15: Avg Min | I15: User | J15: Events | K15: Total Min | L15: Avg Min
B16: 46303 | C16: =COUNTIF(Data!$C$2:$C$500,$B16) -> 2 | D16: =SUMIFS(Data!$F$2:$F$500,Data!$C$2:$C$500,$B16) -> 32 | E16: =IFERROR(D16/C16,0) -> 16 | I16: U001 | J16: =COUNTIF(Data!$B$2:$B$500,$I16) -> 2 | K16: =SUMIFS(Data!$F$2:$F$500,Data!$B$2:$B$500,$I16) -> 30 | L16: =IFERROR(K16/J16,0) -> 15
B17: 46304 | C17: =COUNTIF(Data!$C$2:$C$500,$B17) -> 2 | D17: =SUMIFS(Data!$F$2:$F$500,Data!$C$2:$C$500,$B17) -> 23 | E17: =IFERROR(D17/C17,0) -> 11.5 | I17: U002 | J17: =COUNTIF(Data!$B$2:$B$500,$I17) -> 1 | K17: =SUMIFS(Data!$F$2:$F$500,Data!$B$2:$B$500,$I17) -> 20 | L17: =IFERROR(K17/J17,0) -> 20
B18: 46305 | C18: =COUNTIF(Data!$C$2:$C$500,$B18) -> 2 | D18: =SUMIFS(Data!$F$2:$F$500,Data!$C$2:$C$500,$B18) -> 43 | E18: =IFERROR(D18/C18,0) -> 21.5 | I18: U003 | J18: =COUNTIF(Data!$B$2:$B$500,$I18) -> 1 | K18: =SUMIFS(Data!$F$2:$F$500,Data!$B$2:$B$500,$I18) -> 8 | L18: =IFERROR(K18/J18,0) -> 8
B19: 46306 | C19: =COUNTIF(Data!$C$2:$C$500,$B19) -> 2 | D19: =SUMIFS(Data!$F$2:$F$500,Data!$C$2:$C$500,$B19) -> 24 | E19: =IFERROR(D19/C19,0) -> 12 | I19: U004 | J19: =COUNTIF(Data!$B$2:$B$500,$I19) -> 1 | K19: =SUMIFS(Data!$F$2:$F$500,Data!$B$2:$B$500,$I19) -> 15 | L19: =IFERROR(K19/J19,0) -> 15
I20: U005 | J20: =COUNTIF(Data!$B$2:$B$500,$I20) -> 1 | K20: =SUMIFS(Data!$F$2:$F$500,Data!$B$2:$B$500,$I20) -> 25 | L20: =IFERROR(K20/J20,0) -> 25
I21: U007 | J21: =COUNTIF(Data!$B$2:$B$500,$I21) -> 1 | K21: =SUMIFS(Data!$F$2:$F$500,Data!$B$2:$B$500,$I21) -> 10 | L21: =IFERROR(K21/J21,0) -> 10
I22: U008 | J22: =COUNTIF(Data!$B$2:$B$500,$I22) -> 1 | K22: =SUMIFS(Data!$F$2:$F$500,Data!$B$2:$B$500,$I22) -> 14 | L22: =IFERROR(K22/J22,0) -> 14

Sheet Data
A1: Event_ID | B1: User_ID | C1: Event_Date | D1: Feature | E1: Task_Status | F1: Session_Minutes | H1: Note: Dashboard formulas read Data rows 2–500, so you can append new events below row 9 and everything updates.
A2: E001 | B2: U001 | C2: 46303 | D2: Daily Rewards | E2: Completed | F2: 12
A3: E002 | B3: U002 | C3: 46303 | D3: Tasks | E3: Completed | F3: 20
A4: E003 | B4: U003 | C4: 46304 | D4: Games | E4: Started | F4: 8
A5: E004 | B5: U004 | C5: 46304 | D5: Daily Rewards | E5: Completed | F5: 15
A6: E005 | B6: U005 | C6: 46305 | D6: Tasks | E6: Completed | F6: 25
A7: E006 | B7: U001 | C7: 46305 | D7: Games | E7: Completed | F7: 18
A8: E007 | B8: U007 | C8: 46306 | D8: Tasks | E8: Started | F8: 10
A9: E008 | B9: U008 | C9: 46306 | D9: Daily Rewards | E9: Completed | F9: 14
