Workbook

Sheet Dashboard
B1: User Acquisition Dashboard
B2: ="Registrations: "&TEXT(MIN(Data!$B$2:$B$1000),"dd mmm yyyy")&" to "&TEXT(MAX(Data!$B$2:$B$1000),"dd mmm yyyy") -> Registrations: 01 Oct 2026 to 08 Oct 2026
B4: Total Users | F4: Active Users | J4: Inactive Users
B5: =COUNTA(Data!$A$2:$A$1000) -> 8 | F5: =COUNTIF(Data!$F$2:$F$1000,"Active") -> 6 | J5: =COUNTIF(Data!$F$2:$F$1000,"Inactive") -> 2
B7: Active Rate | F7: Top Acquisition Source | J7: Top City
B8: =IF(B5=0,0,F5/B5) -> 0.75 | F8: =INDEX(B12:B14,MATCH(MAX(C12:C14),C12:C14,0)) -> Organic | J8: =INDEX(B19:B22,MATCH(MAX(C19:C22),C19:C22,0)) -> Jaipur
B10: Users by Source | F10: Daily Registrations
B11: Source | C11: Users | D11: Active % | F11: Date | G11: Registrations
B12: Organic | C12: =COUNTIF(Data!$C$2:$C$1000,B12) -> 3 | D12: =IF(C12=0,0,COUNTIFS(Data!$C$2:$C$1000,B12,Data!$F$2:$F$1000,"Active")/C12) -> 1 | F12: =MIN(Data!$B$2:$B$1000)+0 -> 46296 | G12: =COUNTIF(Data!$B$2:$B$1000,F12) -> 1
B13: Referral | C13: =COUNTIF(Data!$C$2:$C$1000,B13) -> 3 | D13: =IF(C13=0,0,COUNTIFS(Data!$C$2:$C$1000,B13,Data!$F$2:$F$1000,"Active")/C13) -> 1 | F13: =F12+1 -> 46297 | G13: =COUNTIF(Data!$B$2:$B$1000,F13) -> 1
B14: Social Media | C14: =COUNTIF(Data!$C$2:$C$1000,B14) -> 2 | D14: =IF(C14=0,0,COUNTIFS(Data!$C$2:$C$1000,B14,Data!$F$2:$F$1000,"Active")/C14) -> 0 | F14: =F13+1 -> 46298 | G14: =COUNTIF(Data!$B$2:$B$1000,F14) -> 1
F15: =F14+1 -> 46299 | G15: =COUNTIF(Data!$B$2:$B$1000,F15) -> 1
F16: =F15+1 -> 46300 | G16: =COUNTIF(Data!$B$2:$B$1000,F16) -> 1
B17: Users by City | F17: =F16+1 -> 46301 | G17: =COUNTIF(Data!$B$2:$B$1000,F17) -> 1
B18: City | C18: Users | D18: Active % | F18: =F17+1 -> 46302 | G18: =COUNTIF(Data!$B$2:$B$1000,F18) -> 1
B19: Jaipur | C19: =COUNTIF(Data!$E$2:$E$1000,B19) -> 3 | D19: =IF(C19=0,0,COUNTIFS(Data!$E$2:$E$1000,B19,Data!$F$2:$F$1000,"Active")/C19) -> 1 | F19: =F18+1 -> 46303 | G19: =COUNTIF(Data!$B$2:$B$1000,F19) -> 1
B20: Delhi | C20: =COUNTIF(Data!$E$2:$E$1000,B20) -> 2 | D20: =IF(C20=0,0,COUNTIFS(Data!$E$2:$E$1000,B20,Data!$F$2:$F$1000,"Active")/C20) -> 0.5 | F20: Daily table covers 8 days from first registration; extend rows if you add more dates.
B21: Mumbai | C21: =COUNTIF(Data!$E$2:$E$1000,B21) -> 2 | D21: =IF(C21=0,0,COUNTIFS(Data!$E$2:$E$1000,B21,Data!$F$2:$F$1000,"Active")/C21) -> 0.5
B22: Indore | C22: =COUNTIF(Data!$E$2:$E$1000,B22) -> 1 | D22: =IF(C22=0,0,COUNTIFS(Data!$E$2:$E$1000,B22,Data!$F$2:$F$1000,"Active")/C22) -> 1
B25: Users by Device
B26: Device | C26: Users | D26: Active %
B27: Android | C27: =COUNTIF(Data!$D$2:$D$1000,B27) -> 4 | D27: =IF(C27=0,0,COUNTIFS(Data!$D$2:$D$1000,B27,Data!$F$2:$F$1000,"Active")/C27) -> 0.75
B28: iOS | C28: =COUNTIF(Data!$D$2:$D$1000,B28) -> 2 | D28: =IF(C28=0,0,COUNTIFS(Data!$D$2:$D$1000,B28,Data!$F$2:$F$1000,"Active")/C28) -> 0.5
B29: Web | C29: =COUNTIF(Data!$D$2:$D$1000,B29) -> 2 | D29: =IF(C29=0,0,COUNTIFS(Data!$D$2:$D$1000,B29,Data!$F$2:$F$1000,"Active")/C29) -> 1
B31: Users by Status
B32: Status | C32: Users | D32: Share %
B33: Active | C33: =COUNTIF(Data!$F$2:$F$1000,B33) -> 6 | D33: =IF($B$5=0,0,C33/$B$5) -> 0.75
B34: Inactive | C34: =COUNTIF(Data!$F$2:$F$1000,B34) -> 2 | D34: =IF($B$5=0,0,C34/$B$5) -> 0.25

Sheet Data
A1: User_ID | B1: Registration_Date | C1: Acquisition_Source | D1: Device | E1: City | F1: User_Status | H1: Note: Add new users in the rows directly below the table. The Dashboard formulas read rows 2–1000, so it updates automatically.
A2: U001 | B2: 46296 | C2: Organic | D2: Android | E2: Jaipur | F2: Active
A3: U002 | B3: 46297 | C3: Referral | D3: Android | E3: Delhi | F3: Active
A4: U003 | B4: 46298 | C4: Social Media | D4: iOS | E4: Mumbai | F4: Inactive
A5: U004 | B5: 46299 | C5: Organic | D5: Android | E5: Jaipur | F5: Active
A6: U005 | B6: 46300 | C6: Referral | D6: Web | E6: Indore | F6: Active
A7: U006 | B7: 46301 | C7: Social Media | D7: Android | E7: Delhi | F7: Inactive
A8: U007 | B8: 46302 | C8: Organic | D8: Web | E8: Jaipur | F8: Active
A9: U008 | B9: 46303 | C9: Referral | D9: iOS | E9: Mumbai | F9: Active
