Workbook

Sheet README
A1: VELOOP – Earning Activity Analytics Design
A2: Analyst workbook: lifecycle measurement, schemas, failure classification, reward events, third-party dependency, sample datasets and KPIs
A4: PURPOSE | B4: Define how VELOOP should measure earning activity across Discovery > Start > Completion > Validation > Reward, and separate 'activity occurred' from 'reward actually credited'.
A5: IMPORTANT – DATA STATUS | B5: No VELOOP data or internal schema was supplied. Every field, event name and failure class in this workbook is PROPOSED and must be confirmed against what VELOOP actually records. Nothing here is presented as an existing VELOOP code.
A6: IMPORTANT – SAMPLE DATA | B6: Sheets 'Data_Tasks' and 'Data_RewardEvents' are SYNTHETIC, generated only to demonstrate the dataset design and make the KPI formulas work. Rates, providers, feature names and reward amounts are illustrative. Replace them with real exports and the dashboard recalculates.
A7: STATUS LABELS | B7: Proposed = recommended design, not confirmed to exist. To confirm = needs a yes/no from VELOOP product/engineering. Given in brief = requested in the assignment.
A8: SHEET MAP | B8: Lifecycle > C1_Task_Schema > C2_Failure_Taxonomy > C3_Reward_Events > C4_Third_Party > Data_Tasks > Data_RewardEvents > KPI_Definitions > KPI_Dashboard > Open_Questions
A9: HOW TO USE | B9: 1) Review design sheets. 2) Answer Open_Questions. 3) Paste real data into Data_Tasks (cols A-P) and Data_RewardEvents (cols A-I); formula columns Q-AB in Data_Tasks must be filled down. 4) Extend the ranges in KPI_Dashboard if rows exceed the sample size.
A10: LEGEND | B10: Blue text = editable input/assumption. Black = formula or text. Yellow fill = Proposed. Orange fill = To confirm / given in brief.
A11: CORE PRINCIPLE | B11: Reward credited is a separate event from task completed. Never infer a credit from a completion; never design as if VELOOP controls outcomes decided by ad networks, survey providers, offer partners, game partners or tracking systems.
A13: ASSUMPTIONS (editable)
A14: Reward unit used in sample data | B14: points
A15: Data snapshot date (sample) | B15: 46319
A16: Source of assumptions | B16: Analyst assumptions for illustration; not VELOOP figures.

Sheet Lifecycle
A1: Analytical lifecycle – what to measure at each stage
A2: All event names are Proposed. 'Third-party influence' shows where external systems can change the data.
A4: Stage | B4: Question the stage answers | C4: Proposed event(s) | D4: Timestamp to capture | E4: Key fields | F4: Core metrics | G4: Likely data source | H4: Third-party influence | I4: Measurement risk / design note | J4: Status
A5: 1. Discovery | B5: Was the earning opportunity available and shown to the user? | C5: task_discovered (task listed / impression) | D5: discovered_at | E5: task_id, task_type, feature, user_id, source_provider, reward_expected, reward_unit | F5: Tasks exposed; unique users exposed; availability / fill rate; reward shown | G5: VELOOP app/server logs; provider inventory feeds | H5: High for ads/offers/surveys: provider decides inventory, targeting, no-fill. | I5: Distinguish 'not shown because no inventory' from 'shown but ignored'. Without a discovery event, start rate has no denominator. | J5: Proposed
A6: 2. Start | B6: Did the user begin the task, and did the system confirm it? | C6: task_started (user action) ; task_start_confirmed (provider/tracking confirmation, where applicable) | D6: start_time (+ confirmation time) | E6: task_id, user_id, start_time, external_ref_id, source_type | F6: Start rate; time-to-start; starts without tracking confirmation | G6: VELOOP logs; tracking / click-out records | H6: High: click-out to external offers/surveys/games may not be observable after leaving VELOOP. | I6: Record user intent (click) separately from confirmed start. Unconfirmed starts are a tracking-risk segment, not automatically user failures. | J6: Proposed
A7: 3. Completion | B7: Did the task finish, and who says so? | C7: task_completed ; task_failed ; task_abandoned | D7: completion_time | E7: status, completion_time, data_origin (first_party_observed / third_party_reported / inferred) | F7: Completion rate; duration; abandonment; completion by provider | G7: VELOOP logs; provider callbacks/postbacks | H7: High: completion is often reported by the provider, possibly late or never. | I7: Store when VELOOP RECEIVED a postback as well as when the activity happened. Never mark abandoned only because a postback is late – use a defined time window. | J7: Proposed
A8: 4. Validation | B8: Was the completion accepted as genuine/eligible? | C8: validation_requested ; validation_passed ; validation_rejected ; validation_timeout | D8: validation_time | E8: validation_status, validation_source (provider / VELOOP rules), rejection_reason | F8: Validation pass / rejection rate; time to validate; pending ageing; rejection by provider | G8: Provider confirmation; VELOOP validation rules | H8: High: provider may reject, reverse or never confirm. | I8: Keep validator identity so rejections are attributable. 'Pending' must age out into an explicit state, not stay pending forever. | J8: Proposed
A9: 5. Reward | B9: Was value actually credited, and does it still stand? | C9: reward_pending ; reward_credited ; reward_reversed ; reward_corrected | D9: event_time per reward event | E9: reward_amount, reward_unit, event_type, reason, task_id, user_id | F9: Credit rate; credit latency; reversal rate; correction rate; net credited vs expected | G9: VELOOP ledger / wallet records | H9: Medium-High: reversals and corrections frequently originate from provider decisions. | I9: Ledger is the source of truth for 'credited'. Use signed amounts (reversal negative) so net reward is a simple sum. | J9: Proposed

Sheet C1_Task_Schema
A1: C1 – Task-level analytics schema (one row per task attempt)
A2: Field names are Proposed. 'In brief' = field requested in the assignment.
A4: Field | B4: Definition | C4: Data type | D4: Lifecycle stage | E4: In brief? | F4: Allowed values / example | G4: Likely source | H4: Third-party sensitivity | I4: Status
A5: task_id | B5: Unique ID of one task attempt (one user x one task instance). Distinct from catalogue ID of the task offer. | C5: string | D5: All | E5: Yes | F5: T000123 | G5: VELOOP | H5: Low – but external IDs must be mapped (see external_ref_id) | I5: Proposed
A6: task_type | B6: Kind of activity the user performs. | C6: string (enum) | D6: Discovery | E6: Yes | F6: video_view, survey_complete, offer_install, game_milestone, in_app_action | G6: VELOOP / provider | H6: Medium | I6: Proposed
A7: feature | B7: Earning feature the task belongs to. | C7: string (enum) | D7: Discovery | E7: Yes | F7: Advertisements, Surveys, Offers, Games | G7: VELOOP | H7: Low | I7: Proposed
A8: user_id | B8: Pseudonymous user identifier. | C8: string | D8: All | E8: Yes | F8: U0007 | G8: VELOOP | H8: Low | I8: Proposed
A9: discovered_at | B9: When task was shown to the user. Needed as funnel denominator. | C9: datetime (UTC) | D9: Discovery | E9: No (added) | F9: 2026-10-02 14:03 | G9: VELOOP | H9: Medium | I9: Proposed
A10: start_time | B10: When the user began the task (intent). Blank if never started. | C10: datetime (UTC) | D10: Start | E10: Yes | F10: 2026-10-02 14:05 | G10: VELOOP / tracking | H10: High | I10: Proposed
A11: completion_time | B11: When completion happened (event time, not receipt time). Blank if not completed. | C11: datetime (UTC) | D11: Completion | E11: Yes | F11: 2026-10-02 14:21 | G11: VELOOP / provider | H11: High | I11: Proposed
A12: completion_received_at | B12: When VELOOP received the completion signal. Lets analysts measure external delay. | C12: datetime (UTC) | D12: Completion | E12: No (added) | F12: 2026-10-02 14:40 | G12: VELOOP | H12: High | I12: Proposed
A13: status | B13: Activity outcome: discovered, in_progress, completed, failed, abandoned. Says nothing about reward. | C13: string (enum) | D13: Completion | E13: Yes | F13: completed | G13: Derived | H13: High | I13: Proposed
A14: validation_status | B14: validated, rejected, pending, not_applicable, unknown_external. | C14: string (enum) | D14: Validation | E14: Yes | F14: validated | G14: Provider / VELOOP rules | H14: High | I14: Proposed
A15: reward_amount_expected | B15: Reward promised/displayed for the task. | C15: number | D15: Reward | E15: Yes (reward amount) | F15: 50 | G15: VELOOP / provider | H15: Medium | I15: Proposed
... A24: last_updated_at | B24: Last time the record changed; supports late-arriving data analysis. | C24: datetime (UTC) | D24: Any | E24: No (added) | F24: 2026-10-04 09:00 | G24: VELOOP | H24: Medium | I24: Proposed

Sheet C2_Failure_Taxonomy
A1: C2 – Failed activity: proposed structured classification
A2: No internal failure codes were supplied, so none are assumed. All classes below are Proposed. Use failure_class + failure_attribution + detection_basis together.
A4: failure_class | B4: Lifecycle stage | C4: Meaning | D4: Example sub-reasons (Proposed) | E4: Typical attribution | F4: Detection basis | G4: Counted in failure rate? | H4: Why it matters / caution | I4: Status
A5: task_failed | B5: Completion | C5: User attempted the task but did not meet the conditions. | D5: screen_out, quota_full, task_conditions_not_met, install_not_retained | E5: user or third_party | F5: Provider outcome or VELOOP rule | G5: Yes | H5: Screen-outs and quota-full are decided by the provider, not user quality. Do not label all as user failure. | I5: Proposed
A6: tracking_failed | B6: Start / Completion | C6: Activity may have happened but no (or late) tracking signal reached VELOOP. | D6: no_postback, postback_late, id_mismatch, click_not_recorded | E6: third_party, VELOOP or unknown | F6: Start without completion after defined window; provider report shows completion VELOOP lacks | G6: Yes – flagged as 'uncertain outcome' | H6: Possible true completion with missing data. Reconcile against provider reports before judging the user. | I6: Proposed
A7: validation_failed | B7: Validation | C7: Completion recorded but rejected as not eligible/genuine. | D7: provider_rejected, duplicate, fraud_suspected, ineligible_user | E7: third_party or VELOOP | F7: validation_status = rejected + validator | G7: Yes | H7: Activity occurred but reward is not due. Keep as separate from task_failed. | I7: Proposed
A8: user_abandoned | B8: Start / Completion | C8: User started and left without completing. | D8: closed_app, exited_provider, timeout_no_activity | E8: user | F8: Start without completion; exit event; window elapsed with no tracking issue | G8: Yes | H8: Only valid when tracking is healthy; otherwise it overlaps with tracking_failed. | I8: Proposed
A9: system_error | B9: Any | C9: Technical error stopped the activity or its recording. | D9: app_error, api_error, provider_outage, ad_no_fill, content_load_error | E9: VELOOP or third_party | F9: Error logs; provider status | G9: Yes | H9: Split internal vs external via attribution; external outages are outside VELOOP control but still affect users. | I9: Proposed
A10: reward_credit_failed | B10: Reward | C10: Task completed and validated, but no credit appears in the ledger. | D10: ledger_write_failed, credit_blocked, budget_cap_reached | E10: VELOOP or unknown | F10: Validated task with no reward_credited event after SLA window | G10: Yes (reward stage) | H10: Highest trust risk: user did the work and was validated. Alert when it occurs. | I10: Proposed
A11: unknown | B11: Any | C11: Outcome cannot be explained with available evidence. | D11: insufficient_data | E11: unknown | F11: None of the above | G11: Yes – tracked separately | H11: Keep as a first-class value; do not force into another class. | I11: Proposed
A14: failure_attribution values (Proposed)
A15: value | B15: when to use
A16: user | B16: Evidence points to user behaviour (e.g. explicit exit) with healthy tracking.
A17: VELOOP | B17: Failure occurred in VELOOP systems (app, ledger, internal tracking).
A18: third_party | B18: Failure occurred in an ad network, survey/offer/game provider or external tracker.
A19: unknown | B19: Evidence insufficient. Preferred over guessing.

Sheet C3_Reward_Events
A1: C3 – Reward events: activity occurred vs reward credited
A2: Reward events live in their own table (one row per event) and are never inferred from task status.
A4: event_type | B4: Meaning | C4: Trigger | D4: Amount sign / rule | E4: Required fields | F4: Analytics use | G4: Third-party link | H4: Status
A5: reward_pending | B5: Reward expected but not yet credited (awaiting validation or provider confirmation). | C5: Completion recorded and validation outstanding. | D5: Informational. Equals expected amount; NOT added to net credited. | E5: event_id, task_id, user_id, event_time, amount, unit, reason | F5: Pending value; ageing of pending; time-to-resolve | G5: High – waiting on provider | H5: Proposed
A6: reward_credited | B6: Value written to the user's balance/ledger. | C6: Ledger credit confirmed. | D6: Positive amount; added to net credited. | E6: as above + ledger_ref | F6: Credit rate; credit latency; gross credited | G6: Medium | H6: Proposed
A7: reward_reversed | B7: A previous credit was taken back. | C7: Provider chargeback, fraud review, duplicate found. | D7: Negative amount (equals reversed credit). | E7: as above + original_event_id, reversal_reason | F7: Reversal rate; reversal by provider; value clawed back | G7: High | H7: Proposed
A8: reward_corrected | B8: Credit amount adjusted without full reversal. | C8: Provider restates payout or VELOOP fixes an error. | D8: Signed delta (positive or negative). | E8: as above + original_event_id, correction_reason | F8: Correction rate; net impact of corrections | G8: High | H8: Proposed
A11: Activity vs reward – decision matrix
A12: task status | B12: validation | C12: reward events | D12: interpretation
A13: Completed | B13: validated | C13: credited, no reversal | D13: Normal path. Activity occurred AND reward credited.
A14: Completed | B14: pending | C14: reward_pending only | D14: Activity occurred; reward NOT credited yet. Report as pending value, not earned.
A15: Completed | B15: rejected | C15: none | D15: Activity occurred; no reward due. Count as validation_failed.
A16: Completed | B16: validated | C16: no credit event after SLA | D16: Activity + validation occurred; reward NOT credited. reward_credit_failed – investigate.
A17: Completed | B17: validated | C17: credited then reversed | D17: Credited at one time, not net-credited now. Report gross and net separately.
A18: Completed | B18: validated | C18: credited then corrected | D18: Net credited differs from expected; show correction delta.
A19: Not completed | B19: n/a | C19: none | D19: No reward. Failure type per C2.
A21: Reconciliation rule (Proposed): expected reward on completed tasks - rejected - open pending - credit failed = gross credited; gross credited + reversals + corrections = net credited. Any leftover is 'unexplained' and must be investigated (see KPI_Dashboard).

Sheet C4_Third_Party
A1: C4 – Third-party dependency: what VELOOP does and does not control
A2: Design principle: record who reported each fact, segment every KPI by provider, and keep 'unknown' as a valid outcome.
A4: Dependency | B4: What the external party controls | C4: How it can distort VELOOP data | D4: What VELOOP can observe | E4: Analytics design response (Proposed) | F4: Segment KPIs by | G4: Confidence in data
A5: Advertisements | B5: Ad inventory, fill, targeting, view verification, payout. | C5: No-fill looks like low engagement; view counts may differ from provider billing; invalid-traffic reversals arrive later. | D5: Ad request, ad shown, close events inside VELOOP. | E5: Log ad_requested and ad_shown separately; capture no_fill as system_error (external). Reconcile views with network report. | F5: ad network, placement, country | G5: Medium – first-party view, third-party verification
A6: Surveys | B6: Survey availability, screen-outs, quotas, quality checks, completion confirmation. | C6: Screen-out and quota-full look like user failure; long confirmation delays; late rejections. | D6: Click-out, return redirect, postback. | E6: Record screen_out as task_failed with attribution third_party; track postback latency; report rejection rate by provider. | F6: survey provider, survey length, country | G6: Low-Medium – outcome decided externally
A7: Offers | B7: Install/signup tracking, conversion rules, hold periods, chargebacks. | C7: Long pending periods; conversions may be rejected or reversed after crediting; user activity not visible after click-out. | D7: Click-out, postback, conversion status updates. | E7: Store pending ageing and reversal lag; never report offer reward as earned until credited; track reversal by provider. | F7: offer provider, offer type, hold period | G7: Low – long, external lifecycle
A8: Games | B8: Milestone tracking inside the game, game servers, payout rules. | C8: Milestones may not be reported; game outage interrupts progress; payout restated. | D8: Click-out, milestone postbacks. | E8: Treat missing milestone as tracking_failed until reconciled; record milestone definition per task. | F8: game partner, milestone type | G8: Low-Medium
A9: Tracking systems / postbacks | B9: Attribution, click-to-conversion matching, delivery of callbacks. | C9: Missing, duplicate or late postbacks create phantom failures or double counts; ID mismatches break joins. | D9: Postback received time, payload, error responses. | E9: Store event_time and received_time; de-duplicate on external_ref_id; define window after which a missing postback becomes tracking_failed (Proposed, e.g. provider-specific). | F9: tracking source, provider, postback delay band | G9: Variable – check postback delivery health first
A12: Design principles
A13: # | B13: principle
A14: 1 | B14: Record data_origin on every status (first_party_observed / third_party_reported / inferred).
A15: 2 | B15: Capture event time AND receipt time for every external signal.
A16: 3 | B16: Reconcile with provider reports on a schedule; track the match rate as a KPI (K22).
A17: 4 | B17: Attribute failures to the best-evidence owner; use 'unknown' instead of guessing.
A18: 5 | B18: Compare providers only after checking tracking health; poor tracking looks like poor engagement.
A19: 6 | B19: Report headline KPIs with third-party-attributable share alongside, so decline is not blamed on VELOOP or users by default.

Sheet Data_Tasks
A1: task_id | B1: task_type | C1: feature | D1: user_id | E1: source_provider | F1: source_type | G1: external_ref_id | H1: discovered_at | I1: start_time | J1: completion_time | K1: status | L1: validation_status | M1: reward_amount_expected | N1: reward_unit | O1: failure_class | P1: failure_attribution | Q1: duration_min | R1: n_pending | S1: n_credited | T1: n_reversed | U1: n_corrected | V1: net_reward_credited | W1: first_credit_time | X1: credit_latency_hrs | Y1: flag_started | Z1: flag_completed | AA1: flag_validated | AB1: flag_credited
A2: T00001 | B2: game_milestone | C2: Games | D2: U0027 | E2: GamePartner_A | F2: third_party | G2: EXT-88742 | H2: 46294.84 | I2: 46294.844 | J2: 46294.893 | K2: completed | L2: rejected | M2: 30 | N2: =README!$B$14 -> points | O2: validation_failed | P2: VELOOP | Q2: =IF(AND(I2<>"",J2<>""),(J2-I2)*1440,"") -> 71.152892 | R2: =COUNTIFS(Data_RewardEvents!$B$2:$B$160,A2,Data_RewardEvents!$D$2:$D$160,"reward_pending") -> 0 | S2: =COUNTIFS(Data_RewardEvents!$B$2:$B$160,A2,Data_RewardEvents!$D$2:$D$160,"reward_credited") -> 0 | T2: =COUNTIFS(Data_RewardEvents!$B$2:$B$160,A2,Data_RewardEvents!$D$2:$D$160,"reward_reversed") -> 0 | U2: =COUNTIFS(Data_RewardEvents!$B$2:$B$160,A2,Data_RewardEvents!$D$2:$D$160,"reward_corrected") -> 0 | V2: =SUMIFS(Data_RewardEvents!$F$2:$F$160,Data_RewardEvents!$B$2:$B$160,A2,Data_RewardEvents!$D$2:$D$160,"reward_credited")+SUMIFS(Data_RewardEvents!$F$2:$F$160,Data_RewardEvents!$B$2:$B$160,A2,Data_RewardEvents!$D$2:$D$160,"reward_reversed")+SUMIFS(Data_RewardEvents!$F$2:$F$160,Data_RewardEvents!$B$2:$B$160,A2,Data_RewardEvents!$D$2:$D$160,"reward_corrected") -> 0 | W2: =IF(S2>0,_xlfn.MINIFS(Data_RewardEvents!$E$2:$E$160,Data_RewardEvents!$B$2:$B$160,A2,Data_RewardEvents!$D$2:$D$160,"reward_credited"),"") | X2: =IF(W2="","",(W2-J2)*24) | Y2: =IF(I2<>"",1,0) -> 1 | Z2: =IF(K2="completed",1,0) -> 1 | AA2: =IF(L2="validated",1,0) -> 0 | AB2: =IF(S2>0,1,0) -> 0
A3: T00002 | B3: offer_install | C3: Offers | D3: U0032 | E3: Offerwall_B | F3: third_party | G3: EXT-63626 | H3: 46302.015 | K3: discovered | M3: 100 | N3: =README!$B$14 -> points | Q3: =IF(AND(I3<>"",J3<>""),(J3-I3)*1440,"") | R3: =COUNTIFS(Data_RewardEvents!$B$2:$B$160,A3,Data_RewardEvents!$D$2:$D$160,"reward_pending") -> 0 | S3: =COUNTIFS(Data_RewardEvents!$B$2:$B$160,A3,Data_RewardEvents!$D$2:$D$160,"reward_credited") -> 0 | T3: =COUNTIFS(Data_RewardEvents!$B$2:$B$160,A3,Data_RewardEvents!$D$2:$D$160,"reward_reversed") -> 0 | U3: =COUNTIFS(Data_RewardEvents!$B$2:$B$160,A3,Data_RewardEvents!$D$2:$D$160,"reward_corrected") -> 0 | V3: =SUMIFS(Data_RewardEvents!$F$2:$F$160,Data_RewardEvents!$B$2:$B$160,A3,Data_RewardEvents!$D$2:$D$160,"reward_credited")+SUMIFS(Data_RewardEvents!$F$2:$F$160,Data_RewardEvents!$B$2:$B$160,A3,Data_RewardEvents!$D$2:$D$160,"reward_reversed")+SUMIFS(Data_RewardEvents!$F$2:$F$160,Data_RewardEvents!$B$2:$B$160,A3,Data_RewardEvents!$D$2:$D$160,"reward_corrected") -> 0 | W3: =IF(S3>0,_xlfn.MINIFS(Data_RewardEvents!$E$2:$E$160,Data_RewardEvents!$B$2:$B$160,A3,Data_RewardEvents!$D$2:$D$160,"reward_credited"),"") | X3: =IF(W3="","",(W3-J3)*24) | Y3: =IF(I3<>"",1,0) -> 0 | Z3: =IF(K3="completed",1,0) -> 0 | AA3: =IF(L3="validated",1,0) -> 0 | AB3: =IF(S3>0,1,0) -> 0
A4: T00003 | B4: video_view | C4: Advertisements | D4: U0029 | E4: AdNetwork_A | F4: third_party | G4: EXT-26962 | H4: 46288.281 | I4: 46288.292 | J4: 46288.293 | K4: completed | L4: validated | M4: 5 | N4: =README!$B$14 -> points | Q4: =IF(AND(I4<>"",J4<>""),(J4-I4)*1440,"") -> 1.1696717 | R4: =COUNTIFS(Data_RewardEvents!$B$2:$B$160,A4,Data_RewardEvents!$D$2:$D$160,"reward_pending") -> 0 | S4: =COUNTIFS(Data_RewardEvents!$B$2:$B$160,A4,Data_RewardEvents!$D$2:$D$160,"reward_credited") -> 1 | T4: =COUNTIFS(Data_RewardEvents!$B$2:$B$160,A4,Data_RewardEvents!$D$2:$D$160,"reward_reversed") -> 0 | U4: =COUNTIFS(Data_RewardEvents!$B$2:$B$160,A4,Data_RewardEvents!$D$2:$D$160,"reward_corrected") -> 0 | V4: =SUMIFS(Data_RewardEvents!$F$2:$F$160,Data_RewardEvents!$B$2:$B$160,A4,Data_RewardEvents!$D$2:$D$160,"reward_credited")+SUMIFS(Data_RewardEvents!$F$2:$F$160,Data_RewardEvents!$B$2:$B$160,A4,Data_RewardEvents!$D$2:$D$160,"reward_reversed")+SUMIFS(Data_RewardEvents!$F$2:$F$160,Data_RewardEvents!$B$2:$B$160,A4,Data_RewardEvents!$D$2:$D$160,"reward_corrected") -> 5 | W4: =IF(S4>0,_xlfn.MINIFS(Data_RewardEvents!$E$2:$E$160,Data_RewardEvents!$B$2:$B$160,A4,Data_RewardEvents!$D$2:$D$160,"reward_credited"),"") -> 46288.294 | X4: =IF(W4="","",(W4-J4)*24) -> 0.021285266 | Y4: =IF(I4<>"",1,0) -> 1 | Z4: =IF(K4="completed",1,0) -> 1 | AA4: =IF(L4="validated",1,0) -> 1 | AB4: =IF(S4>0,1,0) -> 1
A5: T00004 | B5: survey_complete | C5: Surveys | D5: U0066 | E5: SurveyProv_A | F5: third_party | G5: EXT-94461 | H5: 46285.997 | I5: 46286.011 | J5: 46286.018 | K5: completed | L5: validated | M5: 50 | N5: =README!$B$14 -> points | Q5: =IF(AND(I5<>"",J5<>""),(J5-I5)*1440,"") -> 9.7042319 | R5: =COUNTIFS(Data_RewardEvents!$B$2:$B$160,A5,Data_RewardEvents!$D$2:$D$160,"reward_pending") -> 1 | S5: =COUNTIFS(Data_RewardEvents!$B$2:$B$160,A5,Data_RewardEvents!$D$2:$D$160,"reward_credited") -> 1 | T5: =COUNTIFS(Data_RewardEvents!$B$2:$B$160,A5,Data_RewardEvents!$D$2:$D$160,"reward_reversed") -> 0 | U5: =COUNTIFS(Data_RewardEvents!$B$2:$B$160,A5,Data_RewardEvents!$D$2:$D$160,"reward_corrected") -> 0 | V5: =SUMIFS(Data_RewardEvents!$F$2:$F$160,Data_RewardEvents!$B$2:$B$160,A5,Data_RewardEvents!$D$2:$D$160,"reward_credited")+SUMIFS(Data_RewardEvents!$F$2:$F$160,Data_RewardEvents!$B$2:$B$160,A5,Data_RewardEvents!$D$2:$D$160,"reward_reversed")+SUMIFS(Data_RewardEvents!$F$2:$F$160,Data_RewardEvents!$B$2:$B$160,A5,Data_RewardEvents!$D$2:$D$160,"reward_corrected") -> 50 | W5: =IF(S5>0,_xlfn.MINIFS(Data_RewardEvents!$E$2:$E$160,Data_RewardEvents!$B$2:$B$160,A5,Data_RewardEvents!$D$2:$D$160,"reward_credited"),"") -> 46287.338 | X5: =IF(W5="","",(W5-J5)*24) -> 31.672815 | Y5: =IF(I5<>"",1,0) -> 1 | Z5: =IF(K5="completed",1,0) -> 1 | AA5: =IF(L5="validated",1,0) -> 1 | AB5: =IF(S5>0,1,0) -> 1
A6: T00005 | B6: video_view | C6: Advertisements | D6: U0026 | E6: AdNetwork_B | F6: third_party | G6: EXT-60372 | H6: 46299.204 | K6: discovered | M6: 5 | N6: =README!$B$14 -> points | Q6: =IF(AND(I6<>"",J6<>""),(J6-I6)*1440,"") | R6: =COUNTIFS(Data_RewardEvents!$B$2:$B$160,A6,Data_RewardEvents!$D$2:$D$160,"reward_pending") -> 0 | S6: =COUNTIFS(Data_RewardEvents!$B$2:$B$160,A6,Data_RewardEvents!$D$2:$D$160,"reward_credited") -> 0 | T6: =COUNTIFS(Data_RewardEvents!$B$2:$B$160,A6,Data_RewardEvents!$D$2:$D$160,"reward_reversed") -> 0 | U6: =COUNTIFS(Data_RewardEvents!$B$2:$B$160,A6,Data_RewardEvents!$D$2:$D$160,"reward_corrected") -> 0 | V6: =SUMIFS(Data_RewardEvents!$F$2:$F$160,Data_RewardEvents!$B$2:$B$160,A6,Data_RewardEvents!$D$2:$D$160,"reward_credited")+SUMIFS(Data_RewardEvents!$F$2:$F$160,Data_RewardEvents!$B$2:$B$160,A6,Data_RewardEvents!$D$2:$D$160,"reward_reversed")+SUMIFS(Data_RewardEvents!$F$2:$F$160,Data_RewardEvents!$B$2:$B$160,A6,Data_RewardEvents!$D$2:$D$160,"reward_corrected") -> 0 | W6: =IF(S6>0,_xlfn.MINIFS(Data_RewardEvents!$E$2:$E$160,Data_RewardEvents!$B$2:$B$160,A6,Data_RewardEvents!$D$2:$D$160,"reward_credited"),"") | X6: =IF(W6="","",(W6-J6)*24) | Y6: =IF(I6<>"",1,0) -> 0 | Z6: =IF(K6="completed",1,0) -> 0 | AA6: =IF(L6="validated",1,0) -> 0 | AB6: =IF(S6>0,1,0) -> 0
A7: T00006 | B7: offer_install | C7: Offers | D7: U0008 | E7: Offerwall_A | F7: third_party | G7: EXT-19816 | H7: 46287.262 | I7: 46287.274 | J7: 46287.3 | K7: completed | L7: validated | M7: 100 | N7: =README!$B$14 -> points | Q7: =IF(AND(I7<>"",J7<>""),(J7-I7)*1440,"") -> 36.401773 | R7: =COUNTIFS(Data_RewardEvents!$B$2:$B$160,A7,Data_RewardEvents!$D$2:$D$160,"reward_pending") -> 1 | S7: =COUNTIFS(Data_RewardEvents!$B$2:$B$160,A7,Data_RewardEvents!$D$2:$D$160,"reward_credited") -> 1 | T7: =COUNTIFS(Data_RewardEvents!$B$2:$B$160,A7,Data_RewardEvents!$D$2:$D$160,"reward_reversed") -> 0 | U7: =COUNTIFS(Data_RewardEvents!$B$2:$B$160,A7,Data_RewardEvents!$D$2:$D$160,"reward_corrected") -> 0 | V7: =SUMIFS(Data_RewardEvents!$F$2:$F$160,Data_RewardEvents!$B$2:$B$160,A7,Data_RewardEvents!$D$2:$D$160,"reward_credited")+SUMIFS(Data_RewardEvents!$F$2:$F$160,Data_RewardEvents!$B$2:$B$160,A7,Data_RewardEvents!$D$2:$D$160,"reward_reversed")+SUMIFS(Data_RewardEvents!$F$2:$F$160,Data_RewardEvents!$B$2:$B$160,A7,Data_RewardEvents!$D$2:$D$160,"reward_corrected") -> 100 | W7: =IF(S7>0,_xlfn.MINIFS(Data_RewardEvents!$E$2:$E$160,Data_RewardEvents!$B$2:$B$160,A7,Data_RewardEvents!$D$2:$D$160,"reward_credited"),"") -> 46289.652 | X7: =IF(W7="","",(W7-J7)*24) -> 56.461972 | Y7: =IF(I7<>"",1,0) -> 1 | Z7: =IF(K7="completed",1,0) -> 1 | AA7: =IF(L7="validated",1,0) -> 1 | AB7: =IF(S7>0,1,0) -> 1
A8: T00007 | B8: video_view | C8: Advertisements | D8: U0014 | E8: AdNetwork_B | F8: third_party | G8: EXT-15901 | H8: 46294.267 | K8: discovered | M8: 5 | N8: =README!$B$14 -> points | Q8: =IF(AND(I8<>"",J8<>""),(J8-I8)*1440,"") | R8: =COUNTIFS(Data_RewardEvents!$B$2:$B$160,A8,Data_RewardEvents!$D$2:$D$160,"reward_pending") -> 0 | S8: =COUNTIFS(Data_RewardEvents!$B$2:$B$160,A8,Data_RewardEvents!$D$2:$D$160,"reward_credited") -> 0 | T8: =COUNTIFS(Data_RewardEvents!$B$2:$B$160,A8,Data_RewardEvents!$D$2:$D$160,"reward_reversed") -> 0 | U8: =COUNTIFS(Data_RewardEvents!$B$2:$B$160,A8,Data_RewardEvents!$D$2:$D$160,"reward_corrected") -> 0 | V8: =SUMIFS(Data_RewardEvents!$F$2:$F$160,Data_RewardEvents!$B$2:$B$160,A8,Data_RewardEvents!$D$2:$D$160,"reward_credited")+SUMIFS(Data_RewardEvents!$F$2:$F$160,Data_RewardEvents!$B$2:$B$160,A8,Data_RewardEvents!$D$2:$D$160,"reward_reversed")+SUMIFS(Data_RewardEvents!$F$2:$F$160,Data_RewardEvents!$B$2:$B$160,A8,Data_RewardEvents!$D$2:$D$160,"reward_corrected") -> 0 | W8: =IF(S8>0,_xlfn.MINIFS(Data_RewardEvents!$E$2:$E$160,Data_RewardEvents!$B$2:$B$160,A8,Data_RewardEvents!$D$2:$D$160,"reward_credited"),"") | X8: =IF(W8="","",(W8-J8)*24) | Y8: =IF(I8<>"",1,0) -> 0 | Z8: =IF(K8="completed",1,0) -> 0 | AA8: =IF(L8="validated",1,0) -> 0 | AB8: =IF(S8>0,1,0) -> 0
A9: T00008 | B9: game_milestone | C9: Games | D9: U0006 | E9: GamePartner_A | F9: third_party | G9: EXT-22617 | H9: 46293.016 | K9: discovered | M9: 30 | N9: =README!$B$14 -> points | Q9: =IF(AND(I9<>"",J9<>""),(J9-I9)*1440,"") | R9: =COUNTIFS(Data_RewardEvents!$B$2:$B$160,A9,Data_RewardEvents!$D$2:$D$160,"reward_pending") -> 0 | S9: =COUNTIFS(Data_RewardEvents!$B$2:$B$160,A9,Data_RewardEvents!$D$2:$D$160,"reward_credited") -> 0 | T9: =COUNTIFS(Data_RewardEvents!$B$2:$B$160,A9,Data_RewardEvents!$D$2:$D$160,"reward_reversed") -> 0 | U9: =COUNTIFS(Data_RewardEvents!$B$2:$B$160,A9,Data_RewardEvents!$D$2:$D$160,"reward_corrected") -> 0 | V9: =SUMIFS(Data_RewardEvents!$F$2:$F$160,Data_RewardEvents!$B$2:$B$160,A9,Data_RewardEvents!$D$2:$D$160,"reward_credited")+SUMIFS(Data_RewardEvents!$F$2:$F$160,Data_RewardEvents!$B$2:$B$160,A9,Data_RewardEvents!$D$2:$D$160,"reward_reversed")+SUMIFS(Data_RewardEvents!$F$2:$F$160,Data_RewardEvents!$B$2:$B$160,A9,Data_RewardEvents!$D$2:$D$160,"reward_corrected") -> 0 | W9: =IF(S9>0,_xlfn.MINIFS(Data_RewardEvents!$E$2:$E$160,Data_RewardEvents!$B$2:$B$160,A9,Data_RewardEvents!$D$2:$D$160,"reward_credited"),"") | X9: =IF(W9="","",(W9-J9)*24) | Y9: =IF(I9<>"",1,0) -> 0 | Z9: =IF(K9="completed",1,0) -> 0 | AA9: =IF(L9="validated",1,0) -> 0 | AB9: =IF(S9>0,1,0) -> 0
A10: T00009 | B10: game_milestone | C10: Games | D10: U0036 | E10: GamePartner_A | F10: third_party | G10: EXT-89303 | H10: 46292.917 | K10: discovered | M10: 30 | N10: =README!$B$14 -> points | Q10: =IF(AND(I10<>"",J10<>""),(J10-I10)*1440,"") | R10: =COUNTIFS(Data_RewardEvents!$B$2:$B$160,A10,Data_RewardEvents!$D$2:$D$160,"reward_pending") -> 0 | S10: =COUNTIFS(Data_RewardEvents!$B$2:$B$160,A10,Data_RewardEvents!$D$2:$D$160,"reward_credited") -> 0 | T10: =COUNTIFS(Data_RewardEvents!$B$2:$B$160,A10,Data_RewardEvents!$D$2:$D$160,"reward_reversed") -> 0 | U10: =COUNTIFS(Data_RewardEvents!$B$2:$B$160,A10,Data_RewardEvents!$D$2:$D$160,"reward_corrected") -> 0 | V10: =SUMIFS(Data_RewardEvents!$F$2:$F$160,Data_RewardEvents!$B$2:$B$160,A10,Data_RewardEvents!$D$2:$D$160,"reward_credited")+SUMIFS(Data_RewardEvents!$F$2:$F$160,Data_RewardEvents!$B$2:$B$160,A10,Data_RewardEvents!$D$2:$D$160,"reward_reversed")+SUMIFS(Data_RewardEvents!$F$2:$F$160,Data_RewardEvents!$B$2:$B$160,A10,Data_RewardEvents!$D$2:$D$160,"reward_corrected") -> 0 | W10: =IF(S10>0,_xlfn.MINIFS(Data_RewardEvents!$E$2:$E$160,Data_RewardEvents!$B$2:$B$160,A10,Data_RewardEvents!$D$2:$D$160,"reward_credited"),"") | X10: =IF(W10="","",(W10-J10)*24) | Y10: =IF(I10<>"",1,0) -> 0 | Z10: =IF(K10="completed",1,0) -> 0 | AA10: =IF(L10="validated",1,0) -> 0 | AB10: =IF(S10>0,1,0) -> 0
A11: T00010 | B11: in_app_action | C11: In-app tasks | D11: U0045 | E11: VELOOP | F11: first_party | H11: 46296.86 | I11: 46296.869 | J11: 46296.873 | K11: completed | L11: validated | M11: 10 | N11: =README!$B$14 -> points | O11: reward_credit_failed | P11: VELOOP | Q11: =IF(AND(I11<>"",J11<>""),(J11-I11)*1440,"") -> 4.8659754 | R11: =COUNTIFS(Data_RewardEvents!$B$2:$B$160,A11,Data_RewardEvents!$D$2:$D$160,"reward_pending") -> 0 | S11: =COUNTIFS(Data_RewardEvents!$B$2:$B$160,A11,Data_RewardEvents!$D$2:$D$160,"reward_credited") -> 0 | T11: =COUNTIFS(Data_RewardEvents!$B$2:$B$160,A11,Data_RewardEvents!$D$2:$D$160,"reward_reversed") -> 0 | U11: =COUNTIFS(Data_RewardEvents!$B$2:$B$160,A11,Data_RewardEvents!$D$2:$D$160,"reward_corrected") -> 0 | V11: =SUMIFS(Data_RewardEvents!$F$2:$F$160,Data_RewardEvents!$B$2:$B$160,A11,Data_RewardEvents!$D$2:$D$160,"reward_credited")+SUMIFS(Data_RewardEvents!$F$2:$F$160,Data_RewardEvents!$B$2:$B$160,A11,Data_RewardEvents!$D$2:$D$160,"reward_reversed")+SUMIFS(Data_RewardEvents!$F$2:$F$160,Data_RewardEvents!$B$2:$B$160,A11,Data_RewardEvents!$D$2:$D$160,"reward_corrected") -> 0 | W11: =IF(S11>0,_xlfn.MINIFS(Data_RewardEvents!$E$2:$E$160,Data_RewardEvents!$B$2:$B$160,A11,Data_RewardEvents!$D$2:$D$160,"reward_credited"),"") | X11: =IF(W11="","",(W11-J11)*24) | Y11: =IF(I11<>"",1,0) -> 1 | Z11: =IF(K11="completed",1,0) -> 1 | AA11: =IF(L11="validated",1,0) -> 1 | AB11: =IF(S11>0,1,0) -> 0
A12: T00011 | B12: video_view | C12: Advertisements | D12: U0005 | E12: AdNetwork_B | F12: third_party | G12: EXT-33990 | H12: 46298.244 | I12: 46298.245 | J12: 46298.246 | K12: completed | L12: validated | M12: 5 | N12: =README!$B$14 -> points | Q12: =IF(AND(I12<>"",J12<>""),(J12-I12)*1440,"") -> 1.0656455 | R12: =COUNTIFS(Data_RewardEvents!$B$2:$B$160,A12,Data_RewardEvents!$D$2:$D$160,"reward_pending") -> 0 | S12: =COUNTIFS(Data_RewardEvents!$B$2:$B$160,A12,Data_RewardEvents!$D$2:$D$160,"reward_credited") -> 1 | T12: =COUNTIFS(Data_RewardEvents!$B$2:$B$160,A12,Data_RewardEvents!$D$2:$D$160,"reward_reversed") -> 0 | U12: =COUNTIFS(Data_RewardEvents!$B$2:$B$160,A12,Data_RewardEvents!$D$2:$D$160,"reward_corrected") -> 0 | V12: =SUMIFS(Data_RewardEvents!$F$2:$F$160,Data_RewardEvents!$B$2:$B$160,A12,Data_RewardEvents!$D$2:$D$160,"reward_credited")+SUMIFS(Data_RewardEvents!$F$2:$F$160,Data_RewardEvents!$B$2:$B$160,A12,Data_RewardEvents!$D$2:$D$160,"reward_reversed")+SUMIFS(Data_RewardEvents!$F$2:$F$160,Data_RewardEvents!$B$2:$B$160,A12,Data_RewardEvents!$D$2:$D$160,"reward_corrected") -> 5 | W12: =IF(S12>0,_xlfn.MINIFS(Data_RewardEvents!$E$2:$E$160,Data_RewardEvents!$B$2:$B$160,A12,Data_RewardEvents!$D$2:$D$160,"reward_credited"),"") -> 46298.248 | X12: =IF(W12="","",(W12-J12)*24) -> 0.041248576 | Y12: =IF(I12<>"",1,0) -> 1 | Z12: =IF(K12="completed",1,0) -> 1 | AA12: =IF(L12="validated",1,0) -> 1 | AB12: =IF(S12>0,1,0) -> 1
A13: T00012 | B13: in_app_action | C13: In-app tasks | D13: U0005 | E13: VELOOP | F13: first_party | H13: 46285.467 | I13: 46285.488 | J13: 46285.488 | K13: completed | L13: validated | M13: 10 | N13: =README!$B$14 -> points | Q13: =IF(AND(I13<>"",J13<>""),(J13-I13)*1440,"") -> 1.0910502 | R13: =COUNTIFS(Data_RewardEvents!$B$2:$B$160,A13,Data_RewardEvents!$D$2:$D$160,"reward_pending") -> 0 | S13: =COUNTIFS(Data_RewardEvents!$B$2:$B$160,A13,Data_RewardEvents!$D$2:$D$160,"reward_credited") -> 1 | T13: =COUNTIFS(Data_RewardEvents!$B$2:$B$160,A13,Data_RewardEvents!$D$2:$D$160,"reward_reversed") -> 0 | U13: =COUNTIFS(Data_RewardEvents!$B$2:$B$160,A13,Data_RewardEvents!$D$2:$D$160,"reward_corrected") -> 0 | V13: =SUMIFS(Data_RewardEvents!$F$2:$F$160,Data_RewardEvents!$B$2:$B$160,A13,Data_RewardEvents!$D$2:$D$160,"reward_credited")+SUMIFS(Data_RewardEvents!$F$2:$F$160,Data_RewardEvents!$B$2:$B$160,A13,Data_RewardEvents!$D$2:$D$160,"reward_reversed")+SUMIFS(Data_RewardEvents!$F$2:$F$160,Data_RewardEvents!$B$2:$B$160,A13,Data_RewardEvents!$D$2:$D$160,"reward_corrected") -> 10 | W13: =IF(S13>0,_xlfn.MINIFS(Data_RewardEvents!$E$2:$E$160,Data_RewardEvents!$B$2:$B$160,A13,Data_RewardEvents!$D$2:$D$160,"reward_credited"),"") -> 46285.495 | X13: =IF(W13="","",(W13-J13)*24) -> 0.15722889 | Y13: =IF(I13<>"",1,0) -> 1 | Z13: =IF(K13="completed",1,0) -> 1 | AA13: =IF(L13="validated",1,0) -> 1 | AB13: =IF(S13>0,1,0) -> 1
A14: T00013 | B14: offer_install | C14: Offers | D14: U0004 | E14: Offerwall_B | F14: third_party | G14: EXT-24530 | H14: 46287.29 | K14: discovered | M14: 100 | N14: =README!$B$14 -> points | Q14: =IF(AND(I14<>"",J14<>""),(J14-I14)*1440,"") | R14: =COUNTIFS(Data_RewardEvents!$B$2:$B$160,A14,Data_RewardEvents!$D$2:$D$160,"reward_pending") -> 0 | S14: =COUNTIFS(Data_RewardEvents!$B$2:$B$160,A14,Data_RewardEvents!$D$2:$D$160,"reward_credited") -> 0 | T14: =COUNTIFS(Data_RewardEvents!$B$2:$B$160,A14,Data_RewardEvents!$D$2:$D$160,"reward_reversed") -> 0 | U14: =COUNTIFS(Data_RewardEvents!$B$2:$B$160,A14,Data_RewardEvents!$D$2:$D$160,"reward_corrected") -> 0 | V14: =SUMIFS(Data_RewardEvents!$F$2:$F$160,Data_RewardEvents!$B$2:$B$160,A14,Data_RewardEvents!$D$2:$D$160,"reward_credited")+SUMIFS(Data_RewardEvents!$F$2:$F$160,Data_RewardEvents!$B$2:$B$160,A14,Data_RewardEvents!$D$2:$D$160,"reward_reversed")+SUMIFS(Data_RewardEvents!$F$2:$F$160,Data_RewardEvents!$B$2:$B$160,A14,Data_RewardEvents!$D$2:$D$160,"reward_corrected") -> 0 | W14: =IF(S14>0,_xlfn.MINIFS(Data_RewardEvents!$E$2:$E$160,Data_RewardEvents!$B$2:$B$160,A14,Data_RewardEvents!$D$2:$D$160,"reward_credited"),"") | X14: =IF(W14="","",(W14-J14)*24) | Y14: =IF(I14<>"",1,0) -> 0 | Z14: =IF(K14="completed",1,0) -> 0 | AA14: =IF(L14="validated",1,0) -> 0 | AB14: =IF(S14>0,1,0) -> 0
A15: T00014 | B15: survey_complete | C15: Surveys | D15: U0030 | E15: SurveyProv_B | F15: third_party | G15: EXT-88090 | H15: 46288.31 | I15: 46288.319 | J15: 46288.331 | K15: completed | L15: validated | M15: 50 | N15: =README!$B$14 -> points | Q15: =IF(AND(I15<>"",J15<>""),(J15-I15)*1440,"") -> 17.105936 | R15: =COUNTIFS(Data_RewardEvents!$B$2:$B$160,A15,Data_RewardEvents!$D$2:$D$160,"reward_pending") -> 1 | S15: =COUNTIFS(Data_RewardEvents!$B$2:$B$160,A15,Data_RewardEvents!$D$2:$D$160,"reward_credited") -> 1 | T15: =COUNTIFS(Data_RewardEvents!$B$2:$B$160,A15,Data_RewardEvents!$D$2:$D$160,"reward_reversed") -> 0 | U15: =COUNTIFS(Data_RewardEvents!$B$2:$B$160,A15,Data_RewardEvents!$D$2:$D$160,"reward_corrected") -> 0 | V15: =SUMIFS(Data_RewardEvents!$F$2:$F$160,Data_RewardEvents!$B$2:$B$160,A15,Data_RewardEvents!$D$2:$D$160,"reward_credited")+SUMIFS(Data_RewardEvents!$F$2:$F$160,Data_RewardEvents!$B$2:$B$160,A15,Data_RewardEvents!$D$2:$D$160,"reward_reversed")+SUMIFS(Data_RewardEvents!$F$2:$F$160,Data_RewardEvents!$B$2:$B$160,A15,Data_RewardEvents!$D$2:$D$160,"reward_corrected") -> 50 | W15: =IF(S15>0,_xlfn.MINIFS(Data_RewardEvents!$E$2:$E$160,Data_RewardEvents!$B$2:$B$160,A15,Data_RewardEvents!$D$2:$D$160,"reward_credited"),"") -> 46290.306 | X15: =IF(W15="","",(W15-J15)*24) -> 47.388018 | Y15: =IF(I15<>"",1,0) -> 1 | Z15: =IF(K15="completed",1,0) -> 1 | AA15: =IF(L15="validated",1,0) -> 1 | AB15: =IF(S15>0,1,0) -> 1
A16: T00015 | B16: in_app_action | C16: In-app tasks | D16: U0004 | E16: VELOOP | F16: first_party | H16: 46288.273 | I16: 46288.281 | K16: abandoned | M16: 10 | N16: =README!$B$14 -> points | O16: user_abandoned | P16: user | Q16: =IF(AND(I16<>"",J16<>""),(J16-I16)*1440,"") | R16: =COUNTIFS(Data_RewardEvents!$B$2:$B$160,A16,Data_RewardEvents!$D$2:$D$160,"reward_pending") -> 0 | S16: =COUNTIFS(Data_RewardEvents!$B$2:$B$160,A16,Data_RewardEvents!$D$2:$D$160,"reward_credited") -> 0 | T16: =COUNTIFS(Data_RewardEvents!$B$2:$B$160,A16,Data_RewardEvents!$D$2:$D$160,"reward_reversed") -> 0 | U16: =COUNTIFS(Data_RewardEvents!$B$2:$B$160,A16,Data_RewardEvents!$D$2:$D$160,"reward_corrected") -> 0 | V16: =SUMIFS(Data_RewardEvents!$F$2:$F$160,Data_RewardEvents!$B$2:$B$160,A16,Data_RewardEvents!$D$2:$D$160,"reward_credited")+SUMIFS(Data_RewardEvents!$F$2:$F$160,Data_RewardEvents!$B$2:$B$160,A16,Data_RewardEvents!$D$2:$D$160,"reward_reversed")+SUMIFS(Data_RewardEvents!$F$2:$F$160,Data_RewardEvents!$B$2:$B$160,A16,Data_RewardEvents!$D$2:$D$160,"reward_corrected") -> 0 | W16: =IF(S16>0,_xlfn.MINIFS(Data_RewardEvents!$E$2:$E$160,Data_RewardEvents!$B$2:$B$160,A16,Data_RewardEvents!$D$2:$D$160,"reward_credited"),"") | X16: =IF(W16="","",(W16-J16)*24) | Y16: =IF(I16<>"",1,0) -> 1 | Z16: =IF(K16="completed",1,0) -> 0 | AA16: =IF(L16="validated",1,0) -> 0 | AB16: =IF(S16>0,1,0) -> 0
A17: T00016 | B17: survey_complete | C17: Surveys | D17: U0061 | E17: SurveyProv_B | F17: third_party | G17: EXT-96019 | H17: 46289.969 | I17: 46289.969 | J17: 46289.983 | K17: completed | L17: pending | M17: 50 | N17: =README!$B$14 -> points | Q17: =IF(AND(I17<>"",J17<>""),(J17-I17)*1440,"") -> 19.626038 | R17: =COUNTIFS(Data_RewardEvents!$B$2:$B$160,A17,Data_RewardEvents!$D$2:$D$160,"reward_pending") -> 1 | S17: =COUNTIFS(Data_RewardEvents!$B$2:$B$160,A17,Data_RewardEvents!$D$2:$D$160,"reward_credited") -> 0 | T17: =COUNTIFS(Data_RewardEvents!$B$2:$B$160,A17,Data_RewardEvents!$D$2:$D$160,"reward_reversed") -> 0 | U17: =COUNTIFS(Data_RewardEvents!$B$2:$B$160,A17,Data_RewardEvents!$D$2:$D$160,"reward_corrected") -> 0 | V17: =SUMIFS(Data_RewardEvents!$F$2:$F$160,Data_RewardEvents!$B$2:$B$160,A17,Data_RewardEvents!$D$2:$D$160,"reward_credited")+SUMIFS(Data_RewardEvents!$F$2:$F$160,Data_RewardEvents!$B$2:$B$160,A17,Data_RewardEvents!$D$2:$D$160,"reward_reversed")+SUMIFS(Data_RewardEvents!$F$2:$F$160,Data_RewardEvents!$B$2:$B$160,A17,Data_RewardEvents!$D$2:$D$160,"reward_corrected") -> 0 | W17: =IF(S17>0,_xlfn.MINIFS(Data_RewardEvents!$E$2:$E$160,Data_RewardEvents!$B$2:$B$160,A17,Data_RewardEvents!$D$2:$D$160,"reward_credited"),"") | X17: =IF(W17="","",(W17-J17)*24) | Y17: =IF(I17<>"",1,0) -> 1 | Z17: =IF(K17="completed",1,0) -> 1 | AA17: =IF(L17="validated",1,0) -> 0 | AB17: =IF(S17>0,1,0) -> 0
A18: T00017 | B18: video_view | C18: Advertisements | D18: U0013 | E18: AdNetwork_A | F18: third_party | G18: EXT-82787 | H18: 46288.248 | I18: 46288.249 | J18: 46288.25 | K18: completed | L18: validated | M18: 5 | N18: =README!$B$14 -> points | Q18: =IF(AND(I18<>"",J18<>""),(J18-I18)*1440,"") -> 1.1807031 | R18: =COUNTIFS(Data_RewardEvents!$B$2:$B$160,A18,Data_RewardEvents!$D$2:$D$160,"reward_pending") -> 0 | S18: =COUNTIFS(Data_RewardEvents!$B$2:$B$160,A18,Data_RewardEvents!$D$2:$D$160,"reward_credited") -> 1 | T18: =COUNTIFS(Data_RewardEvents!$B$2:$B$160,A18,Data_RewardEvents!$D$2:$D$160,"reward_reversed") -> 0 | U18: =COUNTIFS(Data_RewardEvents!$B$2:$B$160,A18,Data_RewardEvents!$D$2:$D$160,"reward_corrected") -> 0 | V18: =SUMIFS(Data_RewardEvents!$F$2:$F$160,Data_RewardEvents!$B$2:$B$160,A18,Data_RewardEvents!$D$2:$D$160,"reward_credited")+SUMIFS(Data_RewardEvents!$F$2:$F$160,Data_RewardEvents!$B$2:$B$160,A18,Data_RewardEvents!$D$2:$D$160,"reward_reversed")+SUMIFS(Data_RewardEvents!$F$2:$F$160,Data_RewardEvents!$B$2:$B$160,A18,Data_RewardEvents!$D$2:$D$160,"reward_corrected") -> 5 | W18: =IF(S18>0,_xlfn.MINIFS(Data_RewardEvents!$E$2:$E$160,Data_RewardEvents!$B$2:$B$160,A18,Data_RewardEvents!$D$2:$D$160,"reward_credited"),"") -> 46288.252 | X18: =IF(W18="","",(W18-J18)*24) -> 0.041278296 | Y18: =IF(I18<>"",1,0) -> 1 | Z18: =IF(K18="completed",1,0) -> 1 | AA18: =IF(L18="validated",1,0) -> 1 | AB18: =IF(S18>0,1,0) -> 1
A19: T00018 | B19: video_view | C19: Advertisements | D19: U0063 | E19: AdNetwork_B | F19: third_party | G19: EXT-25210 | H19: 46297.219 | I19: 46297.236 | J19: 46297.237 | K19: completed | L19: validated | M19: 5 | N19: =README!$B$14 -> points | Q19: =IF(AND(I19<>"",J19<>""),(J19-I19)*1440,"") -> 0.61743745 | R19: =COUNTIFS(Data_RewardEvents!$B$2:$B$160,A19,Data_RewardEvents!$D$2:$D$160,"reward_pending") -> 0 | S19: =COUNTIFS(Data_RewardEvents!$B$2:$B$160,A19,Data_RewardEvents!$D$2:$D$160,"reward_credited") -> 1 | T19: =COUNTIFS(Data_RewardEvents!$B$2:$B$160,A19,Data_RewardEvents!$D$2:$D$160,"reward_reversed") -> 0 | U19: =COUNTIFS(Data_RewardEvents!$B$2:$B$160,A19,Data_RewardEvents!$D$2:$D$160,"reward_corrected") -> 0 | V19: =SUMIFS(Data_RewardEvents!$F$2:$F$160,Data_RewardEvents!$B$2:$B$160,A19,Data_RewardEvents!$D$2:$D$160,"reward_credited")+SUMIFS(Data_RewardEvents!$F$2:$F$160,Data_RewardEvents!$B$2:$B$160,A19,Data_RewardEvents!$D$2:$D$160,"reward_reversed")+SUMIFS(Data_RewardEvents!$F$2:$F$160,Data_RewardEvents!$B$2:$B$160,A19,Data_RewardEvents!$D$2:$D$160,"reward_corrected") -> 5 | W19: =IF(S19>0,_xlfn.MINIFS(Data_RewardEvents!$E$2:$E$160,Data_RewardEvents!$B$2:$B$160,A19,Data_RewardEvents!$D$2:$D$160,"reward_credited"),"") -> 46297.239 | X19: =IF(W19="","",(W19-J19)*24) -> 0.055881369 | Y19: =IF(I19<>"",1,0) -> 1 | Z19: =IF(K19="completed",1,0) -> 1 | AA19: =IF(L19="validated",1,0) -> 1 | AB19: =IF(S19>0,1,0) -> 1
A20: T00019 | B20: offer_install | C20: Offers | D20: U0042 | E20: Offerwall_B | F20: third_party | G20: EXT-46081 | H20: 46290.826 | K20: discovered | M20: 100 | N20: =README!$B$14 -> points | Q20: =IF(AND(I20<>"",J20<>""),(J20-I20)*1440,"") | R20: =COUNTIFS(Data_RewardEvents!$B$2:$B$160,A20,Data_RewardEvents!$D$2:$D$160,"reward_pending") -> 0 | S20: =COUNTIFS(Data_RewardEvents!$B$2:$B$160,A20,Data_RewardEvents!$D$2:$D$160,"reward_credited") -> 0 | T20: =COUNTIFS(Data_RewardEvents!$B$2:$B$160,A20,Data_RewardEvents!$D$2:$D$160,"reward_reversed") -> 0 | U20: =COUNTIFS(Data_RewardEvents!$B$2:$B$160,A20,Data_RewardEvents!$D$2:$D$160,"reward_corrected") -> 0 | V20: =SUMIFS(Data_RewardEvents!$F$2:$F$160,Data_RewardEvents!$B$2:$B$160,A20,Data_RewardEvents!$D$2:$D$160,"reward_credited")+SUMIFS(Data_RewardEvents!$F$2:$F$160,Data_RewardEvents!$B$2:$B$160,A20,Data_RewardEvents!$D$2:$D$160,"reward_reversed")+SUMIFS(Data_RewardEvents!$F$2:$F$160,Data_RewardEvents!$B$2:$B$160,A20,Data_RewardEvents!$D$2:$D$160,"reward_corrected") -> 0 | W20: =IF(S20>0,_xlfn.MINIFS(Data_RewardEvents!$E$2:$E$160,Data_RewardEvents!$B$2:$B$160,A20,Data_RewardEvents!$D$2:$D$160,"reward_credited"),"") | X20: =IF(W20="","",(W20-J20)*24) | Y20: =IF(I20<>"",1,0) -> 0 | Z20: =IF(K20="completed",1,0) -> 0 | AA20: =IF(L20="validated",1,0) -> 0 | AB20: =IF(S20>0,1,0) -> 0
A21: T00020 | B21: survey_complete | C21: Surveys | D21: U0007 | E21: SurveyProv_B | F21: third_party | G21: EXT-44310 | H21: 46303.974 | I21: 46303.994 | K21: abandoned | M21: 50 | N21: =README!$B$14 -> points | O21: user_abandoned | P21: user | Q21: =IF(AND(I21<>"",J21<>""),(J21-I21)*1440,"") | R21: =COUNTIFS(Data_RewardEvents!$B$2:$B$160,A21,Data_RewardEvents!$D$2:$D$160,"reward_pending") -> 0 | S21: =COUNTIFS(Data_RewardEvents!$B$2:$B$160,A21,Data_RewardEvents!$D$2:$D$160,"reward_credited") -> 0 | T21: =COUNTIFS(Data_RewardEvents!$B$2:$B$160,A21,Data_RewardEvents!$D$2:$D$160,"reward_reversed") -> 0 | U21: =COUNTIFS(Data_RewardEvents!$B$2:$B$160,A21,Data_RewardEvents!$D$2:$D$160,"reward_corrected") -> 0 | V21: =SUMIFS(Data_RewardEvents!$F$2:$F$160,Data_RewardEvents!$B$2:$B$160,A21,Data_RewardEvents!$D$2:$D$160,"reward_credited")+SUMIFS(Data_RewardEvents!$F$2:$F$160,Data_RewardEvents!$B$2:$B$160,A21,Data_RewardEvents!$D$2:$D$160,"reward_reversed")+SUMIFS(Data_RewardEvents!$F$2:$F$160,Data_RewardEvents!$B$2:$B$160,A21,Data_RewardEvents!$D$2:$D$160,"reward_corrected") -> 0 | W21: =IF(S21>0,_xlfn.MINIFS(Data_RewardEvents!$E$2:$E$160,Data_RewardEvents!$B$2:$B$160,A21,Data_RewardEvents!$D$2:$D$160,"reward_credited"),"") | X21: =IF(W21="","",(W21-J21)*24) | Y21: =IF(I21<>"",1,0) -> 1 | Z21: =IF(K21="completed",1,0) -> 0 | AA21: =IF(L21="validated",1,0) -> 0 | AB21: =IF(S21>0,1,0) -> 0
A22: T00021 | B22: video_view | C22: Advertisements | D22: U0024 | E22: AdNetwork_B | F22: third_party | G22: EXT-48875 | H22: 46298.625 | I22: 46298.631 | J22: 46298.631 | K22: completed | L22: validated | M22: 5 | N22: =README!$B$14 -> points | Q22: =IF(AND(I22<>"",J22<>""),(J22-I22)*1440,"") -> 0.85292699 | R22: =COUNTIFS(Data_RewardEvents!$B$2:$B$160,A22,Data_RewardEvents!$D$2:$D$160,"reward_pending") -> 0 | S22: =COUNTIFS(Data_RewardEvents!$B$2:$B$160,A22,Data_RewardEvents!$D$2:$D$160,"reward_credited") -> 1 | T22: =COUNTIFS(Data_RewardEvents!$B$2:$B$160,A22,Data_RewardEvents!$D$2:$D$160,"reward_reversed") -> 0 | U22: =COUNTIFS(Data_RewardEvents!$B$2:$B$160,A22,Data_RewardEvents!$D$2:$D$160,"reward_corrected") -> 0 | V22: =SUMIFS(Data_RewardEvents!$F$2:$F$160,Data_RewardEvents!$B$2:$B$160,A22,Data_RewardEvents!$D$2:$D$160,"reward_credited")+SUMIFS(Data_RewardEvents!$F$2:$F$160,Data_RewardEvents!$B$2:$B$160,A22,Data_RewardEvents!$D$2:$D$160,"reward_reversed")+SUMIFS(Data_RewardEvents!$F$2:$F$160,Data_RewardEvents!$B$2:$B$160,A22,Data_RewardEvents!$D$2:$D$160,"reward_corrected") -> 5 | W22: =IF(S22>0,_xlfn.MINIFS(Data_RewardEvents!$E$2:$E$160,Data_RewardEvents!$B$2:$B$160,A22,Data_RewardEvents!$D$2:$D$160,"reward_credited"),"") -> 46298.636 | X22: =IF(W22="","",(W22-J22)*24) -> 0.10786847 | Y22: =IF(I22<>"",1,0) -> 1 | Z22: =IF(K22="completed",1,0) -> 1 | AA22: =IF(L22="validated",1,0) -> 1 | AB22: =IF(S22>0,1,0) -> 1
A23: T00022 | B23: video_view | C23: Advertisements | D23: U0013 | E23: AdNetwork_B | F23: third_party | G23: EXT-11746 | H23: 46303.916 | I23: 46303.928 | K23: abandoned | M23: 5 | N23: =README!$B$14 -> points | O23: user_abandoned | P23: user | Q23: =IF(AND(I23<>"",J23<>""),(J23-I23)*1440,"") | R23: =COUNTIFS(Data_RewardEvents!$B$2:$B$160,A23,Data_RewardEvents!$D$2:$D$160,"reward_pending") -> 0 | S23: =COUNTIFS(Data_RewardEvents!$B$2:$B$160,A23,Data_RewardEvents!$D$2:$D$160,"reward_credited") -> 0 | T23: =COUNTIFS(Data_RewardEvents!$B$2:$B$160,A23,Data_RewardEvents!$D$2:$D$160,"reward_reversed") -> 0 | U23: =COUNTIFS(Data_RewardEvents!$B$2:$B$160,A23,Data_RewardEvents!$D$2:$D$160,"reward_corrected") -> 0 | V23: =SUMIFS(Data_RewardEvents!$F$2:$F$160,Data_RewardEvents!$B$2:$B$160,A23,Data_RewardEvents!$D$2:$D$160,"reward_credited")+SUMIFS(Data_RewardEvents!$F$2:$F$160,Data_RewardEvents!$B$2:$B$160,A23,Data_RewardEvents!$D$2:$D$160,"reward_reversed")+SUMIFS(Data_RewardEvents!$F$2:$F$160,Data_RewardEvents!$B$2:$B$160,A23,Data_RewardEvents!$D$2:$D$160,"reward_corrected") -> 0 | W23: =IF(S23>0,_xlfn.MINIFS(Data_RewardEvents!$E$2:$E$160,Data_RewardEvents!$B$2:$B$160,A23,Data_RewardEvents!$D$2:$D$160,"reward_credited"),"") | X23: =IF(W23="","",(W23-J23)*24) | Y23: =IF(I23<>"",1,0) -> 1 | Z23: =IF(K23="completed",1,0) -> 0 | AA23: =IF(L23="validated",1,0) -> 0 | AB23: =IF(S23>0,1,0) -> 0
A24: T00023 | B24: video_view | C24: Advertisements | D24: U0010 | E24: AdNetwork_A | F24: third_party | G24: EXT-59664 | H24: 46288.064 | I24: 46288.08 | K24: abandoned | M24: 5 | N24: =README!$B$14 -> points | O24: user_abandoned | P24: user | Q24: =IF(AND(I24<>"",J24<>""),(J24-I24)*1440,"") | R24: =COUNTIFS(Data_RewardEvents!$B$2:$B$160,A24,Data_RewardEvents!$D$2:$D$160,"reward_pending") -> 0 | S24: =COUNTIFS(Data_RewardEvents!$B$2:$B$160,A24,Data_RewardEvents!$D$2:$D$160,"reward_credited") -> 0 | T24: =COUNTIFS(Data_RewardEvents!$B$2:$B$160,A24,Data_RewardEvents!$D$2:$D$160,"reward_reversed") -> 0 | U24: =COUNTIFS(Data_RewardEvents!$B$2:$B$160,A24,Data_RewardEvents!$D$2:$D$160,"reward_corrected") -> 0 | V24: =SUMIFS(Data_RewardEvents!$F$2:$F$160,Data_RewardEvents!$B$2:$B$160,A24,Data_RewardEvents!$D$2:$D$160,"reward_credited")+SUMIFS(Data_RewardEvents!$F$2:$F$160,Data_RewardEvents!$B$2:$B$160,A24,Data_RewardEvents!$D$2:$D$160,"reward_reversed")+SUMIFS(Data_RewardEvents!$F$2:$F$160,Data_RewardEvents!$B$2:$B$160,A24,Data_RewardEvents!$D$2:$D$160,"reward_corrected") -> 0 | W24: =IF(S24>0,_xlfn.MINIFS(Data_RewardEvents!$E$2:$E$160,Data_RewardEvents!$B$2:$B$160,A24,Data_RewardEvents!$D$2:$D$160,"reward_credited"),"") | X24: =IF(W24="","",(W24-J24)*24) | Y24: =IF(I24<>"",1,0) -> 1 | Z24: =IF(K24="completed",1,0) -> 0 | AA24: =IF(L24="validated",1,0) -> 0 | AB24: =IF(S24>0,1,0) -> 0
A25: T00024 | B25: game_milestone | C25: Games | D25: U0016 | E25: GamePartner_B | F25: third_party | G25: EXT-61879 | H25: 46296.008 | I25: 46296.025 | J25: 46296.043 | K25: completed | L25: validated | M25: 30 | N25: =README!$B$14 -> points | Q25: =IF(AND(I25<>"",J25<>""),(J25-I25)*1440,"") -> 25.206708 | R25: =COUNTIFS(Data_RewardEvents!$B$2:$B$160,A25,Data_RewardEvents!$D$2:$D$160,"reward_pending") -> 1 | S25: =COUNTIFS(Data_RewardEvents!$B$2:$B$160,A25,Data_RewardEvents!$D$2:$D$160,"reward_credited") -> 1 | T25: =COUNTIFS(Data_RewardEvents!$B$2:$B$160,A25,Data_RewardEvents!$D$2:$D$160,"reward_reversed") -> 0 | U25: =COUNTIFS(Data_RewardEvents!$B$2:$B$160,A25,Data_RewardEvents!$D$2:$D$160,"reward_corrected") -> 0 | V25: =SUMIFS(Data_RewardEvents!$F$2:$F$160,Data_RewardEvents!$B$2:$B$160,A25,Data_RewardEvents!$D$2:$D$160,"reward_credited")+SUMIFS(Data_RewardEvents!$F$2:$F$160,Data_RewardEvents!$B$2:$B$160,A25,Data_RewardEvents!$D$2:$D$160,"reward_reversed")+SUMIFS(Data_RewardEvents!$F$2:$F$160,Data_RewardEvents!$B$2:$B$160,A25,Data_RewardEvents!$D$2:$D$160,"reward_corrected") -> 30 | W25: =IF(S25>0,_xlfn.MINIFS(Data_RewardEvents!$E$2:$E$160,Data_RewardEvents!$B$2:$B$160,A25,Data_RewardEvents!$D$2:$D$160,"reward_credited"),"") -> 46296.857 | X25: =IF(W25="","",(W25-J25)*24) -> 19.547657 | Y25: =IF(I25<>"",1,0) -> 1 | Z25: =IF(K25="completed",1,0) -> 1 | AA25: =IF(L25="validated",1,0) -> 1 | AB25: =IF(S25>0,1,0) -> 1
A26: T00025 | B26: in_app_action | C26: In-app tasks | D26: U0048 | E26: VELOOP | F26: first_party | H26: 46303.679 | I26: 46303.685 | K26: failed | M26: 10 | N26: =README!$B$14 -> points | O26: task_failed | P26: user | Q26: =IF(AND(I26<>"",J26<>""),(J26-I26)*1440,"") | R26: =COUNTIFS(Data_RewardEvents!$B$2:$B$160,A26,Data_RewardEvents!$D$2:$D$160,"reward_pending") -> 0 | S26: =COUNTIFS(Data_RewardEvents!$B$2:$B$160,A26,Data_RewardEvents!$D$2:$D$160,"reward_credited") -> 0 | T26: =COUNTIFS(Data_RewardEvents!$B$2:$B$160,A26,Data_RewardEvents!$D$2:$D$160,"reward_reversed") -> 0 | U26: =COUNTIFS(Data_RewardEvents!$B$2:$B$160,A26,Data_RewardEvents!$D$2:$D$160,"reward_corrected") -> 0 | V26: =SUMIFS(Data_RewardEvents!$F$2:$F$160,Data_RewardEvents!$B$2:$B$160,A26,Data_RewardEvents!$D$2:$D$160,"reward_credited")+SUMIFS(Data_RewardEvents!$F$2:$F$160,Data_RewardEvents!$B$2:$B$160,A26,Data_RewardEvents!$D$2:$D$160,"reward_reversed")+SUMIFS(Data_RewardEvents!$F$2:$F$160,Data_RewardEvents!$B$2:$B$160,A26,Data_RewardEvents!$D$2:$D$160,"reward_corrected") -> 0 | W26: =IF(S26>0,_xlfn.MINIFS(Data_RewardEvents!$E$2:$E$160,Data_RewardEvents!$B$2:$B$160,A26,Data_RewardEvents!$D$2:$D$160,"reward_credited"),"") | X26: =IF(W26="","",(W26-J26)*24) | Y26: =IF(I26<>"",1,0) -> 1 | Z26: =IF(K26="completed",1,0) -> 0 | AA26: =IF(L26="validated",1,0) -> 0 | AB26: =IF(S26>0,1,0) -> 0
A27: T00026 | B27: video_view | C27: Advertisements | D27: U0045 | E27: AdNetwork_A | F27: third_party | G27: EXT-75197 | H27: 46288.101 | K27: discovered | M27: 5 | N27: =README!$B$14 -> points | Q27: =IF(AND(I27<>"",J27<>""),(J27-I27)*1440,"") | R27: =COUNTIFS(Data_RewardEvents!$B$2:$B$160,A27,Data_RewardEvents!$D$2:$D$160,"reward_pending") -> 0 | S27: =COUNTIFS(Data_RewardEvents!$B$2:$B$160,A27,Data_RewardEvents!$D$2:$D$160,"reward_credited") -> 0 | T27: =COUNTIFS(Data_RewardEvents!$B$2:$B$160,A27,Data_RewardEvents!$D$2:$D$160,"reward_reversed") -> 0 | U27: =COUNTIFS(Data_RewardEvents!$B$2:$B$160,A27,Data_RewardEvents!$D$2:$D$160,"reward_corrected") -> 0 | V27: =SUMIFS(Data_RewardEvents!$F$2:$F$160,Data_RewardEvents!$B$2:$B$160,A27,Data_RewardEvents!$D$2:$D$160,"reward_credited")+SUMIFS(Data_RewardEvents!$F$2:$F$160,Data_RewardEvents!$B$2:$B$160,A27,Data_RewardEvents!$D$2:$D$160,"reward_reversed")+SUMIFS(Data_RewardEvents!$F$2:$F$160,Data_RewardEvents!$B$2:$B$160,A27,Data_RewardEvents!$D$2:$D$160,"reward_corrected") -> 0 | W27: =IF(S27>0,_xlfn.MINIFS(Data_RewardEvents!$E$2:$E$160,Data_RewardEvents!$B$2:$B$160,A27,Data_RewardEvents!$D$2:$D$160,"reward_credited"),"") | X27: =IF(W27="","",(W27-J27)*24) | Y27: =IF(I27<>"",1,0) -> 0 | Z27: =IF(K27="completed",1,0) -> 0 | AA27: =IF(L27="validated",1,0) -> 0 | AB27: =IF(S27>0,1,0) -> 0
A28: T00027 | B28: offer_install | C28: Offers | D28: U0014 | E28: Offerwall_B | F28: third_party | G28: EXT-73235 | H28: 46295.171 | I28: 46295.187 | J28: 46295.499 | K28: completed | L28: validated | M28: 100 | N28: =README!$B$14 -> points | Q28: =IF(AND(I28<>"",J28<>""),(J28-I28)*1440,"") -> 449.77694 | R28: =COUNTIFS(Data_RewardEvents!$B$2:$B$160,A28,Data_RewardEvents!$D$2:$D$160,"reward_pending") -> 1 | S28: =COUNTIFS(Data_RewardEvents!$B$2:$B$160,A28,Data_RewardEvents!$D$2:$D$160,"reward_credited") -> 1 | T28: =COUNTIFS(Data_RewardEvents!$B$2:$B$160,A28,Data_RewardEvents!$D$2:$D$160,"reward_reversed") -> 0 | U28: =COUNTIFS(Data_RewardEvents!$B$2:$B$160,A28,Data_RewardEvents!$D$2:$D$160,"reward_corrected") -> 0 | V28: =SUMIFS(Data_RewardEvents!$F$2:$F$160,Data_RewardEvents!$B$2:$B$160,A28,Data_RewardEvents!$D$2:$D$160,"reward_credited")+SUMIFS(Data_RewardEvents!$F$2:$F$160,Data_RewardEvents!$B$2:$B$160,A28,Data_RewardEvents!$D$2:$D$160,"reward_reversed")+SUMIFS(Data_RewardEvents!$F$2:$F$160,Data_RewardEvents!$B$2:$B$160,A28,Data_RewardEvents!$D$2:$D$160,"reward_corrected") -> 100 | W28: =IF(S28>0,_xlfn.MINIFS(Data_RewardEvents!$E$2:$E$160,Data_RewardEvents!$B$2:$B$160,A28,Data_RewardEvents!$D$2:$D$160,"reward_credited"),"") -> 46296.359 | X28: =IF(W28="","",(W28-J28)*24) -> 20.626474 | Y28: =IF(I28<>"",1,0) -> 1 | Z28: =IF(K28="completed",1,0) -> 1 | AA28: =IF(L28="validated",1,0) -> 1 | AB28: =IF(S28>0,1,0) -> 1
A29: T00028 | B29: offer_install | C29: Offers | D29: U0005 | E29: Offerwall_A | F29: third_party | G29: EXT-45347 | H29: 46287.414 | K29: discovered | M29: 100 | N29: =README!$B$14 -> points | Q29: =IF(AND(I29<>"",J29<>""),(J29-I29)*1440,"") | R29: =COUNTIFS(Data_RewardEvents!$B$2:$B$160,A29,Data_RewardEvents!$D$2:$D$160,"reward_pending") -> 0 | S29: =COUNTIFS(Data_RewardEvents!$B$2:$B$160,A29,Data_RewardEvents!$D$2:$D$160,"reward_credited") -> 0 | T29: =COUNTIFS(Data_RewardEvents!$B$2:$B$160,A29,Data_RewardEvents!$D$2:$D$160,"reward_reversed") -> 0 | U29: =COUNTIFS(Data_RewardEvents!$B$2:$B$160,A29,Data_RewardEvents!$D$2:$D$160,"reward_corrected") -> 0 | V29: =SUMIFS(Data_RewardEvents!$F$2:$F$160,Data_RewardEvents!$B$2:$B$160,A29,Data_RewardEvents!$D$2:$D$160,"reward_credited")+SUMIFS(Data_RewardEvents!$F$2:$F$160,Data_RewardEvents!$B$2:$B$160,A29,Data_RewardEvents!$D$2:$D$160,"reward_reversed")+SUMIFS(Data_RewardEvents!$F$2:$F$160,Data_RewardEvents!$B$2:$B$160,A29,Data_RewardEvents!$D$2:$D$160,"reward_corrected") -> 0 | W29: =IF(S29>0,_xlfn.MINIFS(Data_RewardEvents!$E$2:$E$160,Data_RewardEvents!$B$2:$B$160,A29,Data_RewardEvents!$D$2:$D$160,"reward_credited"),"") | X29: =IF(W29="","",(W29-J29)*24) | Y29: =IF(I29<>"",1,0) -> 0 | Z29: =IF(K29="completed",1,0) -> 0 | AA29: =IF(L29="validated",1,0) -> 0 | AB29: =IF(S29>0,1,0) -> 0
A30: T00029 | B30: game_milestone | C30: Games | D30: U0016 | E30: GamePartner_B | F30: third_party | G30: EXT-56204 | H30: 46289.037 | I30: 46289.047 | J30: 46289.078 | K30: completed | L30: validated | M30: 30 | N30: =README!$B$14 -> points | Q30: =IF(AND(I30<>"",J30<>""),(J30-I30)*1440,"") -> 43.83968 | R30: =COUNTIFS(Data_RewardEvents!$B$2:$B$160,A30,Data_RewardEvents!$D$2:$D$160,"reward_pending") -> 1 | S30: =COUNTIFS(Data_RewardEvents!$B$2:$B$160,A30,Data_RewardEvents!$D$2:$D$160,"reward_credited") -> 1 | T30: =COUNTIFS(Data_RewardEvents!$B$2:$B$160,A30,Data_RewardEvents!$D$2:$D$160,"reward_reversed") -> 0 | U30: =COUNTIFS(Data_RewardEvents!$B$2:$B$160,A30,Data_RewardEvents!$D$2:$D$160,"reward_corrected") -> 0 | V30: =SUMIFS(Data_RewardEvents!$F$2:$F$160,Data_RewardEvents!$B$2:$B$160,A30,Data_RewardEvents!$D$2:$D$160,"reward_credited")+SUMIFS(Data_RewardEvents!$F$2:$F$160,Data_RewardEvents!$B$2:$B$160,A30,Data_RewardEvents!$D$2:$D$160,"reward_reversed")+SUMIFS(Data_RewardEvents!$F$2:$F$160,Data_RewardEvents!$B$2:$B$160,A30,Data_RewardEvents!$D$2:$D$160,"reward_corrected") -> 30 | W30: =IF(S30>0,_xlfn.MINIFS(Data_RewardEvents!$E$2:$E$160,Data_RewardEvents!$B$2:$B$160,A30,Data_RewardEvents!$D$2:$D$160,"reward_credited"),"") -> 46289.417 | X30: =IF(W30="","",(W30-J30)*24) -> 8.13724 | Y30: =IF(I30<>"",1,0) -> 1 | Z30: =IF(K30="completed",1,0) -> 1 | AA30: =IF(L30="validated",1,0) -> 1 | AB30: =IF(S30>0,1,0) -> 1
A31: T00030 | B31: game_milestone | C31: Games | D31: U0051 | E31: GamePartner_A | F31: third_party | G31: EXT-73978 | H31: 46291.782 | I31: 46291.784 | J31: 46291.82 | K31: completed | L31: validated | M31: 30 | N31: =README!$B$14 -> points | Q31: =IF(AND(I31<>"",J31<>""),(J31-I31)*1440,"") -> 52.486153 | R31: =COUNTIFS(Data_RewardEvents!$B$2:$B$160,A31,Data_RewardEvents!$D$2:$D$160,"reward_pending") -> 1 | S31: =COUNTIFS(Data_RewardEvents!$B$2:$B$160,A31,Data_RewardEvents!$D$2:$D$160,"reward_credited") -> 1 | T31: =COUNTIFS(Data_RewardEvents!$B$2:$B$160,A31,Data_RewardEvents!$D$2:$D$160,"reward_reversed") -> 0 | U31: =COUNTIFS(Data_RewardEvents!$B$2:$B$160,A31,Data_RewardEvents!$D$2:$D$160,"reward_corrected") -> 0 | V31: =SUMIFS(Data_RewardEvents!$F$2:$F$160,Data_RewardEvents!$B$2:$B$160,A31,Data_RewardEvents!$D$2:$D$160,"reward_credited")+SUMIFS(Data_RewardEvents!$F$2:$F$160,Data_RewardEvents!$B$2:$B$160,A31,Data_RewardEvents!$D$2:$D$160,"reward_reversed")+SUMIFS(Data_RewardEvents!$F$2:$F$160,Data_RewardEvents!$B$2:$B$160,A31,Data_RewardEvents!$D$2:$D$160,"reward_corrected") -> 30 | W31: =IF(S31>0,_xlfn.MINIFS(Data_RewardEvents!$E$2:$E$160,Data_RewardEvents!$B$2:$B$160,A31,Data_RewardEvents!$D$2:$D$160,"reward_credited"),"") -> 46292.294 | X31: =IF(W31="","",(W31-J31)*24) -> 11.375664 | Y31: =IF(I31<>"",1,0) -> 1 | Z31: =IF(K31="completed",1,0) -> 1 | AA31: =IF(L31="validated",1,0) -> 1 | AB31: =IF(S31>0,1,0) -> 1
A32: T00031 | B32: in_app_action | C32: In-app tasks | D32: U0064 | E32: VELOOP | F32: first_party | H32: 46296.567 | I32: 46296.575 | J32: 46296.578 | K32: completed | L32: validated | M32: 10 | N32: =README!$B$14 -> points | Q32: =IF(AND(I32<>"",J32<>""),(J32-I32)*1440,"") -> 3.8669727 | R32: =COUNTIFS(Data_RewardEvents!$B$2:$B$160,A32,Data_RewardEvents!$D$2:$D$160,"reward_pending") -> 0 | S32: =COUNTIFS(Data_RewardEvents!$B$2:$B$160,A32,Data_RewardEvents!$D$2:$D$160,"reward_credited") -> 1 | T32: =COUNTIFS(Data_RewardEvents!$B$2:$B$160,A32,Data_RewardEvents!$D$2:$D$160,"reward_reversed") -> 0 | U32: =COUNTIFS(Data_RewardEvents!$B$2:$B$160,A32,Data_RewardEvents!$D$2:$D$160,"reward_corrected") -> 0 | V32: =SUMIFS(Data_RewardEvents!$F$2:$F$160,Data_RewardEvents!$B$2:$B$160,A32,Data_RewardEvents!$D$2:$D$160,"reward_credited")+SUMIFS(Data_RewardEvents!$F$2:$F$160,Data_RewardEvents!$B$2:$B$160,A32,Data_RewardEvents!$D$2:$D$160,"reward_reversed")+SUMIFS(Data_RewardEvents!$F$2:$F$160,Data_RewardEvents!$B$2:$B$160,A32,Data_RewardEvents!$D$2:$D$160,"reward_corrected") -> 10 | W32: =IF(S32>0,_xlfn.MINIFS(Data_RewardEvents!$E$2:$E$160,Data_RewardEvents!$B$2:$B$160,A32,Data_RewardEvents!$D$2:$D$160,"reward_credited"),"") -> 46296.58 | X32: =IF(W32="","",(W32-J32)*24) -> 0.067397959 | Y32: =IF(I32<>"",1,0) -> 1 | Z32: =IF(K32="completed",1,0) -> 1 | AA32: =IF(L32="validated",1,0) -> 1 | AB32: =IF(S32>0,1,0) -> 1
A33: T00032 | B33: survey_complete | C33: Surveys | D33: U0002 | E33: SurveyProv_A | F33: third_party | G33: EXT-30990 | H33: 46293.257 | K33: discovered | M33: 50 | N33: =README!$B$14 -> points | Q33: =IF(AND(I33<>"",J33<>""),(J33-I33)*1440,"") | R33: =COUNTIFS(Data_RewardEvents!$B$2:$B$160,A33,Data_RewardEvents!$D$2:$D$160,"reward_pending") -> 0 | S33: =COUNTIFS(Data_RewardEvents!$B$2:$B$160,A33,Data_RewardEvents!$D$2:$D$160,"reward_credited") -> 0 | T33: =COUNTIFS(Data_RewardEvents!$B$2:$B$160,A33,Data_RewardEvents!$D$2:$D$160,"reward_reversed") -> 0 | U33: =COUNTIFS(Data_RewardEvents!$B$2:$B$160,A33,Data_RewardEvents!$D$2:$D$160,"reward_corrected") -> 0 | V33: =SUMIFS(Data_RewardEvents!$F$2:$F$160,Data_RewardEvents!$B$2:$B$160,A33,Data_RewardEvents!$D$2:$D$160,"reward_credited")+SUMIFS(Data_RewardEvents!$F$2:$F$160,Data_RewardEvents!$B$2:$B$160,A33,Data_RewardEvents!$D$2:$D$160,"reward_reversed")+SUMIFS(Data_RewardEvents!$F$2:$F$160,Data_RewardEvents!$B$2:$B$160,A33,Data_RewardEvents!$D$2:$D$160,"reward_corrected") -> 0 | W33: =IF(S33>0,_xlfn.MINIFS(Data_RewardEvents!$E$2:$E$160,Data_RewardEvents!$B$2:$B$160,A33,Data_RewardEvents!$D$2:$D$160,"reward_credited"),"") | X33: =IF(W33="","",(W33-J33)*24) | Y33: =IF(I33<>"",1,0) -> 0 | Z33: =IF(K33="completed",1,0) -> 0 | AA33: =IF(L33="validated",1,0) -> 0 | AB33: =IF(S33>0,1,0) -> 0
A34: T00033 | B34: survey_complete | C34: Surveys | D34: U0031 | E34: SurveyProv_B | F34: third_party | G34: EXT-28277 | H34: 46298.443 | I34: 46298.464 | J34: 46298.473 | K34: completed | L34: validated | M34: 50 | N34: =README!$B$14 -> points | Q34: =IF(AND(I34<>"",J34<>""),(J34-I34)*1440,"") -> 12.648123 | R34: =COUNTIFS(Data_RewardEvents!$B$2:$B$160,A34,Data_RewardEvents!$D$2:$D$160,"reward_pending") -> 1 | S34: =COUNTIFS(Data_RewardEvents!$B$2:$B$160,A34,Data_RewardEvents!$D$2:$D$160,"reward_credited") -> 1 | T34: =COUNTIFS(Data_RewardEvents!$B$2:$B$160,A34,Data_RewardEvents!$D$2:$D$160,"reward_reversed") -> 0 | U34: =COUNTIFS(Data_RewardEvents!$B$2:$B$160,A34,Data_RewardEvents!$D$2:$D$160,"reward_corrected") -> 0 | V34: =SUMIFS(Data_RewardEvents!$F$2:$F$160,Data_RewardEvents!$B$2:$B$160,A34,Data_RewardEvents!$D$2:$D$160,"reward_credited")+SUMIFS(Data_RewardEvents!$F$2:$F$160,Data_RewardEvents!$B$2:$B$160,A34,Data_RewardEvents!$D$2:$D$160,"reward_reversed")+SUMIFS(Data_RewardEvents!$F$2:$F$160,Data_RewardEvents!$B$2:$B$160,A34,Data_RewardEvents!$D$2:$D$160,"reward_corrected") -> 50 | W34: =IF(S34>0,_xlfn.MINIFS(Data_RewardEvents!$E$2:$E$160,Data_RewardEvents!$B$2:$B$160,A34,Data_RewardEvents!$D$2:$D$160,"reward_credited"),"") -> 46298.938 | X34: =IF(W34="","",(W34-J34)*24) -> 11.159602 | Y34: =IF(I34<>"",1,0) -> 1 | Z34: =IF(K34="completed",1,0) -> 1 | AA34: =IF(L34="validated",1,0) -> 1 | AB34: =IF(S34>0,1,0) -> 1
A35: T00034 | B35: video_view | C35: Advertisements | D35: U0064 | E35: AdNetwork_B | F35: third_party | G35: EXT-28716 | H35: 46288.636 | I35: 46288.639 | J35: 46288.64 | K35: completed | L35: validated | M35: 5 | N35: =README!$B$14 -> points | Q35: =IF(AND(I35<>"",J35<>""),(J35-I35)*1440,"") -> 1.0358675 | R35: =COUNTIFS(Data_RewardEvents!$B$2:$B$160,A35,Data_RewardEvents!$D$2:$D$160,"reward_pending") -> 0 | S35: =COUNTIFS(Data_RewardEvents!$B$2:$B$160,A35,Data_RewardEvents!$D$2:$D$160,"reward_credited") -> 1 | T35: =COUNTIFS(Data_RewardEvents!$B$2:$B$160,A35,Data_RewardEvents!$D$2:$D$160,"reward_reversed") -> 0 | U35: =COUNTIFS(Data_RewardEvents!$B$2:$B$160,A35,Data_RewardEvents!$D$2:$D$160,"reward_corrected") -> 0 | V35: =SUMIFS(Data_RewardEvents!$F$2:$F$160,Data_RewardEvents!$B$2:$B$160,A35,Data_RewardEvents!$D$2:$D$160,"reward_credited")+SUMIFS(Data_RewardEvents!$F$2:$F$160,Data_RewardEvents!$B$2:$B$160,A35,Data_RewardEvents!$D$2:$D$160,"reward_reversed")+SUMIFS(Data_RewardEvents!$F$2:$F$160,Data_RewardEvents!$B$2:$B$160,A35,Data_RewardEvents!$D$2:$D$160,"reward_corrected") -> 5 | W35: =IF(S35>0,_xlfn.MINIFS(Data_RewardEvents!$E$2:$E$160,Data_RewardEvents!$B$2:$B$160,A35,Data_RewardEvents!$D$2:$D$160,"reward_credited"),"") -> 46288.642 | X35: =IF(W35="","",(W35-J35)*24) -> 0.063001676 | Y35: =IF(I35<>"",1,0) -> 1 | Z35: =IF(K35="completed",1,0) -> 1 | AA35: =IF(L35="validated",1,0) -> 1 | AB35: =IF(S35>0,1,0) -> 1
A36: T00035 | B36: offer_install | C36: Offers | D36: U0027 | E36: Offerwall_B | F36: third_party | G36: EXT-69210 | H36: 46286.286 | I36: 46286.303 | J36: 46286.371 | K36: completed | L36: pending | M36: 100 | N36: =README!$B$14 -> points | Q36: =IF(AND(I36<>"",J36<>""),(J36-I36)*1440,"") -> 97.793577 | R36: =COUNTIFS(Data_RewardEvents!$B$2:$B$160,A36,Data_RewardEvents!$D$2:$D$160,"reward_pending") -> 1 | S36: =COUNTIFS(Data_RewardEvents!$B$2:$B$160,A36,Data_RewardEvents!$D$2:$D$160,"reward_credited") -> 0 | T36: =COUNTIFS(Data_RewardEvents!$B$2:$B$160,A36,Data_RewardEvents!$D$2:$D$160,"reward_reversed") -> 0 | U36: =COUNTIFS(Data_RewardEvents!$B$2:$B$160,A36,Data_RewardEvents!$D$2:$D$160,"reward_corrected") -> 0 | V36: =SUMIFS(Data_RewardEvents!$F$2:$F$160,Data_RewardEvents!$B$2:$B$160,A36,Data_RewardEvents!$D$2:$D$160,"reward_credited")+SUMIFS(Data_RewardEvents!$F$2:$F$160,Data_RewardEvents!$B$2:$B$160,A36,Data_RewardEvents!$D$2:$D$160,"reward_reversed")+SUMIFS(Data_RewardEvents!$F$2:$F$160,Data_RewardEvents!$B$2:$B$160,A36,Data_RewardEvents!$D$2:$D$160,"reward_corrected") -> 0 | W36: =IF(S36>0,_xlfn.MINIFS(Data_RewardEvents!$E$2:$E$160,Data_RewardEvents!$B$2:$B$160,A36,Data_RewardEvents!$D$2:$D$160,"reward_credited"),"") | X36: =IF(W36="","",(W36-J36)*24) | Y36: =IF(I36<>"",1,0) -> 1 | Z36: =IF(K36="completed",1,0) -> 1 | AA36: =IF(L36="validated",1,0) -> 0 | AB36: =IF(S36>0,1,0) -> 0
A37: T00036 | B37: in_app_action | C37: In-app tasks | D37: U0046 | E37: VELOOP | F37: first_party | H37: 46297.213 | I37: 46297.215 | K37: failed | M37: 10 | N37: =README!$B$14 -> points | O37: task_failed | P37: user | Q37: =IF(AND(I37<>"",J37<>""),(J37-I37)*1440,"") | R37: =COUNTIFS(Data_RewardEvents!$B$2:$B$160,A37,Data_RewardEvents!$D$2:$D$160,"reward_pending") -> 0 | S37: =COUNTIFS(Data_RewardEvents!$B$2:$B$160,A37,Data_RewardEvents!$D$2:$D$160,"reward_credited") -> 0 | T37: =COUNTIFS(Data_RewardEvents!$B$2:$B$160,A37,Data_RewardEvents!$D$2:$D$160,"reward_reversed") -> 0 | U37: =COUNTIFS(Data_RewardEvents!$B$2:$B$160,A37,Data_RewardEvents!$D$2:$D$160,"reward_corrected") -> 0 | V37: =SUMIFS(Data_RewardEvents!$F$2:$F$160,Data_RewardEvents!$B$2:$B$160,A37,Data_RewardEvents!$D$2:$D$160,"reward_credited")+SUMIFS(Data_RewardEvents!$F$2:$F$160,Data_RewardEvents!$B$2:$B$160,A37,Data_RewardEvents!$D$2:$D$160,"reward_reversed")+SUMIFS(Data_RewardEvents!$F$2:$F$160,Data_RewardEvents!$B$2:$B$160,A37,Data_RewardEvents!$D$2:$D$160,"reward_corrected") -> 0 | W37: =IF(S37>0,_xlfn.MINIFS(Data_RewardEvents!$E$2:$E$160,Data_RewardEvents!$B$2:$B$160,A37,Data_RewardEvents!$D$2:$D$160,"reward_credited"),"") | X37: =IF(W37="","",(W37-J37)*24) | Y37: =IF(I37<>"",1,0) -> 1 | Z37: =IF(K37="completed",1,0) -> 0 | AA37: =IF(L37="validated",1,0) -> 0 | AB37: =IF(S37>0,1,0) -> 0
A38: T00037 | B38: survey_complete | C38: Surveys | D38: U0050 | E38: SurveyProv_B | F38: third_party | G38: EXT-46117 | H38: 46296.024 | I38: 46296.033 | K38: failed | M38: 50 | N38: =README!$B$14 -> points | O38: task_failed | P38: user | Q38: =IF(AND(I38<>"",J38<>""),(J38-I38)*1440,"") | R38: =COUNTIFS(Data_RewardEvents!$B$2:$B$160,A38,Data_RewardEvents!$D$2:$D$160,"reward_pending") -> 0 | S38: =COUNTIFS(Data_RewardEvents!$B$2:$B$160,A38,Data_RewardEvents!$D$2:$D$160,"reward_credited") -> 0 | T38: =COUNTIFS(Data_RewardEvents!$B$2:$B$160,A38,Data_RewardEvents!$D$2:$D$160,"reward_reversed") -> 0 | U38: =COUNTIFS(Data_RewardEvents!$B$2:$B$160,A38,Data_RewardEvents!$D$2:$D$160,"reward_corrected") -> 0 | V38: =SUMIFS(Data_RewardEvents!$F$2:$F$160,Data_RewardEvents!$B$2:$B$160,A38,Data_RewardEvents!$D$2:$D$160,"reward_credited")+SUMIFS(Data_RewardEvents!$F$2:$F$160,Data_RewardEvents!$B$2:$B$160,A38,Data_RewardEvents!$D$2:$D$160,"reward_reversed")+SUMIFS(Data_RewardEvents!$F$2:$F$160,Data_RewardEvents!$B$2:$B$160,A38,Data_RewardEvents!$D$2:$D$160,"reward_corrected") -> 0 | W38: =IF(S38>0,_xlfn.MINIFS(Data_RewardEvents!$E$2:$E$160,Data_RewardEvents!$B$2:$B$160,A38,Data_RewardEvents!$D$2:$D$160,"reward_credited"),"") | X38: =IF(W38="","",(W38-J38)*24) | Y38: =IF(I38<>"",1,0) -> 1 | Z38: =IF(K38="completed",1,0) -> 0 | AA38: =IF(L38="validated",1,0) -> 0 | AB38: =IF(S38>0,1,0) -> 0
A39: T00038 | B39: survey_complete | C39: Surveys | D39: U0050 | E39: SurveyProv_B | F39: third_party | G39: EXT-71813 | H39: 46291.378 | I39: 46291.394 | K39: failed | M39: 50 | N39: =README!$B$14 -> points | O39: task_failed | P39: third_party | Q39: =IF(AND(I39<>"",J39<>""),(J39-I39)*1440,"") | R39: =COUNTIFS(Data_RewardEvents!$B$2:$B$160,A39,Data_RewardEvents!$D$2:$D$160,"reward_pending") -> 0 | S39: =COUNTIFS(Data_RewardEvents!$B$2:$B$160,A39,Data_RewardEvents!$D$2:$D$160,"reward_credited") -> 0 | T39: =COUNTIFS(Data_RewardEvents!$B$2:$B$160,A39,Data_RewardEvents!$D$2:$D$160,"reward_reversed") -> 0 | U39: =COUNTIFS(Data_RewardEvents!$B$2:$B$160,A39,Data_RewardEvents!$D$2:$D$160,"reward_corrected") -> 0 | V39: =SUMIFS(Data_RewardEvents!$F$2:$F$160,Data_RewardEvents!$B$2:$B$160,A39,Data_RewardEvents!$D$2:$D$160,"reward_credited")+SUMIFS(Data_RewardEvents!$F$2:$F$160,Data_RewardEvents!$B$2:$B$160,A39,Data_RewardEvents!$D$2:$D$160,"reward_reversed")+SUMIFS(Data_RewardEvents!$F$2:$F$160,Data_RewardEvents!$B$2:$B$160,A39,Data_RewardEvents!$D$2:$D$160,"reward_corrected") -> 0 | W39: =IF(S39>0,_xlfn.MINIFS(Data_RewardEvents!$E$2:$E$160,Data_RewardEvents!$B$2:$B$160,A39,Data_RewardEvents!$D$2:$D$160,"reward_credited"),"") | X39: =IF(W39="","",(W39-J39)*24) | Y39: =IF(I39<>"",1,0) -> 1 | Z39: =IF(K39="completed",1,0) -> 0 | AA39: =IF(L39="validated",1,0) -> 0 | AB39: =IF(S39>0,1,0) -> 0
A40: T00039 | B40: video_view | C40: Advertisements | D40: U0052 | E40: AdNetwork_B | F40: third_party | G40: EXT-44795 | H40: 46298.146 | I40: 46298.15 | J40: 46298.15 | K40: completed | L40: validated | M40: 5 | N40: =README!$B$14 -> points | Q40: =IF(AND(I40<>"",J40<>""),(J40-I40)*1440,"") -> 0.66497101 | R40: =COUNTIFS(Data_RewardEvents!$B$2:$B$160,A40,Data_RewardEvents!$D$2:$D$160,"reward_pending") -> 0 | S40: =COUNTIFS(Data_RewardEvents!$B$2:$B$160,A40,Data_RewardEvents!$D$2:$D$160,"reward_credited") -> 1 | T40: =COUNTIFS(Data_RewardEvents!$B$2:$B$160,A40,Data_RewardEvents!$D$2:$D$160,"reward_reversed") -> 0 | U40: =COUNTIFS(Data_RewardEvents!$B$2:$B$160,A40,Data_RewardEvents!$D$2:$D$160,"reward_corrected") -> 0 | V40: =SUMIFS(Data_RewardEvents!$F$2:$F$160,Data_RewardEvents!$B$2:$B$160,A40,Data_RewardEvents!$D$2:$D$160,"reward_credited")+SUMIFS(Data_RewardEvents!$F$2:$F$160,Data_RewardEvents!$B$2:$B$160,A40,Data_RewardEvents!$D$2:$D$160,"reward_reversed")+SUMIFS(Data_RewardEvents!$F$2:$F$160,Data_RewardEvents!$B$2:$B$160,A40,Data_RewardEvents!$D$2:$D$160,"reward_corrected") -> 5 | W40: =IF(S40>0,_xlfn.MINIFS(Data_RewardEvents!$E$2:$E$160,Data_RewardEvents!$B$2:$B$160,A40,Data_RewardEvents!$D$2:$D$160,"reward_credited"),"") -> 46298.152 | X40: =IF(W40="","",(W40-J40)*24) -> 0.026496532 | Y40: =IF(I40<>"",1,0) -> 1 | Z40: =IF(K40="completed",1,0) -> 1 | AA40: =IF(L40="validated",1,0) -> 1 | AB40: =IF(S40>0,1,0) -> 1
A41: T00040 | B41: in_app_action | C41: In-app tasks | D41: U0062 | E41: VELOOP | F41: first_party | H41: 46292.76 | I41: 46292.776 | J41: 46292.777 | K41: completed | L41: validated | M41: 10 | N41: =README!$B$14 -> points | Q41: =IF(AND(I41<>"",J41<>""),(J41-I41)*1440,"") -> 2.0175908 | R41: =COUNTIFS(Data_RewardEvents!$B$2:$B$160,A41,Data_RewardEvents!$D$2:$D$160,"reward_pending") -> 0 | S41: =COUNTIFS(Data_RewardEvents!$B$2:$B$160,A41,Data_RewardEvents!$D$2:$D$160,"reward_credited") -> 1 | T41: =COUNTIFS(Data_RewardEvents!$B$2:$B$160,A41,Data_RewardEvents!$D$2:$D$160,"reward_reversed") -> 0 | U41: =COUNTIFS(Data_RewardEvents!$B$2:$B$160,A41,Data_RewardEvents!$D$2:$D$160,"reward_corrected") -> 0 | V41: =SUMIFS(Data_RewardEvents!$F$2:$F$160,Data_RewardEvents!$B$2:$B$160,A41,Data_RewardEvents!$D$2:$D$160,"reward_credited")+SUMIFS(Data_RewardEvents!$F$2:$F$160,Data_RewardEvents!$B$2:$B$160,A41,Data_RewardEvents!$D$2:$D$160,"reward_reversed")+SUMIFS(Data_RewardEvents!$F$2:$F$160,Data_RewardEvents!$B$2:$B$160,A41,Data_RewardEvents!$D$2:$D$160,"reward_corrected") -> 10 | W41: =IF(S41>0,_xlfn.MINIFS(Data_RewardEvents!$E$2:$E$160,Data_RewardEvents!$B$2:$B$160,A41,Data_RewardEvents!$D$2:$D$160,"reward_credited"),"") -> 46292.78 | X41: =IF(W41="","",(W41-J41)*24) -> 0.08074322 | Y41: =IF(I41<>"",1,0) -> 1 | Z41: =IF(K41="completed",1,0) -> 1 | AA41: =IF(L41="validated",1,0) -> 1 | AB41: =IF(S41>0,1,0) -> 1
A42: T00041 | B42: in_app_action | C42: In-app tasks | D42: U0049 | E42: VELOOP | F42: first_party | H42: 46289.593 | K42: discovered | M42: 10 | N42: =README!$B$14 -> points | Q42: =IF(AND(I42<>"",J42<>""),(J42-I42)*1440,"") | R42: =COUNTIFS(Data_RewardEvents!$B$2:$B$160,A42,Data_RewardEvents!$D$2:$D$160,"reward_pending") -> 0 | S42: =COUNTIFS(Data_RewardEvents!$B$2:$B$160,A42,Data_RewardEvents!$D$2:$D$160,"reward_credited") -> 0 | T42: =COUNTIFS(Data_RewardEvents!$B$2:$B$160,A42,Data_RewardEvents!$D$2:$D$160,"reward_reversed") -> 0 | U42: =COUNTIFS(Data_RewardEvents!$B$2:$B$160,A42,Data_RewardEvents!$D$2:$D$160,"reward_corrected") -> 0 | V42: =SUMIFS(Data_RewardEvents!$F$2:$F$160,Data_RewardEvents!$B$2:$B$160,A42,Data_RewardEvents!$D$2:$D$160,"reward_credited")+SUMIFS(Data_RewardEvents!$F$2:$F$160,Data_RewardEvents!$B$2:$B$160,A42,Data_RewardEvents!$D$2:$D$160,"reward_reversed")+SUMIFS(Data_RewardEvents!$F$2:$F$160,Data_RewardEvents!$B$2:$B$160,A42,Data_RewardEvents!$D$2:$D$160,"reward_corrected") -> 0 | W42: =IF(S42>0,_xlfn.MINIFS(Data_RewardEvents!$E$2:$E$160,Data_RewardEvents!$B$2:$B$160,A42,Data_RewardEvents!$D$2:$D$160,"reward_credited"),"") | X42: =IF(W42="","",(W42-J42)*24) | Y42: =IF(I42<>"",1,0) -> 0 | Z42: =IF(K42="completed",1,0) -> 0 | AA42: =IF(L42="validated",1,0) -> 0 | AB42: =IF(S42>0,1,0) -> 0
A43: T00042 | B43: in_app_action | C43: In-app tasks | D43: U0044 | E43: VELOOP | F43: first_party | H43: 46292.742 | I43: 46292.751 | J43: 46292.752 | K43: completed | L43: validated | M43: 10 | N43: =README!$B$14 -> points | Q43: =IF(AND(I43<>"",J43<>""),(J43-I43)*1440,"") -> 2.169522 | R43: =COUNTIFS(Data_RewardEvents!$B$2:$B$160,A43,Data_RewardEvents!$D$2:$D$160,"reward_pending") -> 0 | S43: =COUNTIFS(Data_RewardEvents!$B$2:$B$160,A43,Data_RewardEvents!$D$2:$D$160,"reward_credited") -> 1 | T43: =COUNTIFS(Data_RewardEvents!$B$2:$B$160,A43,Data_RewardEvents!$D$2:$D$160,"reward_reversed") -> 0 | U43: =COUNTIFS(Data_RewardEvents!$B$2:$B$160,A43,Data_RewardEvents!$D$2:$D$160,"reward_corrected") -> 0 | V43: =SUMIFS(Data_RewardEvents!$F$2:$F$160,Data_RewardEvents!$B$2:$B$160,A43,Data_RewardEvents!$D$2:$D$160,"reward_credited")+SUMIFS(Data_RewardEvents!$F$2:$F$160,Data_RewardEvents!$B$2:$B$160,A43,Data_RewardEvents!$D$2:$D$160,"reward_reversed")+SUMIFS(Data_RewardEvents!$F$2:$F$160,Data_RewardEvents!$B$2:$B$160,A43,Data_RewardEvents!$D$2:$D$160,"reward_corrected") -> 10 | W43: =IF(S43>0,_xlfn.MINIFS(Data_RewardEvents!$E$2:$E$160,Data_RewardEvents!$B$2:$B$160,A43,Data_RewardEvents!$D$2:$D$160,"reward_credited"),"") -> 46292.755 | X43: =IF(W43="","",(W43-J43)*24) -> 0.065873202 | Y43: =IF(I43<>"",1,0) -> 1 | Z43: =IF(K43="completed",1,0) -> 1 | AA43: =IF(L43="validated",1,0) -> 1 | AB43: =IF(S43>0,1,0) -> 1
A44: T00043 | B44: game_milestone | C44: Games | D44: U0066 | E44: GamePartner_B | F44: third_party | G44: EXT-44840 | H44: 46285.08 | I44: 46285.094 | K44: failed | M44: 30 | N44: =README!$B$14 -> points | O44: system_error | P44: third_party | Q44: =IF(AND(I44<>"",J44<>""),(J44-I44)*1440,"") | R44: =COUNTIFS(Data_RewardEvents!$B$2:$B$160,A44,Data_RewardEvents!$D$2:$D$160,"reward_pending") -> 0 | S44: =COUNTIFS(Data_RewardEvents!$B$2:$B$160,A44,Data_RewardEvents!$D$2:$D$160,"reward_credited") -> 0 | T44: =COUNTIFS(Data_RewardEvents!$B$2:$B$160,A44,Data_RewardEvents!$D$2:$D$160,"reward_reversed") -> 0 | U44: =COUNTIFS(Data_RewardEvents!$B$2:$B$160,A44,Data_RewardEvents!$D$2:$D$160,"reward_corrected") -> 0 | V44: =SUMIFS(Data_RewardEvents!$F$2:$F$160,Data_RewardEvents!$B$2:$B$160,A44,Data_RewardEvents!$D$2:$D$160,"reward_credited")+SUMIFS(Data_RewardEvents!$F$2:$F$160,Data_RewardEvents!$B$2:$B$160,A44,Data_RewardEvents!$D$2:$D$160,"reward_reversed")+SUMIFS(Data_RewardEvents!$F$2:$F$160,Data_RewardEvents!$B$2:$B$160,A44,Data_RewardEvents!$D$2:$D$160,"reward_corrected") -> 0 | W44: =IF(S44>0,_xlfn.MINIFS(Data_RewardEvents!$E$2:$E$160,Data_RewardEvents!$B$2:$B$160,A44,Data_RewardEvents!$D$2:$D$160,"reward_credited"),"") | X44: =IF(W44="","",(W44-J44)*24) | Y44: =IF(I44<>"",1,0) -> 1 | Z44: =IF(K44="completed",1,0) -> 0 | AA44: =IF(L44="validated",1,0) -> 0 | AB44: =IF(S44>0,1,0) -> 0
A45: T00044 | B45: survey_complete | C45: Surveys | D45: U0047 | E45: SurveyProv_B | F45: third_party | G45: EXT-68333 | H45: 46291.932 | I45: 46291.942 | J45: 46291.949 | K45: completed | L45: validated | M45: 50 | N45: =README!$B$14 -> points | Q45: =IF(AND(I45<>"",J45<>""),(J45-I45)*1440,"") -> 9.521751 | R45: =COUNTIFS(Data_RewardEvents!$B$2:$B$160,A45,Data_RewardEvents!$D$2:$D$160,"reward_pending") -> 1 | S45: =COUNTIFS(Data_RewardEvents!$B$2:$B$160,A45,Data_RewardEvents!$D$2:$D$160,"reward_credited") -> 1 | T45: =COUNTIFS(Data_RewardEvents!$B$2:$B$160,A45,Data_RewardEvents!$D$2:$D$160,"reward_reversed") -> 0 | U45: =COUNTIFS(Data_RewardEvents!$B$2:$B$160,A45,Data_RewardEvents!$D$2:$D$160,"reward_corrected") -> 0 | V45: =SUMIFS(Data_RewardEvents!$F$2:$F$160,Data_RewardEvents!$B$2:$B$160,A45,Data_RewardEvents!$D$2:$D$160,"reward_credited")+SUMIFS(Data_RewardEvents!$F$2:$F$160,Data_RewardEvents!$B$2:$B$160,A45,Data_RewardEvents!$D$2:$D$160,"reward_reversed")+SUMIFS(Data_RewardEvents!$F$2:$F$160,Data_RewardEvents!$B$2:$B$160,A45,Data_RewardEvents!$D$2:$D$160,"reward_corrected") -> 50 | W45: =IF(S45>0,_xlfn.MINIFS(Data_RewardEvents!$E$2:$E$160,Data_RewardEvents!$B$2:$B$160,A45,Data_RewardEvents!$D$2:$D$160,"reward_credited"),"") -> 46292.797 | X45: =IF(W45="","",(W45-J45)*24) -> 20.342784 | Y45: =IF(I45<>"",1,0) -> 1 | Z45: =IF(K45="completed",1,0) -> 1 | AA45: =IF(L45="validated",1,0) -> 1 | AB45: =IF(S45>0,1,0) -> 1
A46: T00045 | B46: video_view | C46: Advertisements | D46: U0014 | E46: AdNetwork_B | F46: third_party | G46: EXT-58158 | H46: 46286.509 | K46: discovered | M46: 5 | N46: =README!$B$14 -> points | Q46: =IF(AND(I46<>"",J46<>""),(J46-I46)*1440,"") | R46: =COUNTIFS(Data_RewardEvents!$B$2:$B$160,A46,Data_RewardEvents!$D$2:$D$160,"reward_pending") -> 0 | S46: =COUNTIFS(Data_RewardEvents!$B$2:$B$160,A46,Data_RewardEvents!$D$2:$D$160,"reward_credited") -> 0 | T46: =COUNTIFS(Data_RewardEvents!$B$2:$B$160,A46,Data_RewardEvents!$D$2:$D$160,"reward_reversed") -> 0 | U46: =COUNTIFS(Data_RewardEvents!$B$2:$B$160,A46,Data_RewardEvents!$D$2:$D$160,"reward_corrected") -> 0 | V46: =SUMIFS(Data_RewardEvents!$F$2:$F$160,Data_RewardEvents!$B$2:$B$160,A46,Data_RewardEvents!$D$2:$D$160,"reward_credited")+SUMIFS(Data_RewardEvents!$F$2:$F$160,Data_RewardEvents!$B$2:$B$160,A46,Data_RewardEvents!$D$2:$D$160,"reward_reversed")+SUMIFS(Data_RewardEvents!$F$2:$F$160,Data_RewardEvents!$B$2:$B$160,A46,Data_RewardEvents!$D$2:$D$160,"reward_corrected") -> 0 | W46: =IF(S46>0,_xlfn.MINIFS(Data_RewardEvents!$E$2:$E$160,Data_RewardEvents!$B$2:$B$160,A46,Data_RewardEvents!$D$2:$D$160,"reward_credited"),"") | X46: =IF(W46="","",(W46-J46)*24) | Y46: =IF(I46<>"",1,0) -> 0 | Z46: =IF(K46="completed",1,0) -> 0 | AA46: =IF(L46="validated",1,0) -> 0 | AB46: =IF(S46>0,1,0) -> 0
A47: T00046 | B47: video_view | C47: Advertisements | D47: U0049 | E47: AdNetwork_A | F47: third_party | G47: EXT-75418 | H47: 46290.346 | I47: 46290.359 | J47: 46290.36 | K47: completed | L47: validated | M47: 5 | N47: =README!$B$14 -> points | Q47: =IF(AND(I47<>"",J47<>""),(J47-I47)*1440,"") -> 1.1362013 | R47: =COUNTIFS(Data_RewardEvents!$B$2:$B$160,A47,Data_RewardEvents!$D$2:$D$160,"reward_pending") -> 0 | S47: =COUNTIFS(Data_RewardEvents!$B$2:$B$160,A47,Data_RewardEvents!$D$2:$D$160,"reward_credited") -> 1 | T47: =COUNTIFS(Data_RewardEvents!$B$2:$B$160,A47,Data_RewardEvents!$D$2:$D$160,"reward_reversed") -> 0 | U47: =COUNTIFS(Data_RewardEvents!$B$2:$B$160,A47,Data_RewardEvents!$D$2:$D$160,"reward_corrected") -> 0 | V47: =SUMIFS(Data_RewardEvents!$F$2:$F$160,Data_RewardEvents!$B$2:$B$160,A47,Data_RewardEvents!$D$2:$D$160,"reward_credited")+SUMIFS(Data_RewardEvents!$F$2:$F$160,Data_RewardEvents!$B$2:$B$160,A47,Data_RewardEvents!$D$2:$D$160,"reward_reversed")+SUMIFS(Data_RewardEvents!$F$2:$F$160,Data_RewardEvents!$B$2:$B$160,A47,Data_RewardEvents!$D$2:$D$160,"reward_corrected") -> 5 | W47: =IF(S47>0,_xlfn.MINIFS(Data_RewardEvents!$E$2:$E$160,Data_RewardEvents!$B$2:$B$160,A47,Data_RewardEvents!$D$2:$D$160,"reward_credited"),"") -> 46290.364 | X47: =IF(W47="","",(W47-J47)*24) -> 0.098268685 | Y47: =IF(I47<>"",1,0) -> 1 | Z47: =IF(K47="completed",1,0) -> 1 | AA47: =IF(L47="validated",1,0) -> 1 | AB47: =IF(S47>0,1,0) -> 1
A48: T00047 | B48: survey_complete | C48: Surveys | D48: U0037 | E48: SurveyProv_A | F48: third_party | G48: EXT-85888 | H48: 46304.853 | K48: discovered | M48: 50 | N48: =README!$B$14 -> points | Q48: =IF(AND(I48<>"",J48<>""),(J48-I48)*1440,"") | R48: =COUNTIFS(Data_RewardEvents!$B$2:$B$160,A48,Data_RewardEvents!$D$2:$D$160,"reward_pending") -> 0 | S48: =COUNTIFS(Data_RewardEvents!$B$2:$B$160,A48,Data_RewardEvents!$D$2:$D$160,"reward_credited") -> 0 | T48: =COUNTIFS(Data_RewardEvents!$B$2:$B$160,A48,Data_RewardEvents!$D$2:$D$160,"reward_reversed") -> 0 | U48: =COUNTIFS(Data_RewardEvents!$B$2:$B$160,A48,Data_RewardEvents!$D$2:$D$160,"reward_corrected") -> 0 | V48: =SUMIFS(Data_RewardEvents!$F$2:$F$160,Data_RewardEvents!$B$2:$B$160,A48,Data_RewardEvents!$D$2:$D$160,"reward_credited")+SUMIFS(Data_RewardEvents!$F$2:$F$160,Data_RewardEvents!$B$2:$B$160,A48,Data_RewardEvents!$D$2:$D$160,"reward_reversed")+SUMIFS(Data_RewardEvents!$F$2:$F$160,Data_RewardEvents!$B$2:$B$160,A48,Data_RewardEvents!$D$2:$D$160,"reward_corrected") -> 0 | W48: =IF(S48>0,_xlfn.MINIFS(Data_RewardEvents!$E$2:$E$160,Data_RewardEvents!$B$2:$B$160,A48,Data_RewardEvents!$D$2:$D$160,"reward_credited"),"") | X48: =IF(W48="","",(W48-J48)*24) | Y48: =IF(I48<>"",1,0) -> 0 | Z48: =IF(K48="completed",1,0) -> 0 | AA48: =IF(L48="validated",1,0) -> 0 | AB48: =IF(S48>0,1,0) -> 0
A49: T00048 | B49: in_app_action | C49: In-app tasks | D49: U0014 | E49: VELOOP | F49: first_party | H49: 46285.544 | I49: 46285.548 | J49: 46285.549 | K49: completed | L49: validated | M49: 10 | N49: =README!$B$14 -> points | Q49: =IF(AND(I49<>"",J49<>""),(J49-I49)*1440,"") -> 1.6145823 | R49: =COUNTIFS(Data_RewardEvents!$B$2:$B$160,A49,Data_RewardEvents!$D$2:$D$160,"reward_pending") -> 0 | S49: =COUNTIFS(Data_RewardEvents!$B$2:$B$160,A49,Data_RewardEvents!$D$2:$D$160,"reward_credited") -> 1 | T49: =COUNTIFS(Data_RewardEvents!$B$2:$B$160,A49,Data_RewardEvents!$D$2:$D$160,"reward_reversed") -> 0 | U49: =COUNTIFS(Data_RewardEvents!$B$2:$B$160,A49,Data_RewardEvents!$D$2:$D$160,"reward_corrected") -> 0 | V49: =SUMIFS(Data_RewardEvents!$F$2:$F$160,Data_RewardEvents!$B$2:$B$160,A49,Data_RewardEvents!$D$2:$D$160,"reward_credited")+SUMIFS(Data_RewardEvents!$F$2:$F$160,Data_RewardEvents!$B$2:$B$160,A49,Data_RewardEvents!$D$2:$D$160,"reward_reversed")+SUMIFS(Data_RewardEvents!$F$2:$F$160,Data_RewardEvents!$B$2:$B$160,A49,Data_RewardEvents!$D$2:$D$160,"reward_corrected") -> 10 | W49: =IF(S49>0,_xlfn.MINIFS(Data_RewardEvents!$E$2:$E$160,Data_RewardEvents!$B$2:$B$160,A49,Data_RewardEvents!$D$2:$D$160,"reward_credited"),"") -> 46285.552 | X49: =IF(W49="","",(W49-J49)*24) -> 0.061394113 | Y49: =IF(I49<>"",1,0) -> 1 | Z49: =IF(K49="completed",1,0) -> 1 | AA49: =IF(L49="validated",1,0) -> 1 | AB49: =IF(S49>0,1,0) -> 1
A50: T00049 | B50: offer_install | C50: Offers | D50: U0068 | E50: Offerwall_A | F50: third_party | G50: EXT-98825 | H50: 46291.777 | K50: discovered | M50: 100 | N50: =README!$B$14 -> points | Q50: =IF(AND(I50<>"",J50<>""),(J50-I50)*1440,"") | R50: =COUNTIFS(Data_RewardEvents!$B$2:$B$160,A50,Data_RewardEvents!$D$2:$D$160,"reward_pending") -> 0 | S50: =COUNTIFS(Data_RewardEvents!$B$2:$B$160,A50,Data_RewardEvents!$D$2:$D$160,"reward_credited") -> 0 | T50: =COUNTIFS(Data_RewardEvents!$B$2:$B$160,A50,Data_RewardEvents!$D$2:$D$160,"reward_reversed") -> 0 | U50: =COUNTIFS(Data_RewardEvents!$B$2:$B$160,A50,Data_RewardEvents!$D$2:$D$160,"reward_corrected") -> 0 | V50: =SUMIFS(Data_RewardEvents!$F$2:$F$160,Data_RewardEvents!$B$2:$B$160,A50,Data_RewardEvents!$D$2:$D$160,"reward_credited")+SUMIFS(Data_RewardEvents!$F$2:$F$160,Data_RewardEvents!$B$2:$B$160,A50,Data_RewardEvents!$D$2:$D$160,"reward_reversed")+SUMIFS(Data_RewardEvents!$F$2:$F$160,Data_RewardEvents!$B$2:$B$160,A50,Data_RewardEvents!$D$2:$D$160,"reward_corrected") -> 0 | W50: =IF(S50>0,_xlfn.MINIFS(Data_RewardEvents!$E$2:$E$160,Data_RewardEvents!$B$2:$B$160,A50,Data_RewardEvents!$D$2:$D$160,"reward_credited"),"") | X50: =IF(W50="","",(W50-J50)*24) | Y50: =IF(I50<>"",1,0) -> 0 | Z50: =IF(K50="completed",1,0) -> 0 | AA50: =IF(L50="validated",1,0) -> 0 | AB50: =IF(S50>0,1,0) -> 0
A51: T00050 | B51: in_app_action | C51: In-app tasks | D51: U0026 | E51: VELOOP | F51: first_party | H51: 46296.804 | I51: 46296.811 | J51: 46296.814 | K51: completed | L51: validated | M51: 10 | N51: =README!$B$14 -> points | Q51: =IF(AND(I51<>"",J51<>""),(J51-I51)*1440,"") -> 3.6828931 | R51: =COUNTIFS(Data_RewardEvents!$B$2:$B$160,A51,Data_RewardEvents!$D$2:$D$160,"reward_pending") -> 0 | S51: =COUNTIFS(Data_RewardEvents!$B$2:$B$160,A51,Data_RewardEvents!$D$2:$D$160,"reward_credited") -> 1 | T51: =COUNTIFS(Data_RewardEvents!$B$2:$B$160,A51,Data_RewardEvents!$D$2:$D$160,"reward_reversed") -> 0 | U51: =COUNTIFS(Data_RewardEvents!$B$2:$B$160,A51,Data_RewardEvents!$D$2:$D$160,"reward_corrected") -> 0 | V51: =SUMIFS(Data_RewardEvents!$F$2:$F$160,Data_RewardEvents!$B$2:$B$160,A51,Data_RewardEvents!$D$2:$D$160,"reward_credited")+SUMIFS(Data_RewardEvents!$F$2:$F$160,Data_RewardEvents!$B$2:$B$160,A51,Data_RewardEvents!$D$2:$D$160,"reward_reversed")+SUMIFS(Data_RewardEvents!$F$2:$F$160,Data_RewardEvents!$B$2:$B$160,A51,Data_RewardEvents!$D$2:$D$160,"reward_corrected") -> 10 | W51: =IF(S51>0,_xlfn.MINIFS(Data_RewardEvents!$E$2:$E$160,Data_RewardEvents!$B$2:$B$160,A51,Data_RewardEvents!$D$2:$D$160,"reward_credited"),"") -> 46296.815 | X51: =IF(W51="","",(W51-J51)*24) -> 0.033369762 | Y51: =IF(I51<>"",1,0) -> 1 | Z51: =IF(K51="completed",1,0) -> 1 | AA51: =IF(L51="validated",1,0) -> 1 | AB51: =IF(S51>0,1,0) -> 1
A52: T00051 | B52: in_app_action | C52: In-app tasks | D52: U0045 | E52: VELOOP | F52: first_party | H52: 46289.199 | I52: 46289.217 | J52: 46289.217 | K52: completed | L52: validated | M52: 10 | N52: =README!$B$14 -> points | Q52: =IF(AND(I52<>"",J52<>""),(J52-I52)*1440,"") -> 1.0530336 | R52: =COUNTIFS(Data_RewardEvents!$B$2:$B$160,A52,Data_RewardEvents!$D$2:$D$160,"reward_pending") -> 0 | S52: =COUNTIFS(Data_RewardEvents!$B$2:$B$160,A52,Data_RewardEvents!$D$2:$D$160,"reward_credited") -> 1 | T52: =COUNTIFS(Data_RewardEvents!$B$2:$B$160,A52,Data_RewardEvents!$D$2:$D$160,"reward_reversed") -> 0 | U52: =COUNTIFS(Data_RewardEvents!$B$2:$B$160,A52,Data_RewardEvents!$D$2:$D$160,"reward_corrected") -> 0 | V52: =SUMIFS(Data_RewardEvents!$F$2:$F$160,Data_RewardEvents!$B$2:$B$160,A52,Data_RewardEvents!$D$2:$D$160,"reward_credited")+SUMIFS(Data_RewardEvents!$F$2:$F$160,Data_RewardEvents!$B$2:$B$160,A52,Data_RewardEvents!$D$2:$D$160,"reward_reversed")+SUMIFS(Data_RewardEvents!$F$2:$F$160,Data_RewardEvents!$B$2:$B$160,A52,Data_RewardEvents!$D$2:$D$160,"reward_corrected") -> 10 | W52: =IF(S52>0,_xlfn.MINIFS(Data_RewardEvents!$E$2:$E$160,Data_RewardEvents!$B$2:$B$160,A52,Data_RewardEvents!$D$2:$D$160,"reward_credited"),"") -> 46289.22 | X52: =IF(W52="","",(W52-J52)*24) -> 0.05904583 | Y52: =IF(I52<>"",1,0) -> 1 | Z52: =IF(K52="completed",1,0) -> 1 | AA52: =IF(L52="validated",1,0) -> 1 | AB52: =IF(S52>0,1,0) -> 1
A53: T00052 | B53: survey_complete | C53: Surveys | D53: U0046 | E53: SurveyProv_A | F53: third_party | G53: EXT-52065 | H53: 46286.247 | I53: 46286.258 | K53: failed | M53: 50 | N53: =README!$B$14 -> points | O53: task_failed | P53: user | Q53: =IF(AND(I53<>"",J53<>""),(J53-I53)*1440,"") | R53: =COUNTIFS(Data_RewardEvents!$B$2:$B$160,A53,Data_RewardEvents!$D$2:$D$160,"reward_pending") -> 0 | S53: =COUNTIFS(Data_RewardEvents!$B$2:$B$160,A53,Data_RewardEvents!$D$2:$D$160,"reward_credited") -> 0 | T53: =COUNTIFS(Data_RewardEvents!$B$2:$B$160,A53,Data_RewardEvents!$D$2:$D$160,"reward_reversed") -> 0 | U53: =COUNTIFS(Data_RewardEvents!$B$2:$B$160,A53,Data_RewardEvents!$D$2:$D$160,"reward_corrected") -> 0 | V53: =SUMIFS(Data_RewardEvents!$F$2:$F$160,Data_RewardEvents!$B$2:$B$160,A53,Data_RewardEvents!$D$2:$D$160,"reward_credited")+SUMIFS(Data_RewardEvents!$F$2:$F$160,Data_RewardEvents!$B$2:$B$160,A53,Data_RewardEvents!$D$2:$D$160,"reward_reversed")+SUMIFS(Data_RewardEvents!$F$2:$F$160,Data_RewardEvents!$B$2:$B$160,A53,Data_RewardEvents!$D$2:$D$160,"reward_corrected") -> 0 | W53: =IF(S53>0,_xlfn.MINIFS(Data_RewardEvents!$E$2:$E$160,Data_RewardEvents!$B$2:$B$160,A53,Data_RewardEvents!$D$2:$D$160,"reward_credited"),"") | X53: =IF(W53="","",(W53-J53)*24) | Y53: =IF(I53<>"",1,0) -> 1 | Z53: =IF(K53="completed",1,0) -> 0 | AA53: =IF(L53="validated",1,0) -> 0 | AB53: =IF(S53>0,1,0) -> 0
A54: T00053 | B54: game_milestone | C54: Games | D54: U0062 | E54: GamePartner_B | F54: third_party | G54: EXT-85716 | H54: 46298.162 | I54: 46298.176 | K54: abandoned | M54: 30 | N54: =README!$B$14 -> points | O54: user_abandoned | P54: user | Q54: =IF(AND(I54<>"",J54<>""),(J54-I54)*1440,"") | R54: =COUNTIFS(Data_RewardEvents!$B$2:$B$160,A54,Data_RewardEvents!$D$2:$D$160,"reward_pending") -> 0 | S54: =COUNTIFS(Data_RewardEvents!$B$2:$B$160,A54,Data_RewardEvents!$D$2:$D$160,"reward_credited") -> 0 | T54: =COUNTIFS(Data_RewardEvents!$B$2:$B$160,A54,Data_RewardEvents!$D$2:$D$160,"reward_reversed") -> 0 | U54: =COUNTIFS(Data_RewardEvents!$B$2:$B$160,A54,Data_RewardEvents!$D$2:$D$160,"reward_corrected") -> 0 | V54: =SUMIFS(Data_RewardEvents!$F$2:$F$160,Data_RewardEvents!$B$2:$B$160,A54,Data_RewardEvents!$D$2:$D$160,"reward_credited")+SUMIFS(Data_RewardEvents!$F$2:$F$160,Data_RewardEvents!$B$2:$B$160,A54,Data_RewardEvents!$D$2:$D$160,"reward_reversed")+SUMIFS(Data_RewardEvents!$F$2:$F$160,Data_RewardEvents!$B$2:$B$160,A54,Data_RewardEvents!$D$2:$D$160,"reward_corrected") -> 0 | W54: =IF(S54>0,_xlfn.MINIFS(Data_RewardEvents!$E$2:$E$160,Data_RewardEvents!$B$2:$B$160,A54,Data_RewardEvents!$D$2:$D$160,"reward_credited"),"") | X54: =IF(W54="","",(W54-J54)*24) | Y54: =IF(I54<>"",1,0) -> 1 | Z54: =IF(K54="completed",1,0) -> 0 | AA54: =IF(L54="validated",1,0) -> 0 | AB54: =IF(S54>0,1,0) -> 0
A55: T00054 | B55: video_view | C55: Advertisements | D55: U0047 | E55: AdNetwork_A | F55: third_party | G55: EXT-66640 | H55: 46298.47 | I55: 46298.482 | K55: failed | M55: 5 | N55: =README!$B$14 -> points | O55: tracking_failed | P55: unknown | Q55: =IF(AND(I55<>"",J55<>""),(J55-I55)*1440,"") | R55: =COUNTIFS(Data_RewardEvents!$B$2:$B$160,A55,Data_RewardEvents!$D$2:$D$160,"reward_pending") -> 0 | S55: =COUNTIFS(Data_RewardEvents!$B$2:$B$160,A55,Data_RewardEvents!$D$2:$D$160,"reward_credited") -> 0 | T55: =COUNTIFS(Data_RewardEvents!$B$2:$B$160,A55,Data_RewardEvents!$D$2:$D$160,"reward_reversed") -> 0 | U55: =COUNTIFS(Data_RewardEvents!$B$2:$B$160,A55,Data_RewardEvents!$D$2:$D$160,"reward_corrected") -> 0 | V55: =SUMIFS(Data_RewardEvents!$F$2:$F$160,Data_RewardEvents!$B$2:$B$160,A55,Data_RewardEvents!$D$2:$D$160,"reward_credited")+SUMIFS(Data_RewardEvents!$F$2:$F$160,Data_RewardEvents!$B$2:$B$160,A55,Data_RewardEvents!$D$2:$D$160,"reward_reversed")+SUMIFS(Data_RewardEvents!$F$2:$F$160,Data_RewardEvents!$B$2:$B$160,A55,Data_RewardEvents!$D$2:$D$160,"reward_corrected") -> 0 | W55: =IF(S55>0,_xlfn.MINIFS(Data_RewardEvents!$E$2:$E$160,Data_RewardEvents!$B$2:$B$160,A55,Data_RewardEvents!$D$2:$D$160,"reward_credited"),"") | X55: =IF(W55="","",(W55-J55)*24) | Y55: =IF(I55<>"",1,0) -> 1 | Z55: =IF(K55="completed",1,0) -> 0 | AA55: =IF(L55="validated",1,0) -> 0 | AB55: =IF(S55>0,1,0) -> 0
A56: T00055 | B56: offer_install | C56: Offers | D56: U0040 | E56: Offerwall_B | F56: third_party | G56: EXT-21360 | H56: 46299.058 | K56: discovered | M56: 100 | N56: =README!$B$14 -> points | Q56: =IF(AND(I56<>"",J56<>""),(J56-I56)*1440,"") | R56: =COUNTIFS(Data_RewardEvents!$B$2:$B$160,A56,Data_RewardEvents!$D$2:$D$160,"reward_pending") -> 0 | S56: =COUNTIFS(Data_RewardEvents!$B$2:$B$160,A56,Data_RewardEvents!$D$2:$D$160,"reward_credited") -> 0 | T56: =COUNTIFS(Data_RewardEvents!$B$2:$B$160,A56,Data_RewardEvents!$D$2:$D$160,"reward_reversed") -> 0 | U56: =COUNTIFS(Data_RewardEvents!$B$2:$B$160,A56,Data_RewardEvents!$D$2:$D$160,"reward_corrected") -> 0 | V56: =SUMIFS(Data_RewardEvents!$F$2:$F$160,Data_RewardEvents!$B$2:$B$160,A56,Data_RewardEvents!$D$2:$D$160,"reward_credited")+SUMIFS(Data_RewardEvents!$F$2:$F$160,Data_RewardEvents!$B$2:$B$160,A56,Data_RewardEvents!$D$2:$D$160,"reward_reversed")+SUMIFS(Data_RewardEvents!$F$2:$F$160,Data_RewardEvents!$B$2:$B$160,A56,Data_RewardEvents!$D$2:$D$160,"reward_corrected") -> 0 | W56: =IF(S56>0,_xlfn.MINIFS(Data_RewardEvents!$E$2:$E$160,Data_RewardEvents!$B$2:$B$160,A56,Data_RewardEvents!$D$2:$D$160,"reward_credited"),"") | X56: =IF(W56="","",(W56-J56)*24) | Y56: =IF(I56<>"",1,0) -> 0 | Z56: =IF(K56="completed",1,0) -> 0 | AA56: =IF(L56="validated",1,0) -> 0 | AB56: =IF(S56>0,1,0) -> 0
A57: T00056 | B57: in_app_action | C57: In-app tasks | D57: U0066 | E57: VELOOP | F57: first_party | H57: 46304.376 | I57: 46304.385 | J57: 46304.387 | K57: completed | L57: validated | M57: 10 | N57: =README!$B$14 -> points | Q57: =IF(AND(I57<>"",J57<>""),(J57-I57)*1440,"") -> 2.3252214 | R57: =COUNTIFS(Data_RewardEvents!$B$2:$B$160,A57,Data_RewardEvents!$D$2:$D$160,"reward_pending") -> 0 | S57: =COUNTIFS(Data_RewardEvents!$B$2:$B$160,A57,Data_RewardEvents!$D$2:$D$160,"reward_credited") -> 1 | T57: =COUNTIFS(Data_RewardEvents!$B$2:$B$160,A57,Data_RewardEvents!$D$2:$D$160,"reward_reversed") -> 0 | U57: =COUNTIFS(Data_RewardEvents!$B$2:$B$160,A57,Data_RewardEvents!$D$2:$D$160,"reward_corrected") -> 0 | V57: =SUMIFS(Data_RewardEvents!$F$2:$F$160,Data_RewardEvents!$B$2:$B$160,A57,Data_RewardEvents!$D$2:$D$160,"reward_credited")+SUMIFS(Data_RewardEvents!$F$2:$F$160,Data_RewardEvents!$B$2:$B$160,A57,Data_RewardEvents!$D$2:$D$160,"reward_reversed")+SUMIFS(Data_RewardEvents!$F$2:$F$160,Data_RewardEvents!$B$2:$B$160,A57,Data_RewardEvents!$D$2:$D$160,"reward_corrected") -> 10 | W57: =IF(S57>0,_xlfn.MINIFS(Data_RewardEvents!$E$2:$E$160,Data_RewardEvents!$B$2:$B$160,A57,Data_RewardEvents!$D$2:$D$160,"reward_credited"),"") -> 46304.39 | X57: =IF(W57="","",(W57-J57)*24) -> 0.068090793 | Y57: =IF(I57<>"",1,0) -> 1 | Z57: =IF(K57="completed",1,0) -> 1 | AA57: =IF(L57="validated",1,0) -> 1 | AB57: =IF(S57>0,1,0) -> 1
A58: T00057 | B58: survey_complete | C58: Surveys | D58: U0009 | E58: SurveyProv_B | F58: third_party | G58: EXT-62311 | H58: 46300.631 | I58: 46300.651 | J58: 46300.655 | K58: completed | L58: validated | M58: 50 | N58: =README!$B$14 -> points | Q58: =IF(AND(I58<>"",J58<>""),(J58-I58)*1440,"") -> 5.903619 | R58: =COUNTIFS(Data_RewardEvents!$B$2:$B$160,A58,Data_RewardEvents!$D$2:$D$160,"reward_pending") -> 1 | S58: =COUNTIFS(Data_RewardEvents!$B$2:$B$160,A58,Data_RewardEvents!$D$2:$D$160,"reward_credited") -> 1 | T58: =COUNTIFS(Data_RewardEvents!$B$2:$B$160,A58,Data_RewardEvents!$D$2:$D$160,"reward_reversed") -> 0 | U58: =COUNTIFS(Data_RewardEvents!$B$2:$B$160,A58,Data_RewardEvents!$D$2:$D$160,"reward_corrected") -> 0 | V58: =SUMIFS(Data_RewardEvents!$F$2:$F$160,Data_RewardEvents!$B$2:$B$160,A58,Data_RewardEvents!$D$2:$D$160,"reward_credited")+SUMIFS(Data_RewardEvents!$F$2:$F$160,Data_RewardEvents!$B$2:$B$160,A58,Data_RewardEvents!$D$2:$D$160,"reward_reversed")+SUMIFS(Data_RewardEvents!$F$2:$F$160,Data_RewardEvents!$B$2:$B$160,A58,Data_RewardEvents!$D$2:$D$160,"reward_corrected") -> 50 | W58: =IF(S58>0,_xlfn.MINIFS(Data_RewardEvents!$E$2:$E$160,Data_RewardEvents!$B$2:$B$160,A58,Data_RewardEvents!$D$2:$D$160,"reward_credited"),"") -> 46303.304 | X58: =IF(W58="","",(W58-J58)*24) -> 63.573427 | Y58: =IF(I58<>"",1,0) -> 1 | Z58: =IF(K58="completed",1,0) -> 1 | AA58: =IF(L58="validated",1,0) -> 1 | AB58: =IF(S58>0,1,0) -> 1
A59: T00058 | B59: game_milestone | C59: Games | D59: U0041 | E59: GamePartner_A | F59: third_party | G59: EXT-68428 | H59: 46287.256 | I59: 46287.264 | K59: abandoned | M59: 30 | N59: =README!$B$14 -> points | O59: user_abandoned | P59: user | Q59: =IF(AND(I59<>"",J59<>""),(J59-I59)*1440,"") | R59: =COUNTIFS(Data_RewardEvents!$B$2:$B$160,A59,Data_RewardEvents!$D$2:$D$160,"reward_pending") -> 0 | S59: =COUNTIFS(Data_RewardEvents!$B$2:$B$160,A59,Data_RewardEvents!$D$2:$D$160,"reward_credited") -> 0 | T59: =COUNTIFS(Data_RewardEvents!$B$2:$B$160,A59,Data_RewardEvents!$D$2:$D$160,"reward_reversed") -> 0 | U59: =COUNTIFS(Data_RewardEvents!$B$2:$B$160,A59,Data_RewardEvents!$D$2:$D$160,"reward_corrected") -> 0 | V59: =SUMIFS(Data_RewardEvents!$F$2:$F$160,Data_RewardEvents!$B$2:$B$160,A59,Data_RewardEvents!$D$2:$D$160,"reward_credited")+SUMIFS(Data_RewardEvents!$F$2:$F$160,Data_RewardEvents!$B$2:$B$160,A59,Data_RewardEvents!$D$2:$D$160,"reward_reversed")+SUMIFS(Data_RewardEvents!$F$2:$F$160,Data_RewardEvents!$B$2:$B$160,A59,Data_RewardEvents!$D$2:$D$160,"reward_corrected") -> 0 | W59: =IF(S59>0,_xlfn.MINIFS(Data_RewardEvents!$E$2:$E$160,Data_RewardEvents!$B$2:$B$160,A59,Data_RewardEvents!$D$2:$D$160,"reward_credited"),"") | X59: =IF(W59="","",(W59-J59)*24) | Y59: =IF(I59<>"",1,0) -> 1 | Z59: =IF(K59="completed",1,0) -> 0 | AA59: =IF(L59="validated",1,0) -> 0 | AB59: =IF(S59>0,1,0) -> 0
A60: T00059 | B60: video_view | C60: Advertisements | D60: U0037 | E60: AdNetwork_A | F60: third_party | G60: EXT-74154 | H60: 46289.383 | I60: 46289.383 | J60: 46289.384 | K60: completed | L60: validated | M60: 5 | N60: =README!$B$14 -> points | Q60: =IF(AND(I60<>"",J60<>""),(J60-I60)*1440,"") -> 0.73965758 | R60: =COUNTIFS(Data_RewardEvents!$B$2:$B$160,A60,Data_RewardEvents!$D$2:$D$160,"reward_pending") -> 0 | S60: =COUNTIFS(Data_RewardEvents!$B$2:$B$160,A60,Data_RewardEvents!$D$2:$D$160,"reward_credited") -> 1 | T60: =COUNTIFS(Data_RewardEvents!$B$2:$B$160,A60,Data_RewardEvents!$D$2:$D$160,"reward_reversed") -> 0 | U60: =COUNTIFS(Data_RewardEvents!$B$2:$B$160,A60,Data_RewardEvents!$D$2:$D$160,"reward_corrected") -> 0 | V60: =SUMIFS(Data_RewardEvents!$F$2:$F$160,Data_RewardEvents!$B$2:$B$160,A60,Data_RewardEvents!$D$2:$D$160,"reward_credited")+SUMIFS(Data_RewardEvents!$F$2:$F$160,Data_RewardEvents!$B$2:$B$160,A60,Data_RewardEvents!$D$2:$D$160,"reward_reversed")+SUMIFS(Data_RewardEvents!$F$2:$F$160,Data_RewardEvents!$B$2:$B$160,A60,Data_RewardEvents!$D$2:$D$160,"reward_corrected") -> 5 | W60: =IF(S60>0,_xlfn.MINIFS(Data_RewardEvents!$E$2:$E$160,Data_RewardEvents!$B$2:$B$160,A60,Data_RewardEvents!$D$2:$D$160,"reward_credited"),"") -> 46289.389 | X60: =IF(W60="","",(W60-J60)*24) -> 0.12399594 | Y60: =IF(I60<>"",1,0) -> 1 | Z60: =IF(K60="completed",1,0) -> 1 | AA60: =IF(L60="validated",1,0) -> 1 | AB60: =IF(S60>0,1,0) -> 1
A61: T00060 | B61: survey_complete | C61: Surveys | D61: U0029 | E61: SurveyProv_B | F61: third_party | G61: EXT-54974 | H61: 46291.944 | I61: 46291.963 | K61: failed | M61: 50 | N61: =README!$B$14 -> points | O61: system_error | P61: third_party | Q61: =IF(AND(I61<>"",J61<>""),(J61-I61)*1440,"") | R61: =COUNTIFS(Data_RewardEvents!$B$2:$B$160,A61,Data_RewardEvents!$D$2:$D$160,"reward_pending") -> 0 | S61: =COUNTIFS(Data_RewardEvents!$B$2:$B$160,A61,Data_RewardEvents!$D$2:$D$160,"reward_credited") -> 0 | T61: =COUNTIFS(Data_RewardEvents!$B$2:$B$160,A61,Data_RewardEvents!$D$2:$D$160,"reward_reversed") -> 0 | U61: =COUNTIFS(Data_RewardEvents!$B$2:$B$160,A61,Data_RewardEvents!$D$2:$D$160,"reward_corrected") -> 0 | V61: =SUMIFS(Data_RewardEvents!$F$2:$F$160,Data_RewardEvents!$B$2:$B$160,A61,Data_RewardEvents!$D$2:$D$160,"reward_credited")+SUMIFS(Data_RewardEvents!$F$2:$F$160,Data_RewardEvents!$B$2:$B$160,A61,Data_RewardEvents!$D$2:$D$160,"reward_reversed")+SUMIFS(Data_RewardEvents!$F$2:$F$160,Data_RewardEvents!$B$2:$B$160,A61,Data_RewardEvents!$D$2:$D$160,"reward_corrected") -> 0 | W61: =IF(S61>0,_xlfn.MINIFS(Data_RewardEvents!$E$2:$E$160,Data_RewardEvents!$B$2:$B$160,A61,Data_RewardEvents!$D$2:$D$160,"reward_credited"),"") | X61: =IF(W61="","",(W61-J61)*24) | Y61: =IF(I61<>"",1,0) -> 1 | Z61: =IF(K61="completed",1,0) -> 0 | AA61: =IF(L61="validated",1,0) -> 0 | AB61: =IF(S61>0,1,0) -> 0
A62: T00061 | B62: in_app_action | C62: In-app tasks | D62: U0017 | E62: VELOOP | F62: first_party | H62: 46296.032 | I62: 46296.04 | J62: 46296.043 | K62: completed | L62: validated | M62: 10 | N62: =README!$B$14 -> points | Q62: =IF(AND(I62<>"",J62<>""),(J62-I62)*1440,"") -> 3.2733292 | R62: =COUNTIFS(Data_RewardEvents!$B$2:$B$160,A62,Data_RewardEvents!$D$2:$D$160,"reward_pending") -> 0 | S62: =COUNTIFS(Data_RewardEvents!$B$2:$B$160,A62,Data_RewardEvents!$D$2:$D$160,"reward_credited") -> 1 | T62: =COUNTIFS(Data_RewardEvents!$B$2:$B$160,A62,Data_RewardEvents!$D$2:$D$160,"reward_reversed") -> 0 | U62: =COUNTIFS(Data_RewardEvents!$B$2:$B$160,A62,Data_RewardEvents!$D$2:$D$160,"reward_corrected") -> 0 | V62: =SUMIFS(Data_RewardEvents!$F$2:$F$160,Data_RewardEvents!$B$2:$B$160,A62,Data_RewardEvents!$D$2:$D$160,"reward_credited")+SUMIFS(Data_RewardEvents!$F$2:$F$160,Data_RewardEvents!$B$2:$B$160,A62,Data_RewardEvents!$D$2:$D$160,"reward_reversed")+SUMIFS(Data_RewardEvents!$F$2:$F$160,Data_RewardEvents!$B$2:$B$160,A62,Data_RewardEvents!$D$2:$D$160,"reward_corrected") -> 10 | W62: =IF(S62>0,_xlfn.MINIFS(Data_RewardEvents!$E$2:$E$160,Data_RewardEvents!$B$2:$B$160,A62,Data_RewardEvents!$D$2:$D$160,"reward_credited"),"") -> 46296.045 | X62: =IF(W62="","",(W62-J62)*24) -> 0.056542504 | Y62: =IF(I62<>"",1,0) -> 1 | Z62: =IF(K62="completed",1,0) -> 1 | AA62: =IF(L62="validated",1,0) -> 1 | AB62: =IF(S62>0,1,0) -> 1
A63: T00062 | B63: in_app_action | C63: In-app tasks | D63: U0004 | E63: VELOOP | F63: first_party | H63: 46289.844 | I63: 46289.845 | J63: 46289.847 | K63: completed | L63: validated | M63: 10 | N63: =README!$B$14 -> points | Q63: =IF(AND(I63<>"",J63<>""),(J63-I63)*1440,"") -> 2.5035896 | R63: =COUNTIFS(Data_RewardEvents!$B$2:$B$160,A63,Data_RewardEvents!$D$2:$D$160,"reward_pending") -> 0 | S63: =COUNTIFS(Data_RewardEvents!$B$2:$B$160,A63,Data_RewardEvents!$D$2:$D$160,"reward_credited") -> 1 | T63: =COUNTIFS(Data_RewardEvents!$B$2:$B$160,A63,Data_RewardEvents!$D$2:$D$160,"reward_reversed") -> 0 | U63: =COUNTIFS(Data_RewardEvents!$B$2:$B$160,A63,Data_RewardEvents!$D$2:$D$160,"reward_corrected") -> 0 | V63: =SUMIFS(Data_RewardEvents!$F$2:$F$160,Data_RewardEvents!$B$2:$B$160,A63,Data_RewardEvents!$D$2:$D$160,"reward_credited")+SUMIFS(Data_RewardEvents!$F$2:$F$160,Data_RewardEvents!$B$2:$B$160,A63,Data_RewardEvents!$D$2:$D$160,"reward_reversed")+SUMIFS(Data_RewardEvents!$F$2:$F$160,Data_RewardEvents!$B$2:$B$160,A63,Data_RewardEvents!$D$2:$D$160,"reward_corrected") -> 10 | W63: =IF(S63>0,_xlfn.MINIFS(Data_RewardEvents!$E$2:$E$160,Data_RewardEvents!$B$2:$B$160,A63,Data_RewardEvents!$D$2:$D$160,"reward_credited"),"") -> 46289.852 | X63: =IF(W63="","",(W63-J63)*24) -> 0.11486068 | Y63: =IF(I63<>"",1,0) -> 1 | Z63: =IF(K63="completed",1,0) -> 1 | AA63: =IF(L63="validated",1,0) -> 1 | AB63: =IF(S63>0,1,0) -> 1
A64: T00063 | B64: offer_install | C64: Offers | D64: U0068 | E64: Offerwall_B | F64: third_party | G64: EXT-72847 | H64: 46292.803 | I64: 46292.81 | K64: failed | M64: 100 | N64: =README!$B$14 -> points | O64: system_error | P64: third_party | Q64: =IF(AND(I64<>"",J64<>""),(J64-I64)*1440,"") | R64: =COUNTIFS(Data_RewardEvents!$B$2:$B$160,A64,Data_RewardEvents!$D$2:$D$160,"reward_pending") -> 0 | S64: =COUNTIFS(Data_RewardEvents!$B$2:$B$160,A64,Data_RewardEvents!$D$2:$D$160,"reward_credited") -> 0 | T64: =COUNTIFS(Data_RewardEvents!$B$2:$B$160,A64,Data_RewardEvents!$D$2:$D$160,"reward_reversed") -> 0 | U64: =COUNTIFS(Data_RewardEvents!$B$2:$B$160,A64,Data_RewardEvents!$D$2:$D$160,"reward_corrected") -> 0 | V64: =SUMIFS(Data_RewardEvents!$F$2:$F$160,Data_RewardEvents!$B$2:$B$160,A64,Data_RewardEvents!$D$2:$D$160,"reward_credited")+SUMIFS(Data_RewardEvents!$F$2:$F$160,Data_RewardEvents!$B$2:$B$160,A64,Data_RewardEvents!$D$2:$D$160,"reward_reversed")+SUMIFS(Data_RewardEvents!$F$2:$F$160,Data_RewardEvents!$B$2:$B$160,A64,Data_RewardEvents!$D$2:$D$160,"reward_corrected") -> 0 | W64: =IF(S64>0,_xlfn.MINIFS(Data_RewardEvents!$E$2:$E$160,Data_RewardEvents!$B$2:$B$160,A64,Data_RewardEvents!$D$2:$D$160,"reward_credited"),"") | X64: =IF(W64="","",(W64-J64)*24) | Y64: =IF(I64<>"",1,0) -> 1 | Z64: =IF(K64="completed",1,0) -> 0 | AA64: =IF(L64="validated",1,0) -> 0 | AB64: =IF(S64>0,1,0) -> 0
A65: T00064 | B65: video_view | C65: Advertisements | D65: U0059 | E65: AdNetwork_A | F65: third_party | G65: EXT-27089 | H65: 46297.232 | I65: 46297.245 | J65: 46297.246 | K65: completed | L65: validated | M65: 5 | N65: =README!$B$14 -> points | Q65: =IF(AND(I65<>"",J65<>""),(J65-I65)*1440,"") -> 0.97463547 | R65: =COUNTIFS(Data_RewardEvents!$B$2:$B$160,A65,Data_RewardEvents!$D$2:$D$160,"reward_pending") -> 0 | S65: =COUNTIFS(Data_RewardEvents!$B$2:$B$160,A65,Data_RewardEvents!$D$2:$D$160,"reward_credited") -> 1 | T65: =COUNTIFS(Data_RewardEvents!$B$2:$B$160,A65,Data_RewardEvents!$D$2:$D$160,"reward_reversed") -> 0 | U65: =COUNTIFS(Data_RewardEvents!$B$2:$B$160,A65,Data_RewardEvents!$D$2:$D$160,"reward_corrected") -> 0 | V65: =SUMIFS(Data_RewardEvents!$F$2:$F$160,Data_RewardEvents!$B$2:$B$160,A65,Data_RewardEvents!$D$2:$D$160,"reward_credited")+SUMIFS(Data_RewardEvents!$F$2:$F$160,Data_RewardEvents!$B$2:$B$160,A65,Data_RewardEvents!$D$2:$D$160,"reward_reversed")+SUMIFS(Data_RewardEvents!$F$2:$F$160,Data_RewardEvents!$B$2:$B$160,A65,Data_RewardEvents!$D$2:$D$160,"reward_corrected") -> 5 | W65: =IF(S65>0,_xlfn.MINIFS(Data_RewardEvents!$E$2:$E$160,Data_RewardEvents!$B$2:$B$160,A65,Data_RewardEvents!$D$2:$D$160,"reward_credited"),"") -> 46297.248 | X65: =IF(W65="","",(W65-J65)*24) -> 0.046210512 | Y65: =IF(I65<>"",1,0) -> 1 | Z65: =IF(K65="completed",1,0) -> 1 | AA65: =IF(L65="validated",1,0) -> 1 | AB65: =IF(S65>0,1,0) -> 1
A66: T00065 | B66: video_view | C66: Advertisements | D66: U0030 | E66: AdNetwork_A | F66: third_party | G66: EXT-63819 | H66: 46296.119 | I66: 46296.128 | J66: 46296.129 | K66: completed | L66: validated | M66: 5 | N66: =README!$B$14 -> points | Q66: =IF(AND(I66<>"",J66<>""),(J66-I66)*1440,"") -> 1.1146719 | R66: =COUNTIFS(Data_RewardEvents!$B$2:$B$160,A66,Data_RewardEvents!$D$2:$D$160,"reward_pending") -> 0 | S66: =COUNTIFS(Data_RewardEvents!$B$2:$B$160,A66,Data_RewardEvents!$D$2:$D$160,"reward_credited") -> 1 | T66: =COUNTIFS(Data_RewardEvents!$B$2:$B$160,A66,Data_RewardEvents!$D$2:$D$160,"reward_reversed") -> 0 | U66: =COUNTIFS(Data_RewardEvents!$B$2:$B$160,A66,Data_RewardEvents!$D$2:$D$160,"reward_corrected") -> 0 | V66: =SUMIFS(Data_RewardEvents!$F$2:$F$160,Data_RewardEvents!$B$2:$B$160,A66,Data_RewardEvents!$D$2:$D$160,"reward_credited")+SUMIFS(Data_RewardEvents!$F$2:$F$160,Data_RewardEvents!$B$2:$B$160,A66,Data_RewardEvents!$D$2:$D$160,"reward_reversed")+SUMIFS(Data_RewardEvents!$F$2:$F$160,Data_RewardEvents!$B$2:$B$160,A66,Data_RewardEvents!$D$2:$D$160,"reward_corrected") -> 5 | W66: =IF(S66>0,_xlfn.MINIFS(Data_RewardEvents!$E$2:$E$160,Data_RewardEvents!$B$2:$B$160,A66,Data_RewardEvents!$D$2:$D$160,"reward_credited"),"") -> 46296.132 | X66: =IF(W66="","",(W66-J66)*24) -> 0.082288114 | Y66: =IF(I66<>"",1,0) -> 1 | Z66: =IF(K66="completed",1,0) -> 1 | AA66: =IF(L66="validated",1,0) -> 1 | AB66: =IF(S66>0,1,0) -> 1
A67: T00066 | B67: in_app_action | C67: In-app tasks | D67: U0048 | E67: VELOOP | F67: first_party | H67: 46286.149 | I67: 46286.162 | J67: 46286.164 | K67: completed | L67: validated | M67: 10 | N67: =README!$B$14 -> points | Q67: =IF(AND(I67<>"",J67<>""),(J67-I67)*1440,"") -> 3.1299951 | R67: =COUNTIFS(Data_RewardEvents!$B$2:$B$160,A67,Data_RewardEvents!$D$2:$D$160,"reward_pending") -> 0 | S67: =COUNTIFS(Data_RewardEvents!$B$2:$B$160,A67,Data_RewardEvents!$D$2:$D$160,"reward_credited") -> 1 | T67: =COUNTIFS(Data_RewardEvents!$B$2:$B$160,A67,Data_RewardEvents!$D$2:$D$160,"reward_reversed") -> 0 | U67: =COUNTIFS(Data_RewardEvents!$B$2:$B$160,A67,Data_RewardEvents!$D$2:$D$160,"reward_corrected") -> 0 | V67: =SUMIFS(Data_RewardEvents!$F$2:$F$160,Data_RewardEvents!$B$2:$B$160,A67,Data_RewardEvents!$D$2:$D$160,"reward_credited")+SUMIFS(Data_RewardEvents!$F$2:$F$160,Data_RewardEvents!$B$2:$B$160,A67,Data_RewardEvents!$D$2:$D$160,"reward_reversed")+SUMIFS(Data_RewardEvents!$F$2:$F$160,Data_RewardEvents!$B$2:$B$160,A67,Data_RewardEvents!$D$2:$D$160,"reward_corrected") -> 10 | W67: =IF(S67>0,_xlfn.MINIFS(Data_RewardEvents!$E$2:$E$160,Data_RewardEvents!$B$2:$B$160,A67,Data_RewardEvents!$D$2:$D$160,"reward_credited"),"") -> 46286.166 | X67: =IF(W67="","",(W67-J67)*24) -> 0.043826336 | Y67: =IF(I67<>"",1,0) -> 1 | Z67: =IF(K67="completed",1,0) -> 1 | AA67: =IF(L67="validated",1,0) -> 1 | AB67: =IF(S67>0,1,0) -> 1
A68: T00067 | B68: in_app_action | C68: In-app tasks | D68: U0048 | E68: VELOOP | F68: first_party | H68: 46289.778 | I68: 46289.786 | J68: 46289.788 | K68: completed | L68: validated | M68: 10 | N68: =README!$B$14 -> points | Q68: =IF(AND(I68<>"",J68<>""),(J68-I68)*1440,"") -> 2.1756607 | R68: =COUNTIFS(Data_RewardEvents!$B$2:$B$160,A68,Data_RewardEvents!$D$2:$D$160,"reward_pending") -> 0 | S68: =COUNTIFS(Data_RewardEvents!$B$2:$B$160,A68,Data_RewardEvents!$D$2:$D$160,"reward_credited") -> 1 | T68: =COUNTIFS(Data_RewardEvents!$B$2:$B$160,A68,Data_RewardEvents!$D$2:$D$160,"reward_reversed") -> 0 | U68: =COUNTIFS(Data_RewardEvents!$B$2:$B$160,A68,Data_RewardEvents!$D$2:$D$160,"reward_corrected") -> 0 | V68: =SUMIFS(Data_RewardEvents!$F$2:$F$160,Data_RewardEvents!$B$2:$B$160,A68,Data_RewardEvents!$D$2:$D$160,"reward_credited")+SUMIFS(Data_RewardEvents!$F$2:$F$160,Data_RewardEvents!$B$2:$B$160,A68,Data_RewardEvents!$D$2:$D$160,"reward_reversed")+SUMIFS(Data_RewardEvents!$F$2:$F$160,Data_RewardEvents!$B$2:$B$160,A68,Data_RewardEvents!$D$2:$D$160,"reward_corrected") -> 10 | W68: =IF(S68>0,_xlfn.MINIFS(Data_RewardEvents!$E$2:$E$160,Data_RewardEvents!$B$2:$B$160,A68,Data_RewardEvents!$D$2:$D$160,"reward_credited"),"") -> 46289.789 | X68: =IF(W68="","",(W68-J68)*24) -> 0.022390141 | Y68: =IF(I68<>"",1,0) -> 1 | Z68: =IF(K68="completed",1,0) -> 1 | AA68: =IF(L68="validated",1,0) -> 1 | AB68: =IF(S68>0,1,0) -> 1
A69: T00068 | B69: game_milestone | C69: Games | D69: U0030 | E69: GamePartner_B | F69: third_party | G69: EXT-68952 | H69: 46289.296 | I69: 46289.306 | K69: failed | M69: 30 | N69: =README!$B$14 -> points | O69: tracking_failed | P69: third_party | Q69: =IF(AND(I69<>"",J69<>""),(J69-I69)*1440,"") | R69: =COUNTIFS(Data_RewardEvents!$B$2:$B$160,A69,Data_RewardEvents!$D$2:$D$160,"reward_pending") -> 0 | S69: =COUNTIFS(Data_RewardEvents!$B$2:$B$160,A69,Data_RewardEvents!$D$2:$D$160,"reward_credited") -> 0 | T69: =COUNTIFS(Data_RewardEvents!$B$2:$B$160,A69,Data_RewardEvents!$D$2:$D$160,"reward_reversed") -> 0 | U69: =COUNTIFS(Data_RewardEvents!$B$2:$B$160,A69,Data_RewardEvents!$D$2:$D$160,"reward_corrected") -> 0 | V69: =SUMIFS(Data_RewardEvents!$F$2:$F$160,Data_RewardEvents!$B$2:$B$160,A69,Data_RewardEvents!$D$2:$D$160,"reward_credited")+SUMIFS(Data_RewardEvents!$F$2:$F$160,Data_RewardEvents!$B$2:$B$160,A69,Data_RewardEvents!$D$2:$D$160,"reward_reversed")+SUMIFS(Data_RewardEvents!$F$2:$F$160,Data_RewardEvents!$B$2:$B$160,A69,Data_RewardEvents!$D$2:$D$160,"reward_corrected") -> 0 | W69: =IF(S69>0,_xlfn.MINIFS(Data_RewardEvents!$E$2:$E$160,Data_RewardEvents!$B$2:$B$160,A69,Data_RewardEvents!$D$2:$D$160,"reward_credited"),"") | X69: =IF(W69="","",(W69-J69)*24) | Y69: =IF(I69<>"",1,0) -> 1 | Z69: =IF(K69="completed",1,0) -> 0 | AA69: =IF(L69="validated",1,0) -> 0 | AB69: =IF(S69>0,1,0) -> 0
A70: T00069 | B70: offer_install | C70: Offers | D70: U0031 | E70: Offerwall_A | F70: third_party | G70: EXT-59884 | H70: 46286.603 | K70: discovered | M70: 100 | N70: =README!$B$14 -> points | Q70: =IF(AND(I70<>"",J70<>""),(J70-I70)*1440,"") | R70: =COUNTIFS(Data_RewardEvents!$B$2:$B$160,A70,Data_RewardEvents!$D$2:$D$160,"reward_pending") -> 0 | S70: =COUNTIFS(Data_RewardEvents!$B$2:$B$160,A70,Data_RewardEvents!$D$2:$D$160,"reward_credited") -> 0 | T70: =COUNTIFS(Data_RewardEvents!$B$2:$B$160,A70,Data_RewardEvents!$D$2:$D$160,"reward_reversed") -> 0 | U70: =COUNTIFS(Data_RewardEvents!$B$2:$B$160,A70,Data_RewardEvents!$D$2:$D$160,"reward_corrected") -> 0 | V70: =SUMIFS(Data_RewardEvents!$F$2:$F$160,Data_RewardEvents!$B$2:$B$160,A70,Data_RewardEvents!$D$2:$D$160,"reward_credited")+SUMIFS(Data_RewardEvents!$F$2:$F$160,Data_RewardEvents!$B$2:$B$160,A70,Data_RewardEvents!$D$2:$D$160,"reward_reversed")+SUMIFS(Data_RewardEvents!$F$2:$F$160,Data_RewardEvents!$B$2:$B$160,A70,Data_RewardEvents!$D$2:$D$160,"reward_corrected") -> 0 | W70: =IF(S70>0,_xlfn.MINIFS(Data_RewardEvents!$E$2:$E$160,Data_RewardEvents!$B$2:$B$160,A70,Data_RewardEvents!$D$2:$D$160,"reward_credited"),"") | X70: =IF(W70="","",(W70-J70)*24) | Y70: =IF(I70<>"",1,0) -> 0 | Z70: =IF(K70="completed",1,0) -> 0 | AA70: =IF(L70="validated",1,0) -> 0 | AB70: =IF(S70>0,1,0) -> 0
A71: T00070 | B71: in_app_action | C71: In-app tasks | D71: U0045 | E71: VELOOP | F71: first_party | H71: 46299.283 | I71: 46299.295 | J71: 46299.298 | K71: completed | L71: validated | M71: 10 | N71: =README!$B$14 -> points | Q71: =IF(AND(I71<>"",J71<>""),(J71-I71)*1440,"") -> 3.4306411 | R71: =COUNTIFS(Data_RewardEvents!$B$2:$B$160,A71,Data_RewardEvents!$D$2:$D$160,"reward_pending") -> 0 | S71: =COUNTIFS(Data_RewardEvents!$B$2:$B$160,A71,Data_RewardEvents!$D$2:$D$160,"reward_credited") -> 1 | T71: =COUNTIFS(Data_RewardEvents!$B$2:$B$160,A71,Data_RewardEvents!$D$2:$D$160,"reward_reversed") -> 0 | U71: =COUNTIFS(Data_RewardEvents!$B$2:$B$160,A71,Data_RewardEvents!$D$2:$D$160,"reward_corrected") -> 0 | V71: =SUMIFS(Data_RewardEvents!$F$2:$F$160,Data_RewardEvents!$B$2:$B$160,A71,Data_RewardEvents!$D$2:$D$160,"reward_credited")+SUMIFS(Data_RewardEvents!$F$2:$F$160,Data_RewardEvents!$B$2:$B$160,A71,Data_RewardEvents!$D$2:$D$160,"reward_reversed")+SUMIFS(Data_RewardEvents!$F$2:$F$160,Data_RewardEvents!$B$2:$B$160,A71,Data_RewardEvents!$D$2:$D$160,"reward_corrected") -> 10 | W71: =IF(S71>0,_xlfn.MINIFS(Data_RewardEvents!$E$2:$E$160,Data_RewardEvents!$B$2:$B$160,A71,Data_RewardEvents!$D$2:$D$160,"reward_credited"),"") -> 46299.302 | X71: =IF(W71="","",(W71-J71)*24) -> 0.10715094 | Y71: =IF(I71<>"",1,0) -> 1 | Z71: =IF(K71="completed",1,0) -> 1 | AA71: =IF(L71="validated",1,0) -> 1 | AB71: =IF(S71>0,1,0) -> 1
A72: T00071 | B72: survey_complete | C72: Surveys | D72: U0045 | E72: SurveyProv_A | F72: third_party | G72: EXT-11524 | H72: 46290.699 | K72: discovered | M72: 50 | N72: =README!$B$14 -> points | Q72: =IF(AND(I72<>"",J72<>""),(J72-I72)*1440,"") | R72: =COUNTIFS(Data_RewardEvents!$B$2:$B$160,A72,Data_RewardEvents!$D$2:$D$160,"reward_pending") -> 0 | S72: =COUNTIFS(Data_RewardEvents!$B$2:$B$160,A72,Data_RewardEvents!$D$2:$D$160,"reward_credited") -> 0 | T72: =COUNTIFS(Data_RewardEvents!$B$2:$B$160,A72,Data_RewardEvents!$D$2:$D$160,"reward_reversed") -> 0 | U72: =COUNTIFS(Data_RewardEvents!$B$2:$B$160,A72,Data_RewardEvents!$D$2:$D$160,"reward_corrected") -> 0 | V72: =SUMIFS(Data_RewardEvents!$F$2:$F$160,Data_RewardEvents!$B$2:$B$160,A72,Data_RewardEvents!$D$2:$D$160,"reward_credited")+SUMIFS(Data_RewardEvents!$F$2:$F$160,Data_RewardEvents!$B$2:$B$160,A72,Data_RewardEvents!$D$2:$D$160,"reward_reversed")+SUMIFS(Data_RewardEvents!$F$2:$F$160,Data_RewardEvents!$B$2:$B$160,A72,Data_RewardEvents!$D$2:$D$160,"reward_corrected") -> 0 | W72: =IF(S72>0,_xlfn.MINIFS(Data_RewardEvents!$E$2:$E$160,Data_RewardEvents!$B$2:$B$160,A72,Data_RewardEvents!$D$2:$D$160,"reward_credited"),"") | X72: =IF(W72="","",(W72-J72)*24) | Y72: =IF(I72<>"",1,0) -> 0 | Z72: =IF(K72="completed",1,0) -> 0 | AA72: =IF(L72="validated",1,0) -> 0 | AB72: =IF(S72>0,1,0) -> 0
A73: T00072 | B73: video_view | C73: Advertisements | D73: U0033 | E73: AdNetwork_B | F73: third_party | G73: EXT-42770 | H73: 46291.623 | I73: 46291.631 | J73: 46291.631 | K73: completed | L73: validated | M73: 5 | N73: =README!$B$14 -> points | Q73: =IF(AND(I73<>"",J73<>""),(J73-I73)*1440,"") -> 1.1751609 | R73: =COUNTIFS(Data_RewardEvents!$B$2:$B$160,A73,Data_RewardEvents!$D$2:$D$160,"reward_pending") -> 0 | S73: =COUNTIFS(Data_RewardEvents!$B$2:$B$160,A73,Data_RewardEvents!$D$2:$D$160,"reward_credited") -> 1 | T73: =COUNTIFS(Data_RewardEvents!$B$2:$B$160,A73,Data_RewardEvents!$D$2:$D$160,"reward_reversed") -> 0 | U73: =COUNTIFS(Data_RewardEvents!$B$2:$B$160,A73,Data_RewardEvents!$D$2:$D$160,"reward_corrected") -> 0 | V73: =SUMIFS(Data_RewardEvents!$F$2:$F$160,Data_RewardEvents!$B$2:$B$160,A73,Data_RewardEvents!$D$2:$D$160,"reward_credited")+SUMIFS(Data_RewardEvents!$F$2:$F$160,Data_RewardEvents!$B$2:$B$160,A73,Data_RewardEvents!$D$2:$D$160,"reward_reversed")+SUMIFS(Data_RewardEvents!$F$2:$F$160,Data_RewardEvents!$B$2:$B$160,A73,Data_RewardEvents!$D$2:$D$160,"reward_corrected") -> 5 | W73: =IF(S73>0,_xlfn.MINIFS(Data_RewardEvents!$E$2:$E$160,Data_RewardEvents!$B$2:$B$160,A73,Data_RewardEvents!$D$2:$D$160,"reward_credited"),"") -> 46291.635 | X73: =IF(W73="","",(W73-J73)*24) -> 0.098078156 | Y73: =IF(I73<>"",1,0) -> 1 | Z73: =IF(K73="completed",1,0) -> 1 | AA73: =IF(L73="validated",1,0) -> 1 | AB73: =IF(S73>0,1,0) -> 1
A74: T00073 | B74: in_app_action | C74: In-app tasks | D74: U0027 | E74: VELOOP | F74: first_party | H74: 46298.64 | I74: 46298.65 | J74: 46298.652 | K74: completed | L74: validated | M74: 10 | N74: =README!$B$14 -> points | Q74: =IF(AND(I74<>"",J74<>""),(J74-I74)*1440,"") -> 2.2566257 | R74: =COUNTIFS(Data_RewardEvents!$B$2:$B$160,A74,Data_RewardEvents!$D$2:$D$160,"reward_pending") -> 0 | S74: =COUNTIFS(Data_RewardEvents!$B$2:$B$160,A74,Data_RewardEvents!$D$2:$D$160,"reward_credited") -> 1 | T74: =COUNTIFS(Data_RewardEvents!$B$2:$B$160,A74,Data_RewardEvents!$D$2:$D$160,"reward_reversed") -> 0 | U74: =COUNTIFS(Data_RewardEvents!$B$2:$B$160,A74,Data_RewardEvents!$D$2:$D$160,"reward_corrected") -> 0 | V74: =SUMIFS(Data_RewardEvents!$F$2:$F$160,Data_RewardEvents!$B$2:$B$160,A74,Data_RewardEvents!$D$2:$D$160,"reward_credited")+SUMIFS(Data_RewardEvents!$F$2:$F$160,Data_RewardEvents!$B$2:$B$160,A74,Data_RewardEvents!$D$2:$D$160,"reward_reversed")+SUMIFS(Data_RewardEvents!$F$2:$F$160,Data_RewardEvents!$B$2:$B$160,A74,Data_RewardEvents!$D$2:$D$160,"reward_corrected") -> 10 | W74: =IF(S74>0,_xlfn.MINIFS(Data_RewardEvents!$E$2:$E$160,Data_RewardEvents!$B$2:$B$160,A74,Data_RewardEvents!$D$2:$D$160,"reward_credited"),"") -> 46298.654 | X74: =IF(W74="","",(W74-J74)*24) -> 0.046435236 | Y74: =IF(I74<>"",1,0) -> 1 | Z74: =IF(K74="completed",1,0) -> 1 | AA74: =IF(L74="validated",1,0) -> 1 | AB74: =IF(S74>0,1,0) -> 1
A75: T00074 | B75: in_app_action | C75: In-app tasks | D75: U0059 | E75: VELOOP | F75: first_party | H75: 46299.091 | I75: 46299.1 | J75: 46299.102 | K75: completed | L75: validated | M75: 10 | N75: =README!$B$14 -> points | Q75: =IF(AND(I75<>"",J75<>""),(J75-I75)*1440,"") -> 2.6028919 | R75: =COUNTIFS(Data_RewardEvents!$B$2:$B$160,A75,Data_RewardEvents!$D$2:$D$160,"reward_pending") -> 0 | S75: =COUNTIFS(Data_RewardEvents!$B$2:$B$160,A75,Data_RewardEvents!$D$2:$D$160,"reward_credited") -> 1 | T75: =COUNTIFS(Data_RewardEvents!$B$2:$B$160,A75,Data_RewardEvents!$D$2:$D$160,"reward_reversed") -> 0 | U75: =COUNTIFS(Data_RewardEvents!$B$2:$B$160,A75,Data_RewardEvents!$D$2:$D$160,"reward_corrected") -> 0 | V75: =SUMIFS(Data_RewardEvents!$F$2:$F$160,Data_RewardEvents!$B$2:$B$160,A75,Data_RewardEvents!$D$2:$D$160,"reward_credited")+SUMIFS(Data_RewardEvents!$F$2:$F$160,Data_RewardEvents!$B$2:$B$160,A75,Data_RewardEvents!$D$2:$D$160,"reward_reversed")+SUMIFS(Data_RewardEvents!$F$2:$F$160,Data_RewardEvents!$B$2:$B$160,A75,Data_RewardEvents!$D$2:$D$160,"reward_corrected") -> 10 | W75: =IF(S75>0,_xlfn.MINIFS(Data_RewardEvents!$E$2:$E$160,Data_RewardEvents!$B$2:$B$160,A75,Data_RewardEvents!$D$2:$D$160,"reward_credited"),"") -> 46299.107 | X75: =IF(W75="","",(W75-J75)*24) -> 0.13356594 | Y75: =IF(I75<>"",1,0) -> 1 | Z75: =IF(K75="completed",1,0) -> 1 | AA75: =IF(L75="validated",1,0) -> 1 | AB75: =IF(S75>0,1,0) -> 1
A76: T00075 | B76: survey_complete | C76: Surveys | D76: U0023 | E76: SurveyProv_B | F76: third_party | G76: EXT-73362 | H76: 46294.115 | I76: 46294.135 | K76: failed | M76: 50 | N76: =README!$B$14 -> points | O76: system_error | P76: third_party | Q76: =IF(AND(I76<>"",J76<>""),(J76-I76)*1440,"") | R76: =COUNTIFS(Data_RewardEvents!$B$2:$B$160,A76,Data_RewardEvents!$D$2:$D$160,"reward_pending") -> 0 | S76: =COUNTIFS(Data_RewardEvents!$B$2:$B$160,A76,Data_RewardEvents!$D$2:$D$160,"reward_credited") -> 0 | T76: =COUNTIFS(Data_RewardEvents!$B$2:$B$160,A76,Data_RewardEvents!$D$2:$D$160,"reward_reversed") -> 0 | U76: =COUNTIFS(Data_RewardEvents!$B$2:$B$160,A76,Data_RewardEvents!$D$2:$D$160,"reward_corrected") -> 0 | V76: =SUMIFS(Data_RewardEvents!$F$2:$F$160,Data_RewardEvents!$B$2:$B$160,A76,Data_RewardEvents!$D$2:$D$160,"reward_credited")+SUMIFS(Data_RewardEvents!$F$2:$F$160,Data_RewardEvents!$B$2:$B$160,A76,Data_RewardEvents!$D$2:$D$160,"reward_reversed")+SUMIFS(Data_RewardEvents!$F$2:$F$160,Data_RewardEvents!$B$2:$B$160,A76,Data_RewardEvents!$D$2:$D$160,"reward_corrected") -> 0 | W76: =IF(S76>0,_xlfn.MINIFS(Data_RewardEvents!$E$2:$E$160,Data_RewardEvents!$B$2:$B$160,A76,Data_RewardEvents!$D$2:$D$160,"reward_credited"),"") | X76: =IF(W76="","",(W76-J76)*24) | Y76: =IF(I76<>"",1,0) -> 1 | Z76: =IF(K76="completed",1,0) -> 0 | AA76: =IF(L76="validated",1,0) -> 0 | AB76: =IF(S76>0,1,0) -> 0
A77: T00076 | B77: video_view | C77: Advertisements | D77: U0029 | E77: AdNetwork_B | F77: third_party | G77: EXT-15719 | H77: 46294.224 | I77: 46294.238 | K77: failed | M77: 5 | N77: =README!$B$14 -> points | O77: system_error | P77: third_party | Q77: =IF(AND(I77<>"",J77<>""),(J77-I77)*1440,"") | R77: =COUNTIFS(Data_RewardEvents!$B$2:$B$160,A77,Data_RewardEvents!$D$2:$D$160,"reward_pending") -> 0 | S77: =COUNTIFS(Data_RewardEvents!$B$2:$B$160,A77,Data_RewardEvents!$D$2:$D$160,"reward_credited") -> 0 | T77: =COUNTIFS(Data_RewardEvents!$B$2:$B$160,A77,Data_RewardEvents!$D$2:$D$160,"reward_reversed") -> 0 | U77: =COUNTIFS(Data_RewardEvents!$B$2:$B$160,A77,Data_RewardEvents!$D$2:$D$160,"reward_corrected") -> 0 | V77: =SUMIFS(Data_RewardEvents!$F$2:$F$160,Data_RewardEvents!$B$2:$B$160,A77,Data_RewardEvents!$D$2:$D$160,"reward_credited")+SUMIFS(Data_RewardEvents!$F$2:$F$160,Data_RewardEvents!$B$2:$B$160,A77,Data_RewardEvents!$D$2:$D$160,"reward_reversed")+SUMIFS(Data_RewardEvents!$F$2:$F$160,Data_RewardEvents!$B$2:$B$160,A77,Data_RewardEvents!$D$2:$D$160,"reward_corrected") -> 0 | W77: =IF(S77>0,_xlfn.MINIFS(Data_RewardEvents!$E$2:$E$160,Data_RewardEvents!$B$2:$B$160,A77,Data_RewardEvents!$D$2:$D$160,"reward_credited"),"") | X77: =IF(W77="","",(W77-J77)*24) | Y77: =IF(I77<>"",1,0) -> 1 | Z77: =IF(K77="completed",1,0) -> 0 | AA77: =IF(L77="validated",1,0) -> 0 | AB77: =IF(S77>0,1,0) -> 0
A78: T00077 | B78: in_app_action | C78: In-app tasks | D78: U0057 | E78: VELOOP | F78: first_party | H78: 46294.689 | I78: 46294.699 | J78: 46294.701 | K78: completed | L78: validated | M78: 10 | N78: =README!$B$14 -> points | Q78: =IF(AND(I78<>"",J78<>""),(J78-I78)*1440,"") -> 2.2955629 | R78: =COUNTIFS(Data_RewardEvents!$B$2:$B$160,A78,Data_RewardEvents!$D$2:$D$160,"reward_pending") -> 0 | S78: =COUNTIFS(Data_RewardEvents!$B$2:$B$160,A78,Data_RewardEvents!$D$2:$D$160,"reward_credited") -> 1 | T78: =COUNTIFS(Data_RewardEvents!$B$2:$B$160,A78,Data_RewardEvents!$D$2:$D$160,"reward_reversed") -> 0 | U78: =COUNTIFS(Data_RewardEvents!$B$2:$B$160,A78,Data_RewardEvents!$D$2:$D$160,"reward_corrected") -> 0 | V78: =SUMIFS(Data_RewardEvents!$F$2:$F$160,Data_RewardEvents!$B$2:$B$160,A78,Data_RewardEvents!$D$2:$D$160,"reward_credited")+SUMIFS(Data_RewardEvents!$F$2:$F$160,Data_RewardEvents!$B$2:$B$160,A78,Data_RewardEvents!$D$2:$D$160,"reward_reversed")+SUMIFS(Data_RewardEvents!$F$2:$F$160,Data_RewardEvents!$B$2:$B$160,A78,Data_RewardEvents!$D$2:$D$160,"reward_corrected") -> 10 | W78: =IF(S78>0,_xlfn.MINIFS(Data_RewardEvents!$E$2:$E$160,Data_RewardEvents!$B$2:$B$160,A78,Data_RewardEvents!$D$2:$D$160,"reward_credited"),"") -> 46294.705 | X78: =IF(W78="","",(W78-J78)*24) -> 0.11021547 | Y78: =IF(I78<>"",1,0) -> 1 | Z78: =IF(K78="completed",1,0) -> 1 | AA78: =IF(L78="validated",1,0) -> 1 | AB78: =IF(S78>0,1,0) -> 1
A79: T00078 | B79: video_view | C79: Advertisements | D79: U0008 | E79: AdNetwork_B | F79: third_party | G79: EXT-74182 | H79: 46295.412 | I79: 46295.431 | J79: 46295.432 | K79: completed | L79: validated | M79: 5 | N79: =README!$B$14 -> points | Q79: =IF(AND(I79<>"",J79<>""),(J79-I79)*1440,"") -> 1.0327301 | R79: =COUNTIFS(Data_RewardEvents!$B$2:$B$160,A79,Data_RewardEvents!$D$2:$D$160,"reward_pending") -> 0 | S79: =COUNTIFS(Data_RewardEvents!$B$2:$B$160,A79,Data_RewardEvents!$D$2:$D$160,"reward_credited") -> 1 | T79: =COUNTIFS(Data_RewardEvents!$B$2:$B$160,A79,Data_RewardEvents!$D$2:$D$160,"reward_reversed") -> 0 | U79: =COUNTIFS(Data_RewardEvents!$B$2:$B$160,A79,Data_RewardEvents!$D$2:$D$160,"reward_corrected") -> 0 | V79: =SUMIFS(Data_RewardEvents!$F$2:$F$160,Data_RewardEvents!$B$2:$B$160,A79,Data_RewardEvents!$D$2:$D$160,"reward_credited")+SUMIFS(Data_RewardEvents!$F$2:$F$160,Data_RewardEvents!$B$2:$B$160,A79,Data_RewardEvents!$D$2:$D$160,"reward_reversed")+SUMIFS(Data_RewardEvents!$F$2:$F$160,Data_RewardEvents!$B$2:$B$160,A79,Data_RewardEvents!$D$2:$D$160,"reward_corrected") -> 5 | W79: =IF(S79>0,_xlfn.MINIFS(Data_RewardEvents!$E$2:$E$160,Data_RewardEvents!$B$2:$B$160,A79,Data_RewardEvents!$D$2:$D$160,"reward_credited"),"") -> 46295.438 | X79: =IF(W79="","",(W79-J79)*24) -> 0.14453217 | Y79: =IF(I79<>"",1,0) -> 1 | Z79: =IF(K79="completed",1,0) -> 1 | AA79: =IF(L79="validated",1,0) -> 1 | AB79: =IF(S79>0,1,0) -> 1
A80: T00079 | B80: video_view | C80: Advertisements | D80: U0058 | E80: AdNetwork_A | F80: third_party | G80: EXT-96466 | H80: 46301.897 | I80: 46301.91 | J80: 46301.911 | K80: completed | L80: validated | M80: 5 | N80: =README!$B$14 -> points | Q80: =IF(AND(I80<>"",J80<>""),(J80-I80)*1440,"") -> 0.63539354 | R80: =COUNTIFS(Data_RewardEvents!$B$2:$B$160,A80,Data_RewardEvents!$D$2:$D$160,"reward_pending") -> 0 | S80: =COUNTIFS(Data_RewardEvents!$B$2:$B$160,A80,Data_RewardEvents!$D$2:$D$160,"reward_credited") -> 1 | T80: =COUNTIFS(Data_RewardEvents!$B$2:$B$160,A80,Data_RewardEvents!$D$2:$D$160,"reward_reversed") -> 0 | U80: =COUNTIFS(Data_RewardEvents!$B$2:$B$160,A80,Data_RewardEvents!$D$2:$D$160,"reward_corrected") -> 0 | V80: =SUMIFS(Data_RewardEvents!$F$2:$F$160,Data_RewardEvents!$B$2:$B$160,A80,Data_RewardEvents!$D$2:$D$160,"reward_credited")+SUMIFS(Data_RewardEvents!$F$2:$F$160,Data_RewardEvents!$B$2:$B$160,A80,Data_RewardEvents!$D$2:$D$160,"reward_reversed")+SUMIFS(Data_RewardEvents!$F$2:$F$160,Data_RewardEvents!$B$2:$B$160,A80,Data_RewardEvents!$D$2:$D$160,"reward_corrected") -> 5 | W80: =IF(S80>0,_xlfn.MINIFS(Data_RewardEvents!$E$2:$E$160,Data_RewardEvents!$B$2:$B$160,A80,Data_RewardEvents!$D$2:$D$160,"reward_credited"),"") -> 46301.912 | X80: =IF(W80="","",(W80-J80)*24) -> 0.035110499 | Y80: =IF(I80<>"",1,0) -> 1 | Z80: =IF(K80="completed",1,0) -> 1 | AA80: =IF(L80="validated",1,0) -> 1 | AB80: =IF(S80>0,1,0) -> 1
A81: T00080 | B81: in_app_action | C81: In-app tasks | D81: U0008 | E81: VELOOP | F81: first_party | H81: 46298.751 | I81: 46298.769 | J81: 46298.772 | K81: completed | L81: validated | M81: 10 | N81: =README!$B$14 -> points | Q81: =IF(AND(I81<>"",J81<>""),(J81-I81)*1440,"") -> 3.7578941 | R81: =COUNTIFS(Data_RewardEvents!$B$2:$B$160,A81,Data_RewardEvents!$D$2:$D$160,"reward_pending") -> 0 | S81: =COUNTIFS(Data_RewardEvents!$B$2:$B$160,A81,Data_RewardEvents!$D$2:$D$160,"reward_credited") -> 1 | T81: =COUNTIFS(Data_RewardEvents!$B$2:$B$160,A81,Data_RewardEvents!$D$2:$D$160,"reward_reversed") -> 0 | U81: =COUNTIFS(Data_RewardEvents!$B$2:$B$160,A81,Data_RewardEvents!$D$2:$D$160,"reward_corrected") -> 0 | V81: =SUMIFS(Data_RewardEvents!$F$2:$F$160,Data_RewardEvents!$B$2:$B$160,A81,Data_RewardEvents!$D$2:$D$160,"reward_credited")+SUMIFS(Data_RewardEvents!$F$2:$F$160,Data_RewardEvents!$B$2:$B$160,A81,Data_RewardEvents!$D$2:$D$160,"reward_reversed")+SUMIFS(Data_RewardEvents!$F$2:$F$160,Data_RewardEvents!$B$2:$B$160,A81,Data_RewardEvents!$D$2:$D$160,"reward_corrected") -> 10 | W81: =IF(S81>0,_xlfn.MINIFS(Data_RewardEvents!$E$2:$E$160,Data_RewardEvents!$B$2:$B$160,A81,Data_RewardEvents!$D$2:$D$160,"reward_credited"),"") -> 46298.778 | X81: =IF(W81="","",(W81-J81)*24) -> 0.13911773 | Y81: =IF(I81<>"",1,0) -> 1 | Z81: =IF(K81="completed",1,0) -> 1 | AA81: =IF(L81="validated",1,0) -> 1 | AB81: =IF(S81>0,1,0) -> 1
A82: T00081 | B82: in_app_action | C82: In-app tasks | D82: U0034 | E82: VELOOP | F82: first_party | H82: 46292.365 | I82: 46292.37 | J82: 46292.373 | K82: completed | L82: validated | M82: 10 | N82: =README!$B$14 -> points | Q82: =IF(AND(I82<>"",J82<>""),(J82-I82)*1440,"") -> 3.4192039 | R82: =COUNTIFS(Data_RewardEvents!$B$2:$B$160,A82,Data_RewardEvents!$D$2:$D$160,"reward_pending") -> 0 | S82: =COUNTIFS(Data_RewardEvents!$B$2:$B$160,A82,Data_RewardEvents!$D$2:$D$160,"reward_credited") -> 1 | T82: =COUNTIFS(Data_RewardEvents!$B$2:$B$160,A82,Data_RewardEvents!$D$2:$D$160,"reward_reversed") -> 0 | U82: =COUNTIFS(Data_RewardEvents!$B$2:$B$160,A82,Data_RewardEvents!$D$2:$D$160,"reward_corrected") -> 0 | V82: =SUMIFS(Data_RewardEvents!$F$2:$F$160,Data_RewardEvents!$B$2:$B$160,A82,Data_RewardEvents!$D$2:$D$160,"reward_credited")+SUMIFS(Data_RewardEvents!$F$2:$F$160,Data_RewardEvents!$B$2:$B$160,A82,Data_RewardEvents!$D$2:$D$160,"reward_reversed")+SUMIFS(Data_RewardEvents!$F$2:$F$160,Data_RewardEvents!$B$2:$B$160,A82,Data_RewardEvents!$D$2:$D$160,"reward_corrected") -> 10 | W82: =IF(S82>0,_xlfn.MINIFS(Data_RewardEvents!$E$2:$E$160,Data_RewardEvents!$B$2:$B$160,A82,Data_RewardEvents!$D$2:$D$160,"reward_credited"),"") -> 46292.378 | X82: =IF(W82="","",(W82-J82)*24) -> 0.12810234 | Y82: =IF(I82<>"",1,0) -> 1 | Z82: =IF(K82="completed",1,0) -> 1 | AA82: =IF(L82="validated",1,0) -> 1 | AB82: =IF(S82>0,1,0) -> 1
A83: T00082 | B83: offer_install | C83: Offers | D83: U0005 | E83: Offerwall_A | F83: third_party | G83: EXT-28455 | H83: 46299.269 | I83: 46299.278 | K83: abandoned | M83: 100 | N83: =README!$B$14 -> points | O83: user_abandoned | P83: user | Q83: =IF(AND(I83<>"",J83<>""),(J83-I83)*1440,"") | R83: =COUNTIFS(Data_RewardEvents!$B$2:$B$160,A83,Data_RewardEvents!$D$2:$D$160,"reward_pending") -> 0 | S83: =COUNTIFS(Data_RewardEvents!$B$2:$B$160,A83,Data_RewardEvents!$D$2:$D$160,"reward_credited") -> 0 | T83: =COUNTIFS(Data_RewardEvents!$B$2:$B$160,A83,Data_RewardEvents!$D$2:$D$160,"reward_reversed") -> 0 | U83: =COUNTIFS(Data_RewardEvents!$B$2:$B$160,A83,Data_RewardEvents!$D$2:$D$160,"reward_corrected") -> 0 | V83: =SUMIFS(Data_RewardEvents!$F$2:$F$160,Data_RewardEvents!$B$2:$B$160,A83,Data_RewardEvents!$D$2:$D$160,"reward_credited")+SUMIFS(Data_RewardEvents!$F$2:$F$160,Data_RewardEvents!$B$2:$B$160,A83,Data_RewardEvents!$D$2:$D$160,"reward_reversed")+SUMIFS(Data_RewardEvents!$F$2:$F$160,Data_RewardEvents!$B$2:$B$160,A83,Data_RewardEvents!$D$2:$D$160,"reward_corrected") -> 0 | W83: =IF(S83>0,_xlfn.MINIFS(Data_RewardEvents!$E$2:$E$160,Data_RewardEvents!$B$2:$B$160,A83,Data_RewardEvents!$D$2:$D$160,"reward_credited"),"") | X83: =IF(W83="","",(W83-J83)*24) | Y83: =IF(I83<>"",1,0) -> 1 | Z83: =IF(K83="completed",1,0) -> 0 | AA83: =IF(L83="validated",1,0) -> 0 | AB83: =IF(S83>0,1,0) -> 0
A84: T00083 | B84: offer_install | C84: Offers | D84: U0011 | E84: Offerwall_A | F84: third_party | G84: EXT-37589 | H84: 46289.683 | I84: 46289.701 | K84: abandoned | M84: 100 | N84: =README!$B$14 -> points | O84: user_abandoned | P84: user | Q84: =IF(AND(I84<>"",J84<>""),(J84-I84)*1440,"") | R84: =COUNTIFS(Data_RewardEvents!$B$2:$B$160,A84,Data_RewardEvents!$D$2:$D$160,"reward_pending") -> 0 | S84: =COUNTIFS(Data_RewardEvents!$B$2:$B$160,A84,Data_RewardEvents!$D$2:$D$160,"reward_credited") -> 0 | T84: =COUNTIFS(Data_RewardEvents!$B$2:$B$160,A84,Data_RewardEvents!$D$2:$D$160,"reward_reversed") -> 0 | U84: =COUNTIFS(Data_RewardEvents!$B$2:$B$160,A84,Data_RewardEvents!$D$2:$D$160,"reward_corrected") -> 0 | V84: =SUMIFS(Data_RewardEvents!$F$2:$F$160,Data_RewardEvents!$B$2:$B$160,A84,Data_RewardEvents!$D$2:$D$160,"reward_credited")+SUMIFS(Data_RewardEvents!$F$2:$F$160,Data_RewardEvents!$B$2:$B$160,A84,Data_RewardEvents!$D$2:$D$160,"reward_reversed")+SUMIFS(Data_RewardEvents!$F$2:$F$160,Data_RewardEvents!$B$2:$B$160,A84,Data_RewardEvents!$D$2:$D$160,"reward_corrected") -> 0 | W84: =IF(S84>0,_xlfn.MINIFS(Data_RewardEvents!$E$2:$E$160,Data_RewardEvents!$B$2:$B$160,A84,Data_RewardEvents!$D$2:$D$160,"reward_credited"),"") | X84: =IF(W84="","",(W84-J84)*24) | Y84: =IF(I84<>"",1,0) -> 1 | Z84: =IF(K84="completed",1,0) -> 0 | AA84: =IF(L84="validated",1,0) -> 0 | AB84: =IF(S84>0,1,0) -> 0
A85: T00084 | B85: game_milestone | C85: Games | D85: U0052 | E85: GamePartner_B | F85: third_party | G85: EXT-34130 | H85: 46286.422 | I85: 46286.428 | K85: abandoned | M85: 30 | N85: =README!$B$14 -> points | O85: user_abandoned | P85: user | Q85: =IF(AND(I85<>"",J85<>""),(J85-I85)*1440,"") | R85: =COUNTIFS(Data_RewardEvents!$B$2:$B$160,A85,Data_RewardEvents!$D$2:$D$160,"reward_pending") -> 0 | S85: =COUNTIFS(Data_RewardEvents!$B$2:$B$160,A85,Data_RewardEvents!$D$2:$D$160,"reward_credited") -> 0 | T85: =COUNTIFS(Data_RewardEvents!$B$2:$B$160,A85,Data_RewardEvents!$D$2:$D$160,"reward_reversed") -> 0 | U85: =COUNTIFS(Data_RewardEvents!$B$2:$B$160,A85,Data_RewardEvents!$D$2:$D$160,"reward_corrected") -> 0 | V85: =SUMIFS(Data_RewardEvents!$F$2:$F$160,Data_RewardEvents!$B$2:$B$160,A85,Data_RewardEvents!$D$2:$D$160,"reward_credited")+SUMIFS(Data_RewardEvents!$F$2:$F$160,Data_RewardEvents!$B$2:$B$160,A85,Data_RewardEvents!$D$2:$D$160,"reward_reversed")+SUMIFS(Data_RewardEvents!$F$2:$F$160,Data_RewardEvents!$B$2:$B$160,A85,Data_RewardEvents!$D$2:$D$160,"reward_corrected") -> 0 | W85: =IF(S85>0,_xlfn.MINIFS(Data_RewardEvents!$E$2:$E$160,Data_RewardEvents!$B$2:$B$160,A85,Data_RewardEvents!$D$2:$D$160,"reward_credited"),"") | X85: =IF(W85="","",(W85-J85)*24) | Y85: =IF(I85<>"",1,0) -> 1 | Z85: =IF(K85="completed",1,0) -> 0 | AA85: =IF(L85="validated",1,0) -> 0 | AB85: =IF(S85>0,1,0) -> 0
A86: T00085 | B86: in_app_action | C86: In-app tasks | D86: U0048 | E86: VELOOP | F86: first_party | H86: 46299.997 | I86: 46300.001 | J86: 46300.003 | K86: completed | L86: validated | M86: 10 | N86: =README!$B$14 -> points | Q86: =IF(AND(I86<>"",J86<>""),(J86-I86)*1440,"") -> 2.4408482 | R86: =COUNTIFS(Data_RewardEvents!$B$2:$B$160,A86,Data_RewardEvents!$D$2:$D$160,"reward_pending") -> 0 | S86: =COUNTIFS(Data_RewardEvents!$B$2:$B$160,A86,Data_RewardEvents!$D$2:$D$160,"reward_credited") -> 1 | T86: =COUNTIFS(Data_RewardEvents!$B$2:$B$160,A86,Data_RewardEvents!$D$2:$D$160,"reward_reversed") -> 0 | U86: =COUNTIFS(Data_RewardEvents!$B$2:$B$160,A86,Data_RewardEvents!$D$2:$D$160,"reward_corrected") -> 0 | V86: =SUMIFS(Data_RewardEvents!$F$2:$F$160,Data_RewardEvents!$B$2:$B$160,A86,Data_RewardEvents!$D$2:$D$160,"reward_credited")+SUMIFS(Data_RewardEvents!$F$2:$F$160,Data_RewardEvents!$B$2:$B$160,A86,Data_RewardEvents!$D$2:$D$160,"reward_reversed")+SUMIFS(Data_RewardEvents!$F$2:$F$160,Data_RewardEvents!$B$2:$B$160,A86,Data_RewardEvents!$D$2:$D$160,"reward_corrected") -> 10 | W86: =IF(S86>0,_xlfn.MINIFS(Data_RewardEvents!$E$2:$E$160,Data_RewardEvents!$B$2:$B$160,A86,Data_RewardEvents!$D$2:$D$160,"reward_credited"),"") -> 46300.009 | X86: =IF(W86="","",(W86-J86)*24) -> 0.15191787 | Y86: =IF(I86<>"",1,0) -> 1 | Z86: =IF(K86="completed",1,0) -> 1 | AA86: =IF(L86="validated",1,0) -> 1 | AB86: =IF(S86>0,1,0) -> 1
A87: T00086 | B87: offer_install | C87: Offers | D87: U0038 | E87: Offerwall_B | F87: third_party | G87: EXT-19818 | H87: 46300.758 | K87: discovered | M87: 100 | N87: =README!$B$14 -> points | Q87: =IF(AND(I87<>"",J87<>""),(J87-I87)*1440,"") | R87: =COUNTIFS(Data_RewardEvents!$B$2:$B$160,A87,Data_RewardEvents!$D$2:$D$160,"reward_pending") -> 0 | S87: =COUNTIFS(Data_RewardEvents!$B$2:$B$160,A87,Data_RewardEvents!$D$2:$D$160,"reward_credited") -> 0 | T87: =COUNTIFS(Data_RewardEvents!$B$2:$B$160,A87,Data_RewardEvents!$D$2:$D$160,"reward_reversed") -> 0 | U87: =COUNTIFS(Data_RewardEvents!$B$2:$B$160,A87,Data_RewardEvents!$D$2:$D$160,"reward_corrected") -> 0 | V87: =SUMIFS(Data_RewardEvents!$F$2:$F$160,Data_RewardEvents!$B$2:$B$160,A87,Data_RewardEvents!$D$2:$D$160,"reward_credited")+SUMIFS(Data_RewardEvents!$F$2:$F$160,Data_RewardEvents!$B$2:$B$160,A87,Data_RewardEvents!$D$2:$D$160,"reward_reversed")+SUMIFS(Data_RewardEvents!$F$2:$F$160,Data_RewardEvents!$B$2:$B$160,A87,Data_RewardEvents!$D$2:$D$160,"reward_corrected") -> 0 | W87: =IF(S87>0,_xlfn.MINIFS(Data_RewardEvents!$E$2:$E$160,Data_RewardEvents!$B$2:$B$160,A87,Data_RewardEvents!$D$2:$D$160,"reward_credited"),"") | X87: =IF(W87="","",(W87-J87)*24) | Y87: =IF(I87<>"",1,0) -> 0 | Z87: =IF(K87="completed",1,0) -> 0 | AA87: =IF(L87="validated",1,0) -> 0 | AB87: =IF(S87>0,1,0) -> 0
A88: T00087 | B88: video_view | C88: Advertisements | D88: U0050 | E88: AdNetwork_B | F88: third_party | G88: EXT-39876 | H88: 46295.784 | I88: 46295.79 | J88: 46295.791 | K88: completed | L88: validated | M88: 5 | N88: =README!$B$14 -> points | Q88: =IF(AND(I88<>"",J88<>""),(J88-I88)*1440,"") -> 0.682539 | R88: =COUNTIFS(Data_RewardEvents!$B$2:$B$160,A88,Data_RewardEvents!$D$2:$D$160,"reward_pending") -> 0 | S88: =COUNTIFS(Data_RewardEvents!$B$2:$B$160,A88,Data_RewardEvents!$D$2:$D$160,"reward_credited") -> 1 | T88: =COUNTIFS(Data_RewardEvents!$B$2:$B$160,A88,Data_RewardEvents!$D$2:$D$160,"reward_reversed") -> 0 | U88: =COUNTIFS(Data_RewardEvents!$B$2:$B$160,A88,Data_RewardEvents!$D$2:$D$160,"reward_corrected") -> 0 | V88: =SUMIFS(Data_RewardEvents!$F$2:$F$160,Data_RewardEvents!$B$2:$B$160,A88,Data_RewardEvents!$D$2:$D$160,"reward_credited")+SUMIFS(Data_RewardEvents!$F$2:$F$160,Data_RewardEvents!$B$2:$B$160,A88,Data_RewardEvents!$D$2:$D$160,"reward_reversed")+SUMIFS(Data_RewardEvents!$F$2:$F$160,Data_RewardEvents!$B$2:$B$160,A88,Data_RewardEvents!$D$2:$D$160,"reward_corrected") -> 5 | W88: =IF(S88>0,_xlfn.MINIFS(Data_RewardEvents!$E$2:$E$160,Data_RewardEvents!$B$2:$B$160,A88,Data_RewardEvents!$D$2:$D$160,"reward_credited"),"") -> 46295.796 | X88: =IF(W88="","",(W88-J88)*24) -> 0.13709813 | Y88: =IF(I88<>"",1,0) -> 1 | Z88: =IF(K88="completed",1,0) -> 1 | AA88: =IF(L88="validated",1,0) -> 1 | AB88: =IF(S88>0,1,0) -> 1
A89: T00088 | B89: game_milestone | C89: Games | D89: U0020 | E89: GamePartner_A | F89: third_party | G89: EXT-74500 | H89: 46304.714 | I89: 46304.728 | K89: abandoned | M89: 30 | N89: =README!$B$14 -> points | O89: user_abandoned | P89: user | Q89: =IF(AND(I89<>"",J89<>""),(J89-I89)*1440,"") | R89: =COUNTIFS(Data_RewardEvents!$B$2:$B$160,A89,Data_RewardEvents!$D$2:$D$160,"reward_pending") -> 0 | S89: =COUNTIFS(Data_RewardEvents!$B$2:$B$160,A89,Data_RewardEvents!$D$2:$D$160,"reward_credited") -> 0 | T89: =COUNTIFS(Data_RewardEvents!$B$2:$B$160,A89,Data_RewardEvents!$D$2:$D$160,"reward_reversed") -> 0 | U89: =COUNTIFS(Data_RewardEvents!$B$2:$B$160,A89,Data_RewardEvents!$D$2:$D$160,"reward_corrected") -> 0 | V89: =SUMIFS(Data_RewardEvents!$F$2:$F$160,Data_RewardEvents!$B$2:$B$160,A89,Data_RewardEvents!$D$2:$D$160,"reward_credited")+SUMIFS(Data_RewardEvents!$F$2:$F$160,Data_RewardEvents!$B$2:$B$160,A89,Data_RewardEvents!$D$2:$D$160,"reward_reversed")+SUMIFS(Data_RewardEvents!$F$2:$F$160,Data_RewardEvents!$B$2:$B$160,A89,Data_RewardEvents!$D$2:$D$160,"reward_corrected") -> 0 | W89: =IF(S89>0,_xlfn.MINIFS(Data_RewardEvents!$E$2:$E$160,Data_RewardEvents!$B$2:$B$160,A89,Data_RewardEvents!$D$2:$D$160,"reward_credited"),"") | X89: =IF(W89="","",(W89-J89)*24) | Y89: =IF(I89<>"",1,0) -> 1 | Z89: =IF(K89="completed",1,0) -> 0 | AA89: =IF(L89="validated",1,0) -> 0 | AB89: =IF(S89>0,1,0) -> 0
A90: T00089 | B90: survey_complete | C90: Surveys | D90: U0069 | E90: SurveyProv_A | F90: third_party | G90: EXT-83630 | H90: 46293.586 | I90: 46293.599 | J90: 46293.604 | K90: completed | L90: validated | M90: 50 | N90: =README!$B$14 -> points | Q90: =IF(AND(I90<>"",J90<>""),(J90-I90)*1440,"") -> 7.4213207 | R90: =COUNTIFS(Data_RewardEvents!$B$2:$B$160,A90,Data_RewardEvents!$D$2:$D$160,"reward_pending") -> 1 | S90: =COUNTIFS(Data_RewardEvents!$B$2:$B$160,A90,Data_RewardEvents!$D$2:$D$160,"reward_credited") -> 1 | T90: =COUNTIFS(Data_RewardEvents!$B$2:$B$160,A90,Data_RewardEvents!$D$2:$D$160,"reward_reversed") -> 0 | U90: =COUNTIFS(Data_RewardEvents!$B$2:$B$160,A90,Data_RewardEvents!$D$2:$D$160,"reward_corrected") -> 0 | V90: =SUMIFS(Data_RewardEvents!$F$2:$F$160,Data_RewardEvents!$B$2:$B$160,A90,Data_RewardEvents!$D$2:$D$160,"reward_credited")+SUMIFS(Data_RewardEvents!$F$2:$F$160,Data_RewardEvents!$B$2:$B$160,A90,Data_RewardEvents!$D$2:$D$160,"reward_reversed")+SUMIFS(Data_RewardEvents!$F$2:$F$160,Data_RewardEvents!$B$2:$B$160,A90,Data_RewardEvents!$D$2:$D$160,"reward_corrected") -> 50 | W90: =IF(S90>0,_xlfn.MINIFS(Data_RewardEvents!$E$2:$E$160,Data_RewardEvents!$B$2:$B$160,A90,Data_RewardEvents!$D$2:$D$160,"reward_credited"),"") -> 46295.791 | X90: =IF(W90="","",(W90-J90)*24) -> 52.49304 | Y90: =IF(I90<>"",1,0) -> 1 | Z90: =IF(K90="completed",1,0) -> 1 | AA90: =IF(L90="validated",1,0) -> 1 | AB90: =IF(S90>0,1,0) -> 1
A91: T00090 | B91: game_milestone | C91: Games | D91: U0028 | E91: GamePartner_A | F91: third_party | G91: EXT-61258 | H91: 46302.181 | I91: 46302.181 | K91: abandoned | M91: 30 | N91: =README!$B$14 -> points | O91: user_abandoned | P91: user | Q91: =IF(AND(I91<>"",J91<>""),(J91-I91)*1440,"") | R91: =COUNTIFS(Data_RewardEvents!$B$2:$B$160,A91,Data_RewardEvents!$D$2:$D$160,"reward_pending") -> 0 | S91: =COUNTIFS(Data_RewardEvents!$B$2:$B$160,A91,Data_RewardEvents!$D$2:$D$160,"reward_credited") -> 0 | T91: =COUNTIFS(Data_RewardEvents!$B$2:$B$160,A91,Data_RewardEvents!$D$2:$D$160,"reward_reversed") -> 0 | U91: =COUNTIFS(Data_RewardEvents!$B$2:$B$160,A91,Data_RewardEvents!$D$2:$D$160,"reward_corrected") -> 0 | V91: =SUMIFS(Data_RewardEvents!$F$2:$F$160,Data_RewardEvents!$B$2:$B$160,A91,Data_RewardEvents!$D$2:$D$160,"reward_credited")+SUMIFS(Data_RewardEvents!$F$2:$F$160,Data_RewardEvents!$B$2:$B$160,A91,Data_RewardEvents!$D$2:$D$160,"reward_reversed")+SUMIFS(Data_RewardEvents!$F$2:$F$160,Data_RewardEvents!$B$2:$B$160,A91,Data_RewardEvents!$D$2:$D$160,"reward_corrected") -> 0 | W91: =IF(S91>0,_xlfn.MINIFS(Data_RewardEvents!$E$2:$E$160,Data_RewardEvents!$B$2:$B$160,A91,Data_RewardEvents!$D$2:$D$160,"reward_credited"),"") | X91: =IF(W91="","",(W91-J91)*24) | Y91: =IF(I91<>"",1,0) -> 1 | Z91: =IF(K91="completed",1,0) -> 0 | AA91: =IF(L91="validated",1,0) -> 0 | AB91: =IF(S91>0,1,0) -> 0
A92: T00091 | B92: video_view | C92: Advertisements | D92: U0048 | E92: AdNetwork_B | F92: third_party | G92: EXT-47435 | H92: 46297.906 | I92: 46297.915 | K92: abandoned | M92: 5 | N92: =README!$B$14 -> points | O92: user_abandoned | P92: user | Q92: =IF(AND(I92<>"",J92<>""),(J92-I92)*1440,"") | R92: =COUNTIFS(Data_RewardEvents!$B$2:$B$160,A92,Data_RewardEvents!$D$2:$D$160,"reward_pending") -> 0 | S92: =COUNTIFS(Data_RewardEvents!$B$2:$B$160,A92,Data_RewardEvents!$D$2:$D$160,"reward_credited") -> 0 | T92: =COUNTIFS(Data_RewardEvents!$B$2:$B$160,A92,Data_RewardEvents!$D$2:$D$160,"reward_reversed") -> 0 | U92: =COUNTIFS(Data_RewardEvents!$B$2:$B$160,A92,Data_RewardEvents!$D$2:$D$160,"reward_corrected") -> 0 | V92: =SUMIFS(Data_RewardEvents!$F$2:$F$160,Data_RewardEvents!$B$2:$B$160,A92,Data_RewardEvents!$D$2:$D$160,"reward_credited")+SUMIFS(Data_RewardEvents!$F$2:$F$160,Data_RewardEvents!$B$2:$B$160,A92,Data_RewardEvents!$D$2:$D$160,"reward_reversed")+SUMIFS(Data_RewardEvents!$F$2:$F$160,Data_RewardEvents!$B$2:$B$160,A92,Data_RewardEvents!$D$2:$D$160,"reward_corrected") -> 0 | W92: =IF(S92>0,_xlfn.MINIFS(Data_RewardEvents!$E$2:$E$160,Data_RewardEvents!$B$2:$B$160,A92,Data_RewardEvents!$D$2:$D$160,"reward_credited"),"") | X92: =IF(W92="","",(W92-J92)*24) | Y92: =IF(I92<>"",1,0) -> 1 | Z92: =IF(K92="completed",1,0) -> 0 | AA92: =IF(L92="validated",1,0) -> 0 | AB92: =IF(S92>0,1,0) -> 0
A93: T00092 | B93: offer_install | C93: Offers | D93: U0060 | E93: Offerwall_A | F93: third_party | G93: EXT-31654 | H93: 46292.719 | K93: discovered | M93: 100 | N93: =README!$B$14 -> points | Q93: =IF(AND(I93<>"",J93<>""),(J93-I93)*1440,"") | R93: =COUNTIFS(Data_RewardEvents!$B$2:$B$160,A93,Data_RewardEvents!$D$2:$D$160,"reward_pending") -> 0 | S93: =COUNTIFS(Data_RewardEvents!$B$2:$B$160,A93,Data_RewardEvents!$D$2:$D$160,"reward_credited") -> 0 | T93: =COUNTIFS(Data_RewardEvents!$B$2:$B$160,A93,Data_RewardEvents!$D$2:$D$160,"reward_reversed") -> 0 | U93: =COUNTIFS(Data_RewardEvents!$B$2:$B$160,A93,Data_RewardEvents!$D$2:$D$160,"reward_corrected") -> 0 | V93: =SUMIFS(Data_RewardEvents!$F$2:$F$160,Data_RewardEvents!$B$2:$B$160,A93,Data_RewardEvents!$D$2:$D$160,"reward_credited")+SUMIFS(Data_RewardEvents!$F$2:$F$160,Data_RewardEvents!$B$2:$B$160,A93,Data_RewardEvents!$D$2:$D$160,"reward_reversed")+SUMIFS(Data_RewardEvents!$F$2:$F$160,Data_RewardEvents!$B$2:$B$160,A93,Data_RewardEvents!$D$2:$D$160,"reward_corrected") -> 0 | W93: =IF(S93>0,_xlfn.MINIFS(Data_RewardEvents!$E$2:$E$160,Data_RewardEvents!$B$2:$B$160,A93,Data_RewardEvents!$D$2:$D$160,"reward_credited"),"") | X93: =IF(W93="","",(W93-J93)*24) | Y93: =IF(I93<>"",1,0) -> 0 | Z93: =IF(K93="completed",1,0) -> 0 | AA93: =IF(L93="validated",1,0) -> 0 | AB93: =IF(S93>0,1,0) -> 0
A94: T00093 | B94: survey_complete | C94: Surveys | D94: U0015 | E94: SurveyProv_B | F94: third_party | G94: EXT-66874 | H94: 46288.877 | I94: 46288.888 | K94: failed | M94: 50 | N94: =README!$B$14 -> points | O94: tracking_failed | P94: third_party | Q94: =IF(AND(I94<>"",J94<>""),(J94-I94)*1440,"") | R94: =COUNTIFS(Data_RewardEvents!$B$2:$B$160,A94,Data_RewardEvents!$D$2:$D$160,"reward_pending") -> 0 | S94: =COUNTIFS(Data_RewardEvents!$B$2:$B$160,A94,Data_RewardEvents!$D$2:$D$160,"reward_credited") -> 0 | T94: =COUNTIFS(Data_RewardEvents!$B$2:$B$160,A94,Data_RewardEvents!$D$2:$D$160,"reward_reversed") -> 0 | U94: =COUNTIFS(Data_RewardEvents!$B$2:$B$160,A94,Data_RewardEvents!$D$2:$D$160,"reward_corrected") -> 0 | V94: =SUMIFS(Data_RewardEvents!$F$2:$F$160,Data_RewardEvents!$B$2:$B$160,A94,Data_RewardEvents!$D$2:$D$160,"reward_credited")+SUMIFS(Data_RewardEvents!$F$2:$F$160,Data_RewardEvents!$B$2:$B$160,A94,Data_RewardEvents!$D$2:$D$160,"reward_reversed")+SUMIFS(Data_RewardEvents!$F$2:$F$160,Data_RewardEvents!$B$2:$B$160,A94,Data_RewardEvents!$D$2:$D$160,"reward_corrected") -> 0 | W94: =IF(S94>0,_xlfn.MINIFS(Data_RewardEvents!$E$2:$E$160,Data_RewardEvents!$B$2:$B$160,A94,Data_RewardEvents!$D$2:$D$160,"reward_credited"),"") | X94: =IF(W94="","",(W94-J94)*24) | Y94: =IF(I94<>"",1,0) -> 1 | Z94: =IF(K94="completed",1,0) -> 0 | AA94: =IF(L94="validated",1,0) -> 0 | AB94: =IF(S94>0,1,0) -> 0
A95: T00094 | B95: offer_install | C95: Offers | D95: U0061 | E95: Offerwall_B | F95: third_party | G95: EXT-77525 | H95: 46293.354 | K95: discovered | M95: 100 | N95: =README!$B$14 -> points | Q95: =IF(AND(I95<>"",J95<>""),(J95-I95)*1440,"") | R95: =COUNTIFS(Data_RewardEvents!$B$2:$B$160,A95,Data_RewardEvents!$D$2:$D$160,"reward_pending") -> 0 | S95: =COUNTIFS(Data_RewardEvents!$B$2:$B$160,A95,Data_RewardEvents!$D$2:$D$160,"reward_credited") -> 0 | T95: =COUNTIFS(Data_RewardEvents!$B$2:$B$160,A95,Data_RewardEvents!$D$2:$D$160,"reward_reversed") -> 0 | U95: =COUNTIFS(Data_RewardEvents!$B$2:$B$160,A95,Data_RewardEvents!$D$2:$D$160,"reward_corrected") -> 0 | V95: =SUMIFS(Data_RewardEvents!$F$2:$F$160,Data_RewardEvents!$B$2:$B$160,A95,Data_RewardEvents!$D$2:$D$160,"reward_credited")+SUMIFS(Data_RewardEvents!$F$2:$F$160,Data_RewardEvents!$B$2:$B$160,A95,Data_RewardEvents!$D$2:$D$160,"reward_reversed")+SUMIFS(Data_RewardEvents!$F$2:$F$160,Data_RewardEvents!$B$2:$B$160,A95,Data_RewardEvents!$D$2:$D$160,"reward_corrected") -> 0 | W95: =IF(S95>0,_xlfn.MINIFS(Data_RewardEvents!$E$2:$E$160,Data_RewardEvents!$B$2:$B$160,A95,Data_RewardEvents!$D$2:$D$160,"reward_credited"),"") | X95: =IF(W95="","",(W95-J95)*24) | Y95: =IF(I95<>"",1,0) -> 0 | Z95: =IF(K95="completed",1,0) -> 0 | AA95: =IF(L95="validated",1,0) -> 0 | AB95: =IF(S95>0,1,0) -> 0
A96: T00095 | B96: offer_install | C96: Offers | D96: U0057 | E96: Offerwall_A | F96: third_party | G96: EXT-72110 | H96: 46299.585 | K96: discovered | M96: 100 | N96: =README!$B$14 -> points | Q96: =IF(AND(I96<>"",J96<>""),(J96-I96)*1440,"") | R96: =COUNTIFS(Data_RewardEvents!$B$2:$B$160,A96,Data_RewardEvents!$D$2:$D$160,"reward_pending") -> 0 | S96: =COUNTIFS(Data_RewardEvents!$B$2:$B$160,A96,Data_RewardEvents!$D$2:$D$160,"reward_credited") -> 0 | T96: =COUNTIFS(Data_RewardEvents!$B$2:$B$160,A96,Data_RewardEvents!$D$2:$D$160,"reward_reversed") -> 0 | U96: =COUNTIFS(Data_RewardEvents!$B$2:$B$160,A96,Data_RewardEvents!$D$2:$D$160,"reward_corrected") -> 0 | V96: =SUMIFS(Data_RewardEvents!$F$2:$F$160,Data_RewardEvents!$B$2:$B$160,A96,Data_RewardEvents!$D$2:$D$160,"reward_credited")+SUMIFS(Data_RewardEvents!$F$2:$F$160,Data_RewardEvents!$B$2:$B$160,A96,Data_RewardEvents!$D$2:$D$160,"reward_reversed")+SUMIFS(Data_RewardEvents!$F$2:$F$160,Data_RewardEvents!$B$2:$B$160,A96,Data_RewardEvents!$D$2:$D$160,"reward_corrected") -> 0 | W96: =IF(S96>0,_xlfn.MINIFS(Data_RewardEvents!$E$2:$E$160,Data_RewardEvents!$B$2:$B$160,A96,Data_RewardEvents!$D$2:$D$160,"reward_credited"),"") | X96: =IF(W96="","",(W96-J96)*24) | Y96: =IF(I96<>"",1,0) -> 0 | Z96: =IF(K96="completed",1,0) -> 0 | AA96: =IF(L96="validated",1,0) -> 0 | AB96: =IF(S96>0,1,0) -> 0
A97: T00096 | B97: game_milestone | C97: Games | D97: U0067 | E97: GamePartner_A | F97: third_party | G97: EXT-28515 | H97: 46303.166 | K97: discovered | M97: 30 | N97: =README!$B$14 -> points | Q97: =IF(AND(I97<>"",J97<>""),(J97-I97)*1440,"") | R97: =COUNTIFS(Data_RewardEvents!$B$2:$B$160,A97,Data_RewardEvents!$D$2:$D$160,"reward_pending") -> 0 | S97: =COUNTIFS(Data_RewardEvents!$B$2:$B$160,A97,Data_RewardEvents!$D$2:$D$160,"reward_credited") -> 0 | T97: =COUNTIFS(Data_RewardEvents!$B$2:$B$160,A97,Data_RewardEvents!$D$2:$D$160,"reward_reversed") -> 0 | U97: =COUNTIFS(Data_RewardEvents!$B$2:$B$160,A97,Data_RewardEvents!$D$2:$D$160,"reward_corrected") -> 0 | V97: =SUMIFS(Data_RewardEvents!$F$2:$F$160,Data_RewardEvents!$B$2:$B$160,A97,Data_RewardEvents!$D$2:$D$160,"reward_credited")+SUMIFS(Data_RewardEvents!$F$2:$F$160,Data_RewardEvents!$B$2:$B$160,A97,Data_RewardEvents!$D$2:$D$160,"reward_reversed")+SUMIFS(Data_RewardEvents!$F$2:$F$160,Data_RewardEvents!$B$2:$B$160,A97,Data_RewardEvents!$D$2:$D$160,"reward_corrected") -> 0 | W97: =IF(S97>0,_xlfn.MINIFS(Data_RewardEvents!$E$2:$E$160,Data_RewardEvents!$B$2:$B$160,A97,Data_RewardEvents!$D$2:$D$160,"reward_credited"),"") | X97: =IF(W97="","",(W97-J97)*24) | Y97: =IF(I97<>"",1,0) -> 0 | Z97: =IF(K97="completed",1,0) -> 0 | AA97: =IF(L97="validated",1,0) -> 0 | AB97: =IF(S97>0,1,0) -> 0
A98: T00097 | B98: offer_install | C98: Offers | D98: U0011 | E98: Offerwall_B | F98: third_party | G98: EXT-91305 | H98: 46304.399 | K98: discovered | M98: 100 | N98: =README!$B$14 -> points | Q98: =IF(AND(I98<>"",J98<>""),(J98-I98)*1440,"") | R98: =COUNTIFS(Data_RewardEvents!$B$2:$B$160,A98,Data_RewardEvents!$D$2:$D$160,"reward_pending") -> 0 | S98: =COUNTIFS(Data_RewardEvents!$B$2:$B$160,A98,Data_RewardEvents!$D$2:$D$160,"reward_credited") -> 0 | T98: =COUNTIFS(Data_RewardEvents!$B$2:$B$160,A98,Data_RewardEvents!$D$2:$D$160,"reward_reversed") -> 0 | U98: =COUNTIFS(Data_RewardEvents!$B$2:$B$160,A98,Data_RewardEvents!$D$2:$D$160,"reward_corrected") -> 0 | V98: =SUMIFS(Data_RewardEvents!$F$2:$F$160,Data_RewardEvents!$B$2:$B$160,A98,Data_RewardEvents!$D$2:$D$160,"reward_credited")+SUMIFS(Data_RewardEvents!$F$2:$F$160,Data_RewardEvents!$B$2:$B$160,A98,Data_RewardEvents!$D$2:$D$160,"reward_reversed")+SUMIFS(Data_RewardEvents!$F$2:$F$160,Data_RewardEvents!$B$2:$B$160,A98,Data_RewardEvents!$D$2:$D$160,"reward_corrected") -> 0 | W98: =IF(S98>0,_xlfn.MINIFS(Data_RewardEvents!$E$2:$E$160,Data_RewardEvents!$B$2:$B$160,A98,Data_RewardEvents!$D$2:$D$160,"reward_credited"),"") | X98: =IF(W98="","",(W98-J98)*24) | Y98: =IF(I98<>"",1,0) -> 0 | Z98: =IF(K98="completed",1,0) -> 0 | AA98: =IF(L98="validated",1,0) -> 0 | AB98: =IF(S98>0,1,0) -> 0
A99: T00098 | B99: video_view | C99: Advertisements | D99: U0001 | E99: AdNetwork_B | F99: third_party | G99: EXT-28746 | H99: 46297.558 | K99: discovered | M99: 5 | N99: =README!$B$14 -> points | Q99: =IF(AND(I99<>"",J99<>""),(J99-I99)*1440,"") | R99: =COUNTIFS(Data_RewardEvents!$B$2:$B$160,A99,Data_RewardEvents!$D$2:$D$160,"reward_pending") -> 0 | S99: =COUNTIFS(Data_RewardEvents!$B$2:$B$160,A99,Data_RewardEvents!$D$2:$D$160,"reward_credited") -> 0 | T99: =COUNTIFS(Data_RewardEvents!$B$2:$B$160,A99,Data_RewardEvents!$D$2:$D$160,"reward_reversed") -> 0 | U99: =COUNTIFS(Data_RewardEvents!$B$2:$B$160,A99,Data_RewardEvents!$D$2:$D$160,"reward_corrected") -> 0 | V99: =SUMIFS(Data_RewardEvents!$F$2:$F$160,Data_RewardEvents!$B$2:$B$160,A99,Data_RewardEvents!$D$2:$D$160,"reward_credited")+SUMIFS(Data_RewardEvents!$F$2:$F$160,Data_RewardEvents!$B$2:$B$160,A99,Data_RewardEvents!$D$2:$D$160,"reward_reversed")+SUMIFS(Data_RewardEvents!$F$2:$F$160,Data_RewardEvents!$B$2:$B$160,A99,Data_RewardEvents!$D$2:$D$160,"reward_corrected") -> 0 | W99: =IF(S99>0,_xlfn.MINIFS(Data_RewardEvents!$E$2:$E$160,Data_RewardEvents!$B$2:$B$160,A99,Data_RewardEvents!$D$2:$D$160,"reward_credited"),"") | X99: =IF(W99="","",(W99-J99)*24) | Y99: =IF(I99<>"",1,0) -> 0 | Z99: =IF(K99="completed",1,0) -> 0 | AA99: =IF(L99="validated",1,0) -> 0 | AB99: =IF(S99>0,1,0) -> 0
A100: T00099 | B100: offer_install | C100: Offers | D100: U0058 | E100: Offerwall_B | F100: third_party | G100: EXT-82113 | H100: 46299.711 | I100: 46299.715 | J100: 46299.807 | K100: completed | L100: validated | M100: 100 | N100: =README!$B$14 -> points | Q100: =IF(AND(I100<>"",J100<>""),(J100-I100)*1440,"") -> 131.5107 | R100: =COUNTIFS(Data_RewardEvents!$B$2:$B$160,A100,Data_RewardEvents!$D$2:$D$160,"reward_pending") -> 1 | S100: =COUNTIFS(Data_RewardEvents!$B$2:$B$160,A100,Data_RewardEvents!$D$2:$D$160,"reward_credited") -> 1 | T100: =COUNTIFS(Data_RewardEvents!$B$2:$B$160,A100,Data_RewardEvents!$D$2:$D$160,"reward_reversed") -> 0 | U100: =COUNTIFS(Data_RewardEvents!$B$2:$B$160,A100,Data_RewardEvents!$D$2:$D$160,"reward_corrected") -> 1 | V100: =SUMIFS(Data_RewardEvents!$F$2:$F$160,Data_RewardEvents!$B$2:$B$160,A100,Data_RewardEvents!$D$2:$D$160,"reward_credited")+SUMIFS(Data_RewardEvents!$F$2:$F$160,Data_RewardEvents!$B$2:$B$160,A100,Data_RewardEvents!$D$2:$D$160,"reward_reversed")+SUMIFS(Data_RewardEvents!$F$2:$F$160,Data_RewardEvents!$B$2:$B$160,A100,Data_RewardEvents!$D$2:$D$160,"reward_corrected") -> 80 | W100: =IF(S100>0,_xlfn.MINIFS(Data_RewardEvents!$E$2:$E$160,Data_RewardEvents!$B$2:$B$160,A100,Data_RewardEvents!$D$2:$D$160,"reward_credited"),"") -> 46300.129 | X100: =IF(W100="","",(W100-J100)*24) -> 7.7379702 | Y100: =IF(I100<>"",1,0) -> 1 | Z100: =IF(K100="completed",1,0) -> 1 | AA100: =IF(L100="validated",1,0) -> 1 | AB100: =IF(S100>0,1,0) -> 1
...

Sheet Data_RewardEvents
A1: event_id | B1: task_id | C1: user_id | D1: event_type | E1: event_time | F1: amount | G1: reward_unit | H1: reason | I1: data_origin
A2: E00001 | B2: T00161 | C2: U0028 | D2: reward_credited | E2: 46285.215 | F2: 5 | G2: =README!$B$14 -> points | H2: validated_credit | I2: first_party
A3: E00002 | B3: T00012 | C3: U0005 | D3: reward_credited | E3: 46285.495 | F3: 10 | G3: =README!$B$14 -> points | H3: validated_credit | I3: first_party
A4: E00003 | B4: T00048 | C4: U0014 | D4: reward_credited | E4: 46285.552 | F4: 10 | G4: =README!$B$14 -> points | H4: validated_credit | I4: first_party
A5: E00004 | B5: T00196 | C5: U0024 | D5: reward_pending | E5: 46285.7 | F5: 50 | G5: =README!$B$14 -> points | H5: awaiting_provider_confirmation | I5: first_party
A6: E00005 | B6: T00177 | C6: U0007 | D6: reward_pending | E6: 46285.794 | F6: 50 | G6: =README!$B$14 -> points | H6: awaiting_provider_confirmation | I6: first_party
A7: E00006 | B7: T00004 | C7: U0066 | D7: reward_pending | E7: 46286.021 | F7: 50 | G7: =README!$B$14 -> points | H7: awaiting_provider_confirmation | I7: first_party
A8: E00007 | B8: T00066 | C8: U0048 | D8: reward_credited | E8: 46286.166 | F8: 10 | G8: =README!$B$14 -> points | H8: validated_credit | I8: first_party
A9: E00008 | B9: T00035 | C9: U0027 | D9: reward_pending | E9: 46286.375 | F9: 100 | G9: =README!$B$14 -> points | H9: awaiting_provider_confirmation | I9: first_party
A10: E00009 | B10: T00193 | C10: U0059 | D10: reward_credited | E10: 46286.672 | F10: 5 | G10: =README!$B$14 -> points | H10: validated_credit | I10: first_party
A11: E00010 | B11: T00161 | C11: U0028 | D11: reward_corrected | E11: 46286.935 | F11: -1 | G11: =README!$B$14 -> points | H11: amount_restated | I11: third_party_reported
A12: E00011 | B12: T00164 | C12: U0011 | D12: reward_credited | E12: 46287.159 | F12: 5 | G12: =README!$B$14 -> points | H12: validated_credit | I12: first_party
A13: E00012 | B13: T00006 | C13: U0008 | D13: reward_pending | E13: 46287.303 | F13: 100 | G13: =README!$B$14 -> points | H13: awaiting_provider_confirmation | I13: first_party
... A160: E00159 | B160: T00116 | C160: U0036 | D160: reward_credited | E160: 46306.868 | F160: 30 | G160: =README!$B$14 -> points | H160: validated_credit | I160: first_party

Sheet KPI_Definitions
A1: KPI definitions (all Proposed)
A2: Each KPI states numerator, denominator and the third-party caution. Values for the sample data are on KPI_Dashboard.
A4: KPI ID | B4: KPI | C4: Stage | D4: Definition | E4: Numerator | F4: Denominator | G4: Segment by | H4: Third-party caution | I4: Status
A5: K01 | B5: Discovery-to-start rate | C5: Start | D5: Share of discovered tasks that were started | E5: Tasks with start_time | F5: Tasks discovered | G5: feature, provider, task_type | H5: Provider inventory/targeting shapes what is discovered | I5: Proposed
A6: K02 | B6: Start-to-completion rate | C6: Completion | D6: Share of started tasks that completed | E6: status = completed | F6: Tasks started | G6: feature, provider | H6: Completion may be under-recorded if postbacks are missing | I6: Proposed
A7: K03 | B7: Completion-to-validation rate | C7: Validation | D7: Share of completed tasks validated | E7: validation_status = validated | F7: Tasks completed | G7: feature, provider | H7: Validation decided by provider; pending counts against this rate | I7: Proposed
A8: K04 | B8: Validation-to-credit rate | C8: Reward | D8: Share of validated tasks with a credit event | E8: Tasks with >=1 reward_credited | F8: Tasks validated | G8: feature, provider | H8: Low values signal VELOOP-side credit issues | I8: Proposed
A9: K05 | B9: End-to-end yield | C9: All | D9: Share of discovered tasks ending in credit | E9: Tasks credited | F9: Tasks discovered | G9: feature, provider | H9: Compound of all stages; always read with stage rates | I9: Proposed
A10: K06 | B10: Abandonment rate | C10: Completion | D10: Started tasks abandoned by user | E10: failure_class = user_abandoned | F10: Tasks started | G10: feature, provider | H10: Only valid when tracking is healthy | I10: Proposed
A11: K07 | B11: Tracking failure rate | C11: Start/Completion | D11: Started tasks with a tracking failure | E11: failure_class = tracking_failed | F11: Tasks started | G11: provider, tracking source | H11: Uncertain outcome; may be real completions | I11: Proposed
A12: K08 | B12: Validation rejection rate | C12: Validation | D12: Completed tasks rejected | E12: validation_status = rejected | F12: Tasks completed | G12: provider, rejection_reason | H12: Often provider-decided | I12: Proposed
A13: K09 | B13: System error rate | C13: Any | D13: Started tasks with a system error | E13: failure_class = system_error | F13: Tasks started | G13: attribution, provider | H13: Split internal vs external | I13: Proposed
A14: K10 | B14: Overall failure rate | C14: Any | D14: Started tasks with any failure_class | E14: failure_class not blank | F14: Tasks started | G14: failure_class, attribution | H14: Includes validation and credit failures that occur after completion | I14: Proposed
A15: K11 | B15: Third-party attributable failure share | C15: Any | D15: Share of failures attributed to third parties | E15: failure_attribution = third_party | F15: All failures | G15: feature, provider | H15: Depends on attribution quality; track 'unknown' share too | I15: Proposed
... A26: K22 | B26: Provider reconciliation match rate – recommended | C26: All | D26: Tasks matching provider-side reports | E26: Matched external_ref_id | F26: Provider-reported transactions | G26: provider | H26: Needs provider reports; not available in sample data | I26: To confirm

Sheet KPI_Dashboard
A1: KPI dashboard – computed live from Data_Tasks / Data_RewardEvents
A2: SYNTHETIC sample data. Ranges cover rows 2-221; extend if you paste more rows.
A4: 1. Lifecycle funnel | F4: 6. Headline KPI scorecard
A5: Stage | B5: Tasks | C5: Step conversion | D5: % of discovered | F5: KPI ID | G5: KPI | H5: Value
A6: Discovered | B6: =COUNTA(Data_Tasks!$A$2:$A$221) -> 220 | C6: - | D6: =IFERROR(B6/$B$6,0) -> 1 | F6: K01 | G6: Discovery-to-start rate | H6: =C7 -> 0.75454545
A7: Started | B7: =SUM(Data_Tasks!$Y$2:$Y$221) -> 166 | C7: =IFERROR(B7/B6,0) -> 0.75454545 | D7: =IFERROR(B7/$B$6,0) -> 0.75454545 | F7: K02 | G7: Start-to-completion rate | H7: =C8 -> 0.73493976
A8: Completed | B8: =SUM(Data_Tasks!$Z$2:$Z$221) -> 122 | C8: =IFERROR(B8/B7,0) -> 0.73493976 | D8: =IFERROR(B8/$B$6,0) -> 0.55454545 | F8: K03 | G8: Completion-to-validation rate | H8: =C9 -> 0.94262295
A9: Validated | B9: =SUM(Data_Tasks!$AA$2:$AA$221) -> 115 | C9: =IFERROR(B9/B8,0) -> 0.94262295 | D9: =IFERROR(B9/$B$6,0) -> 0.52272727 | F9: K04 | G9: Validation-to-credit rate | H9: =C10 -> 0.96521739
A10: Credited (>=1 credit event) | B10: =SUM(Data_Tasks!$AB$2:$AB$221) -> 111 | C10: =IFERROR(B10/B9,0) -> 0.96521739 | D10: =IFERROR(B10/$B$6,0) -> 0.50454545 | F10: K05 | G10: End-to-end yield | H10: =D10 -> 0.50454545
F11: K10 | G11: Overall failure rate (of started) | H11: =C36 -> 0.31325301
F12: K11 | G12: Third-party attributable failure share | H12: =IFERROR(F36/B36,0) -> 0.25
A13: 2. Activity vs reward reconciliation (value in reward units) | F13: K12 | G13: Unknown-attribution share | H13: =IFERROR(G36/B36,0) -> 0.096153846
A14: Line | B14: Value | C14: Note | F14: K13 | G14: Reward realisation rate | H14: =B25 -> 0.77901431
A15: Expected reward on completed tasks (activity occurred) | B15: =SUMIFS(Data_Tasks!$M$2:$M$221,Data_Tasks!$K$2:$K$221,"completed") -> 3145 | C15: Value if every completion were rewarded | F15: K14 | G15: Open pending reward value | H15: =-B17 -> 250
A16: less: rejected in validation | B16: =-SUMIFS(Data_Tasks!$M$2:$M$221,Data_Tasks!$K$2:$K$221,"completed",Data_Tasks!$L$2:$L$221,"rejected") -> -180 | C16: Activity occurred, no reward due | F16: K15 | G16: Reversal rate | H16: =IFERROR(COUNTIFS(Data_Tasks!$T$2:$T$221,">0")/B10,0) -> 0.009009009
A17: less: pending validation (not yet earned) | B17: =-SUMIFS(Data_Tasks!$M$2:$M$221,Data_Tasks!$K$2:$K$221,"completed",Data_Tasks!$L$2:$L$221,"pending") -> -250 | C17: Open pending value | F17: K16 | G17: Correction rate | H17: =IFERROR(COUNTIFS(Data_Tasks!$U$2:$U$221,">0")/B10,0) -> 0.045045045
A18: less: validated but credit failed | B18: =-SUMIFS(Data_Tasks!$M$2:$M$221,Data_Tasks!$O$2:$O$221,"reward_credit_failed") -> -210 | C18: Trust risk | F18: K17 | G18: Median time to complete (min) | H18: =IFERROR(MEDIAN(Data_Tasks!$Q$2:$Q$221),0) -> 2.7507642
A19: Subtotal: expected gross credited | B19: =SUM(B15:B18) -> 2505 | F19: K18 | G19: Median credit latency (hrs) | H19: =IFERROR(MEDIAN(Data_Tasks!$X$2:$X$221),0) -> 0.11021547
A20: Gross credited (ledger events) | B20: =SUMIFS(Data_RewardEvents!$F$2:$F$160,Data_RewardEvents!$D$2:$D$160,"reward_credited") -> 2505 | C20: From reward_credited events | F20: K19 | G20: Reward reconciliation gap (must be 0) | H20: =B21 -> 0
A21: Unexplained difference (must be 0) | B21: =B20-B19 -> 0 | C21: K19 – data defect if non-zero | F21: K20 | G21: Credit failure count | H21: =B35 -> 4
A22: add: reversals | B22: =SUMIFS(Data_RewardEvents!$F$2:$F$160,Data_RewardEvents!$D$2:$D$160,"reward_reversed") -> -30 | C22: Negative | F22: K21 and K22 need ageing thresholds / provider reports and are not computable from the sample data (see KPI_Definitions).
A23: add: corrections (net delta) | B23: =SUMIFS(Data_RewardEvents!$F$2:$F$160,Data_RewardEvents!$D$2:$D$160,"reward_corrected") -> -25 | C23: Signed
A24: Subtotal: net credited | B24: =B20+B22+B23 -> 2450
A25: Reward realisation rate (net credited / expected on completed) | B25: =IFERROR(B24/B15,0) -> 0.77901431 | C25: K13
A28: 3. Failed activity by class and attribution
A29: failure_class | B29: Count | C29: % of started | D29: user | E29: VELOOP | F29: third_party | G29: unknown
A30: task_failed | B30: =COUNTIFS(Data_Tasks!$O$2:$O$221,A30) -> 8 | C30: =IFERROR(B30/$B$7,0) -> 0.048192771 | D30: =COUNTIFS(Data_Tasks!$O$2:$O$221,$A30,Data_Tasks!$P$2:$P$221,"user") -> 7 | E30: =COUNTIFS(Data_Tasks!$O$2:$O$221,$A30,Data_Tasks!$P$2:$P$221,"VELOOP") -> 0 | F30: =COUNTIFS(Data_Tasks!$O$2:$O$221,$A30,Data_Tasks!$P$2:$P$221,"third_party") -> 1 | G30: =COUNTIFS(Data_Tasks!$O$2:$O$221,$A30,Data_Tasks!$P$2:$P$221,"unknown") -> 0
A31: tracking_failed | B31: =COUNTIFS(Data_Tasks!$O$2:$O$221,A31) -> 11 | C31: =IFERROR(B31/$B$7,0) -> 0.06626506 | D31: =COUNTIFS(Data_Tasks!$O$2:$O$221,$A31,Data_Tasks!$P$2:$P$221,"user") -> 0 | E31: =COUNTIFS(Data_Tasks!$O$2:$O$221,$A31,Data_Tasks!$P$2:$P$221,"VELOOP") -> 0 | F31: =COUNTIFS(Data_Tasks!$O$2:$O$221,$A31,Data_Tasks!$P$2:$P$221,"third_party") -> 6 | G31: =COUNTIFS(Data_Tasks!$O$2:$O$221,$A31,Data_Tasks!$P$2:$P$221,"unknown") -> 5
A32: validation_failed | B32: =COUNTIFS(Data_Tasks!$O$2:$O$221,A32) -> 4 | C32: =IFERROR(B32/$B$7,0) -> 0.024096386 | D32: =COUNTIFS(Data_Tasks!$O$2:$O$221,$A32,Data_Tasks!$P$2:$P$221,"user") -> 0 | E32: =COUNTIFS(Data_Tasks!$O$2:$O$221,$A32,Data_Tasks!$P$2:$P$221,"VELOOP") -> 4 | F32: =COUNTIFS(Data_Tasks!$O$2:$O$221,$A32,Data_Tasks!$P$2:$P$221,"third_party") -> 0 | G32: =COUNTIFS(Data_Tasks!$O$2:$O$221,$A32,Data_Tasks!$P$2:$P$221,"unknown") -> 0
A33: user_abandoned | B33: =COUNTIFS(Data_Tasks!$O$2:$O$221,A33) -> 19 | C33: =IFERROR(B33/$B$7,0) -> 0.11445783 | D33: =COUNTIFS(Data_Tasks!$O$2:$O$221,$A33,Data_Tasks!$P$2:$P$221,"user") -> 19 | E33: =COUNTIFS(Data_Tasks!$O$2:$O$221,$A33,Data_Tasks!$P$2:$P$221,"VELOOP") -> 0 | F33: =COUNTIFS(Data_Tasks!$O$2:$O$221,$A33,Data_Tasks!$P$2:$P$221,"third_party") -> 0 | G33: =COUNTIFS(Data_Tasks!$O$2:$O$221,$A33,Data_Tasks!$P$2:$P$221,"unknown") -> 0
A34: system_error | B34: =COUNTIFS(Data_Tasks!$O$2:$O$221,A34) -> 6 | C34: =IFERROR(B34/$B$7,0) -> 0.036144578 | D34: =COUNTIFS(Data_Tasks!$O$2:$O$221,$A34,Data_Tasks!$P$2:$P$221,"user") -> 0 | E34: =COUNTIFS(Data_Tasks!$O$2:$O$221,$A34,Data_Tasks!$P$2:$P$221,"VELOOP") -> 0 | F34: =COUNTIFS(Data_Tasks!$O$2:$O$221,$A34,Data_Tasks!$P$2:$P$221,"third_party") -> 6 | G34: =COUNTIFS(Data_Tasks!$O$2:$O$221,$A34,Data_Tasks!$P$2:$P$221,"unknown") -> 0
A35: reward_credit_failed | B35: =COUNTIFS(Data_Tasks!$O$2:$O$221,A35) -> 4 | C35: =IFERROR(B35/$B$7,0) -> 0.024096386 | D35: =COUNTIFS(Data_Tasks!$O$2:$O$221,$A35,Data_Tasks!$P$2:$P$221,"user") -> 0 | E35: =COUNTIFS(Data_Tasks!$O$2:$O$221,$A35,Data_Tasks!$P$2:$P$221,"VELOOP") -> 4 | F35: =COUNTIFS(Data_Tasks!$O$2:$O$221,$A35,Data_Tasks!$P$2:$P$221,"third_party") -> 0 | G35: =COUNTIFS(Data_Tasks!$O$2:$O$221,$A35,Data_Tasks!$P$2:$P$221,"unknown") -> 0
A36: Total | B36: =SUM(B30:B35) -> 52 | C36: =IFERROR(B36/$B$7,0) -> 0.31325301 | D36: =SUM(D30:D35) -> 26 | E36: =SUM(E30:E35) -> 8 | F36: =SUM(F30:F35) -> 13 | G36: =SUM(G30:G35) -> 5
A39: 4. Funnel and reward KPIs by feature
A40: Feature | B40: Discovered | C40: Started | D40: Start rate (K01) | E40: Completed | F40: Completion rate (K02) | G40: Validated | H40: Validation rate (K03) | I40: Credited | J40: Credit rate (K04) | K40: Failure rate (K10) | L40: Expected on completed | M40: Net credited | N40: Realisation (K13)
A41: Advertisements | B41: =COUNTIFS(Data_Tasks!$C$2:$C$221,$A41) -> 61 | C41: =COUNTIFS(Data_Tasks!$C$2:$C$221,$A41,Data_Tasks!$Y$2:$Y$221,1) -> 50 | D41: =IFERROR(C41/B41,0) -> 0.81967213 | E41: =COUNTIFS(Data_Tasks!$C$2:$C$221,$A41,Data_Tasks!$Z$2:$Z$221,1) -> 41 | F41: =IFERROR(E41/C41,0) -> 0.82 | G41: =COUNTIFS(Data_Tasks!$C$2:$C$221,$A41,Data_Tasks!$AA$2:$AA$221,1) -> 41 | H41: =IFERROR(G41/E41,0) -> 1 | I41: =COUNTIFS(Data_Tasks!$C$2:$C$221,$A41,Data_Tasks!$AB$2:$AB$221,1) -> 41 | J41: =IFERROR(I41/G41,0) -> 1 | K41: =IFERROR(COUNTIFS(Data_Tasks!$C$2:$C$221,$A41,Data_Tasks!$O$2:$O$221,"<>")/C41,0) -> 0.18 | L41: =SUMIFS(Data_Tasks!$M$2:$M$221,Data_Tasks!$C$2:$C$221,$A41,Data_Tasks!$K$2:$K$221,"completed") -> 205 | M41: =SUMIFS(Data_Tasks!$V$2:$V$221,Data_Tasks!$C$2:$C$221,$A41) -> 202 | N41: =IFERROR(M41/L41,0) -> 0.98536585
A42: Surveys | B42: =COUNTIFS(Data_Tasks!$C$2:$C$221,$A42) -> 48 | C42: =COUNTIFS(Data_Tasks!$C$2:$C$221,$A42,Data_Tasks!$Y$2:$Y$221,1) -> 37 | D42: =IFERROR(C42/B42,0) -> 0.77083333 | E42: =COUNTIFS(Data_Tasks!$C$2:$C$221,$A42,Data_Tasks!$Z$2:$Z$221,1) -> 22 | F42: =IFERROR(E42/C42,0) -> 0.59459459 | G42: =COUNTIFS(Data_Tasks!$C$2:$C$221,$A42,Data_Tasks!$AA$2:$AA$221,1) -> 18 | H42: =IFERROR(G42/E42,0) -> 0.81818182 | I42: =COUNTIFS(Data_Tasks!$C$2:$C$221,$A42,Data_Tasks!$AB$2:$AB$221,1) -> 16 | J42: =IFERROR(I42/G42,0) -> 0.88888889 | K42: =IFERROR(COUNTIFS(Data_Tasks!$C$2:$C$221,$A42,Data_Tasks!$O$2:$O$221,"<>")/C42,0) -> 0.54054054 | L42: =SUMIFS(Data_Tasks!$M$2:$M$221,Data_Tasks!$C$2:$C$221,$A42,Data_Tasks!$K$2:$K$221,"completed") -> 1100 | M42: =SUMIFS(Data_Tasks!$V$2:$V$221,Data_Tasks!$C$2:$C$221,$A42) -> 800 | N42: =IFERROR(M42/L42,0) -> 0.72727273
A43: Offers | B43: =COUNTIFS(Data_Tasks!$C$2:$C$221,$A43) -> 35 | C43: =COUNTIFS(Data_Tasks!$C$2:$C$221,$A43,Data_Tasks!$Y$2:$Y$221,1) -> 17 | D43: =IFERROR(C43/B43,0) -> 0.48571429 | E43: =COUNTIFS(Data_Tasks!$C$2:$C$221,$A43,Data_Tasks!$Z$2:$Z$221,1) -> 11 | F43: =IFERROR(E43/C43,0) -> 0.64705882 | G43: =COUNTIFS(Data_Tasks!$C$2:$C$221,$A43,Data_Tasks!$AA$2:$AA$221,1) -> 9 | H43: =IFERROR(G43/E43,0) -> 0.81818182 | I43: =COUNTIFS(Data_Tasks!$C$2:$C$221,$A43,Data_Tasks!$AB$2:$AB$221,1) -> 8 | J43: =IFERROR(I43/G43,0) -> 0.88888889 | K43: =IFERROR(COUNTIFS(Data_Tasks!$C$2:$C$221,$A43,Data_Tasks!$O$2:$O$221,"<>")/C43,0) -> 0.41176471 | L43: =SUMIFS(Data_Tasks!$M$2:$M$221,Data_Tasks!$C$2:$C$221,$A43,Data_Tasks!$K$2:$K$221,"completed") -> 1100 | M43: =SUMIFS(Data_Tasks!$V$2:$V$221,Data_Tasks!$C$2:$C$221,$A43) -> 780 | N43: =IFERROR(M43/L43,0) -> 0.70909091
A44: Games | B44: =COUNTIFS(Data_Tasks!$C$2:$C$221,$A44) -> 32 | C44: =COUNTIFS(Data_Tasks!$C$2:$C$221,$A44,Data_Tasks!$Y$2:$Y$221,1) -> 23 | D44: =IFERROR(C44/B44,0) -> 0.71875 | E44: =COUNTIFS(Data_Tasks!$C$2:$C$221,$A44,Data_Tasks!$Z$2:$Z$221,1) -> 13 | F44: =IFERROR(E44/C44,0) -> 0.56521739 | G44: =COUNTIFS(Data_Tasks!$C$2:$C$221,$A44,Data_Tasks!$AA$2:$AA$221,1) -> 12 | H44: =IFERROR(G44/E44,0) -> 0.92307692 | I44: =COUNTIFS(Data_Tasks!$C$2:$C$221,$A44,Data_Tasks!$AB$2:$AB$221,1) -> 12 | J44: =IFERROR(I44/G44,0) -> 1 | K44: =IFERROR(COUNTIFS(Data_Tasks!$C$2:$C$221,$A44,Data_Tasks!$O$2:$O$221,"<>")/C44,0) -> 0.47826087 | L44: =SUMIFS(Data_Tasks!$M$2:$M$221,Data_Tasks!$C$2:$C$221,$A44,Data_Tasks!$K$2:$K$221,"completed") -> 390 | M44: =SUMIFS(Data_Tasks!$V$2:$V$221,Data_Tasks!$C$2:$C$221,$A44) -> 330 | N44: =IFERROR(M44/L44,0) -> 0.84615385
A45: In-app tasks | B45: =COUNTIFS(Data_Tasks!$C$2:$C$221,$A45) -> 44 | C45: =COUNTIFS(Data_Tasks!$C$2:$C$221,$A45,Data_Tasks!$Y$2:$Y$221,1) -> 39 | D45: =IFERROR(C45/B45,0) -> 0.88636364 | E45: =COUNTIFS(Data_Tasks!$C$2:$C$221,$A45,Data_Tasks!$Z$2:$Z$221,1) -> 35 | F45: =IFERROR(E45/C45,0) -> 0.8974359 | G45: =COUNTIFS(Data_Tasks!$C$2:$C$221,$A45,Data_Tasks!$AA$2:$AA$221,1) -> 35 | H45: =IFERROR(G45/E45,0) -> 1 | I45: =COUNTIFS(Data_Tasks!$C$2:$C$221,$A45,Data_Tasks!$AB$2:$AB$221,1) -> 34 | J45: =IFERROR(I45/G45,0) -> 0.97142857 | K45: =IFERROR(COUNTIFS(Data_Tasks!$C$2:$C$221,$A45,Data_Tasks!$O$2:$O$221,"<>")/C45,0) -> 0.12820513 | L45: =SUMIFS(Data_Tasks!$M$2:$M$221,Data_Tasks!$C$2:$C$221,$A45,Data_Tasks!$K$2:$K$221,"completed") -> 350 | M45: =SUMIFS(Data_Tasks!$V$2:$V$221,Data_Tasks!$C$2:$C$221,$A45) -> 338 | N45: =IFERROR(M45/L45,0) -> 0.96571429
A46: Total | B46: =SUM(B41:B45) -> 220 | C46: =SUM(C41:C45) -> 166 | D46: =IFERROR(C46/B46,0) -> 0.75454545 | E46: =SUM(E41:E45) -> 122 | F46: =IFERROR(E46/C46,0) -> 0.73493976 | G46: =SUM(G41:G45) -> 115 | H46: =IFERROR(G46/E46,0) -> 0.94262295 | I46: =SUM(I41:I45) -> 111 | J46: =IFERROR(I46/G46,0) -> 0.96521739 | K46: =IFERROR(COUNTIFS(Data_Tasks!$O$2:$O$221,"<>")/C46,0) -> 0.31325301 | L46: =SUM(L41:L45) -> 3145 | M46: =SUM(M41:M45) -> 2450 | N46: =IFERROR(M46/L46,0) -> 0.77901431
A49: 5. Third-party dependency view by provider
A50: Provider | B50: Started | C50: Completion rate | D50: Tracking failure rate (K07) | E50: Validation rejection rate (K08) | F50: System error rate (K09) | G50: Failures attributed third_party | H50: Total failures | I50: Third-party share (K11) | J50: Reversal rate (K15) | K50: Avg credit latency (hrs)
A51: AdNetwork_A | B51: =COUNTIFS(Data_Tasks!$E$2:$E$221,$A51,Data_Tasks!$Y$2:$Y$221,1) -> 18 | C51: =IFERROR(COUNTIFS(Data_Tasks!$E$2:$E$221,$A51,Data_Tasks!$Z$2:$Z$221,1)/B51,0) -> 0.83333333 | D51: =IFERROR(COUNTIFS(Data_Tasks!$E$2:$E$221,$A51,Data_Tasks!$O$2:$O$221,"tracking_failed")/B51,0) -> 0.055555556 | E51: =IFERROR(COUNTIFS(Data_Tasks!$E$2:$E$221,$A51,Data_Tasks!$L$2:$L$221,"rejected")/COUNTIFS(Data_Tasks!$E$2:$E$221,$A51,Data_Tasks!$Z$2:$Z$221,1),0) -> 0 | F51: =IFERROR(COUNTIFS(Data_Tasks!$E$2:$E$221,$A51,Data_Tasks!$O$2:$O$221,"system_error")/B51,0) -> 0 | G51: =COUNTIFS(Data_Tasks!$E$2:$E$221,$A51,Data_Tasks!$P$2:$P$221,"third_party") -> 0 | H51: =COUNTIFS(Data_Tasks!$E$2:$E$221,$A51,Data_Tasks!$O$2:$O$221,"<>") -> 3 | I51: =IFERROR(G51/H51,0) -> 0 | J51: =IFERROR(COUNTIFS(Data_Tasks!$E$2:$E$221,$A51,Data_Tasks!$T$2:$T$221,">0")/COUNTIFS(Data_Tasks!$E$2:$E$221,$A51,Data_Tasks!$AB$2:$AB$221,1),0) -> 0 | K51: =IFERROR(AVERAGEIFS(Data_Tasks!$X$2:$X$221,Data_Tasks!$E$2:$E$221,$A51),0) -> 0.073045105
A52: AdNetwork_B | B52: =COUNTIFS(Data_Tasks!$E$2:$E$221,$A52,Data_Tasks!$Y$2:$Y$221,1) -> 32 | C52: =IFERROR(COUNTIFS(Data_Tasks!$E$2:$E$221,$A52,Data_Tasks!$Z$2:$Z$221,1)/B52,0) -> 0.8125 | D52: =IFERROR(COUNTIFS(Data_Tasks!$E$2:$E$221,$A52,Data_Tasks!$O$2:$O$221,"tracking_failed")/B52,0) -> 0.0625 | E52: =IFERROR(COUNTIFS(Data_Tasks!$E$2:$E$221,$A52,Data_Tasks!$L$2:$L$221,"rejected")/COUNTIFS(Data_Tasks!$E$2:$E$221,$A52,Data_Tasks!$Z$2:$Z$221,1),0) -> 0 | F52: =IFERROR(COUNTIFS(Data_Tasks!$E$2:$E$221,$A52,Data_Tasks!$O$2:$O$221,"system_error")/B52,0) -> 0.0625 | G52: =COUNTIFS(Data_Tasks!$E$2:$E$221,$A52,Data_Tasks!$P$2:$P$221,"third_party") -> 2 | H52: =COUNTIFS(Data_Tasks!$E$2:$E$221,$A52,Data_Tasks!$O$2:$O$221,"<>") -> 6 | I52: =IFERROR(G52/H52,0) -> 0.33333333 | J52: =IFERROR(COUNTIFS(Data_Tasks!$E$2:$E$221,$A52,Data_Tasks!$T$2:$T$221,">0")/COUNTIFS(Data_Tasks!$E$2:$E$221,$A52,Data_Tasks!$AB$2:$AB$221,1),0) -> 0 | K52: =IFERROR(AVERAGEIFS(Data_Tasks!$X$2:$X$221,Data_Tasks!$E$2:$E$221,$A52),0) -> 0.076828775
A53: SurveyProv_A | B53: =COUNTIFS(Data_Tasks!$E$2:$E$221,$A53,Data_Tasks!$Y$2:$Y$221,1) -> 14 | C53: =IFERROR(COUNTIFS(Data_Tasks!$E$2:$E$221,$A53,Data_Tasks!$Z$2:$Z$221,1)/B53,0) -> 0.64285714 | D53: =IFERROR(COUNTIFS(Data_Tasks!$E$2:$E$221,$A53,Data_Tasks!$O$2:$O$221,"tracking_failed")/B53,0) -> 0 | E53: =IFERROR(COUNTIFS(Data_Tasks!$E$2:$E$221,$A53,Data_Tasks!$L$2:$L$221,"rejected")/COUNTIFS(Data_Tasks!$E$2:$E$221,$A53,Data_Tasks!$Z$2:$Z$221,1),0) -> 0.33333333 | F53: =IFERROR(COUNTIFS(Data_Tasks!$E$2:$E$221,$A53,Data_Tasks!$O$2:$O$221,"system_error")/B53,0) -> 0 | G53: =COUNTIFS(Data_Tasks!$E$2:$E$221,$A53,Data_Tasks!$P$2:$P$221,"third_party") -> 0 | H53: =COUNTIFS(Data_Tasks!$E$2:$E$221,$A53,Data_Tasks!$O$2:$O$221,"<>") -> 10 | I53: =IFERROR(G53/H53,0) -> 0 | J53: =IFERROR(COUNTIFS(Data_Tasks!$E$2:$E$221,$A53,Data_Tasks!$T$2:$T$221,">0")/COUNTIFS(Data_Tasks!$E$2:$E$221,$A53,Data_Tasks!$AB$2:$AB$221,1),0) -> 0 | K53: =IFERROR(AVERAGEIFS(Data_Tasks!$X$2:$X$221,Data_Tasks!$E$2:$E$221,$A53),0) -> 35.903471
A54: SurveyProv_B | B54: =COUNTIFS(Data_Tasks!$E$2:$E$221,$A54,Data_Tasks!$Y$2:$Y$221,1) -> 23 | C54: =IFERROR(COUNTIFS(Data_Tasks!$E$2:$E$221,$A54,Data_Tasks!$Z$2:$Z$221,1)/B54,0) -> 0.56521739 | D54: =IFERROR(COUNTIFS(Data_Tasks!$E$2:$E$221,$A54,Data_Tasks!$O$2:$O$221,"tracking_failed")/B54,0) -> 0.086956522 | E54: =IFERROR(COUNTIFS(Data_Tasks!$E$2:$E$221,$A54,Data_Tasks!$L$2:$L$221,"rejected")/COUNTIFS(Data_Tasks!$E$2:$E$221,$A54,Data_Tasks!$Z$2:$Z$221,1),0) -> 0 | F54: =IFERROR(COUNTIFS(Data_Tasks!$E$2:$E$221,$A54,Data_Tasks!$O$2:$O$221,"system_error")/B54,0) -> 0.086956522 | G54: =COUNTIFS(Data_Tasks!$E$2:$E$221,$A54,Data_Tasks!$P$2:$P$221,"third_party") -> 4 | H54: =COUNTIFS(Data_Tasks!$E$2:$E$221,$A54,Data_Tasks!$O$2:$O$221,"<>") -> 10 | I54: =IFERROR(G54/H54,0) -> 0.4 | J54: =IFERROR(COUNTIFS(Data_Tasks!$E$2:$E$221,$A54,Data_Tasks!$T$2:$T$221,">0")/COUNTIFS(Data_Tasks!$E$2:$E$221,$A54,Data_Tasks!$AB$2:$AB$221,1),0) -> 0 | K54: =IFERROR(AVERAGEIFS(Data_Tasks!$X$2:$X$221,Data_Tasks!$E$2:$E$221,$A54),0) -> 38.105081
A55: Offerwall_A | B55: =COUNTIFS(Data_Tasks!$E$2:$E$221,$A55,Data_Tasks!$Y$2:$Y$221,1) -> 8 | C55: =IFERROR(COUNTIFS(Data_Tasks!$E$2:$E$221,$A55,Data_Tasks!$Z$2:$Z$221,1)/B55,0) -> 0.625 | D55: =IFERROR(COUNTIFS(Data_Tasks!$E$2:$E$221,$A55,Data_Tasks!$O$2:$O$221,"tracking_failed")/B55,0) -> 0.125 | E55: =IFERROR(COUNTIFS(Data_Tasks!$E$2:$E$221,$A55,Data_Tasks!$L$2:$L$221,"rejected")/COUNTIFS(Data_Tasks!$E$2:$E$221,$A55,Data_Tasks!$Z$2:$Z$221,1),0) -> 0 | F55: =IFERROR(COUNTIFS(Data_Tasks!$E$2:$E$221,$A55,Data_Tasks!$O$2:$O$221,"system_error")/B55,0) -> 0 | G55: =COUNTIFS(Data_Tasks!$E$2:$E$221,$A55,Data_Tasks!$P$2:$P$221,"third_party") -> 1 | H55: =COUNTIFS(Data_Tasks!$E$2:$E$221,$A55,Data_Tasks!$O$2:$O$221,"<>") -> 4 | I55: =IFERROR(G55/H55,0) -> 0.25 | J55: =IFERROR(COUNTIFS(Data_Tasks!$E$2:$E$221,$A55,Data_Tasks!$T$2:$T$221,">0")/COUNTIFS(Data_Tasks!$E$2:$E$221,$A55,Data_Tasks!$AB$2:$AB$221,1),0) -> 0 | K55: =IFERROR(AVERAGEIFS(Data_Tasks!$X$2:$X$221,Data_Tasks!$E$2:$E$221,$A55),0) -> 41.269279
A56: Offerwall_B | B56: =COUNTIFS(Data_Tasks!$E$2:$E$221,$A56,Data_Tasks!$Y$2:$Y$221,1) -> 9 | C56: =IFERROR(COUNTIFS(Data_Tasks!$E$2:$E$221,$A56,Data_Tasks!$Z$2:$Z$221,1)/B56,0) -> 0.66666667 | D56: =IFERROR(COUNTIFS(Data_Tasks!$E$2:$E$221,$A56,Data_Tasks!$O$2:$O$221,"tracking_failed")/B56,0) -> 0.22222222 | E56: =IFERROR(COUNTIFS(Data_Tasks!$E$2:$E$221,$A56,Data_Tasks!$L$2:$L$221,"rejected")/COUNTIFS(Data_Tasks!$E$2:$E$221,$A56,Data_Tasks!$Z$2:$Z$221,1),0) -> 0 | F56: =IFERROR(COUNTIFS(Data_Tasks!$E$2:$E$221,$A56,Data_Tasks!$O$2:$O$221,"system_error")/B56,0) -> 0.11111111 | G56: =COUNTIFS(Data_Tasks!$E$2:$E$221,$A56,Data_Tasks!$P$2:$P$221,"third_party") -> 3 | H56: =COUNTIFS(Data_Tasks!$E$2:$E$221,$A56,Data_Tasks!$O$2:$O$221,"<>") -> 3 | I56: =IFERROR(G56/H56,0) -> 1 | J56: =IFERROR(COUNTIFS(Data_Tasks!$E$2:$E$221,$A56,Data_Tasks!$T$2:$T$221,">0")/COUNTIFS(Data_Tasks!$E$2:$E$221,$A56,Data_Tasks!$AB$2:$AB$221,1),0) -> 0 | K56: =IFERROR(AVERAGEIFS(Data_Tasks!$X$2:$X$221,Data_Tasks!$E$2:$E$221,$A56),0) -> 28.576397
A57: GamePartner_A | B57: =COUNTIFS(Data_Tasks!$E$2:$E$221,$A57,Data_Tasks!$Y$2:$Y$221,1) -> 12 | C57: =IFERROR(COUNTIFS(Data_Tasks!$E$2:$E$221,$A57,Data_Tasks!$Z$2:$Z$221,1)/B57,0) -> 0.5 | D57: =IFERROR(COUNTIFS(Data_Tasks!$E$2:$E$221,$A57,Data_Tasks!$O$2:$O$221,"tracking_failed")/B57,0) -> 0.16666667 | E57: =IFERROR(COUNTIFS(Data_Tasks!$E$2:$E$221,$A57,Data_Tasks!$L$2:$L$221,"rejected")/COUNTIFS(Data_Tasks!$E$2:$E$221,$A57,Data_Tasks!$Z$2:$Z$221,1),0) -> 0.16666667 | F57: =IFERROR(COUNTIFS(Data_Tasks!$E$2:$E$221,$A57,Data_Tasks!$O$2:$O$221,"system_error")/B57,0) -> 0 | G57: =COUNTIFS(Data_Tasks!$E$2:$E$221,$A57,Data_Tasks!$P$2:$P$221,"third_party") -> 1 | H57: =COUNTIFS(Data_Tasks!$E$2:$E$221,$A57,Data_Tasks!$O$2:$O$221,"<>") -> 7 | I57: =IFERROR(G57/H57,0) -> 0.14285714 | J57: =IFERROR(COUNTIFS(Data_Tasks!$E$2:$E$221,$A57,Data_Tasks!$T$2:$T$221,">0")/COUNTIFS(Data_Tasks!$E$2:$E$221,$A57,Data_Tasks!$AB$2:$AB$221,1),0) -> 0.2 | K57: =IFERROR(AVERAGEIFS(Data_Tasks!$X$2:$X$221,Data_Tasks!$E$2:$E$221,$A57),0) -> 44.440974
A58: GamePartner_B | B58: =COUNTIFS(Data_Tasks!$E$2:$E$221,$A58,Data_Tasks!$Y$2:$Y$221,1) -> 11 | C58: =IFERROR(COUNTIFS(Data_Tasks!$E$2:$E$221,$A58,Data_Tasks!$Z$2:$Z$221,1)/B58,0) -> 0.63636364 | D58: =IFERROR(COUNTIFS(Data_Tasks!$E$2:$E$221,$A58,Data_Tasks!$O$2:$O$221,"tracking_failed")/B58,0) -> 0.090909091 | E58: =IFERROR(COUNTIFS(Data_Tasks!$E$2:$E$221,$A58,Data_Tasks!$L$2:$L$221,"rejected")/COUNTIFS(Data_Tasks!$E$2:$E$221,$A58,Data_Tasks!$Z$2:$Z$221,1),0) -> 0 | F58: =IFERROR(COUNTIFS(Data_Tasks!$E$2:$E$221,$A58,Data_Tasks!$O$2:$O$221,"system_error")/B58,0) -> 0.090909091 | G58: =COUNTIFS(Data_Tasks!$E$2:$E$221,$A58,Data_Tasks!$P$2:$P$221,"third_party") -> 2 | H58: =COUNTIFS(Data_Tasks!$E$2:$E$221,$A58,Data_Tasks!$O$2:$O$221,"<>") -> 4 | I58: =IFERROR(G58/H58,0) -> 0.5 | J58: =IFERROR(COUNTIFS(Data_Tasks!$E$2:$E$221,$A58,Data_Tasks!$T$2:$T$221,">0")/COUNTIFS(Data_Tasks!$E$2:$E$221,$A58,Data_Tasks!$AB$2:$AB$221,1),0) -> 0 | K58: =IFERROR(AVERAGEIFS(Data_Tasks!$X$2:$X$221,Data_Tasks!$E$2:$E$221,$A58),0) -> 43.802191
A59: VELOOP | B59: =COUNTIFS(Data_Tasks!$E$2:$E$221,$A59,Data_Tasks!$Y$2:$Y$221,1) -> 39 | C59: =IFERROR(COUNTIFS(Data_Tasks!$E$2:$E$221,$A59,Data_Tasks!$Z$2:$Z$221,1)/B59,0) -> 0.8974359 | D59: =IFERROR(COUNTIFS(Data_Tasks!$E$2:$E$221,$A59,Data_Tasks!$O$2:$O$221,"tracking_failed")/B59,0) -> 0 | E59: =IFERROR(COUNTIFS(Data_Tasks!$E$2:$E$221,$A59,Data_Tasks!$L$2:$L$221,"rejected")/COUNTIFS(Data_Tasks!$E$2:$E$221,$A59,Data_Tasks!$Z$2:$Z$221,1),0) -> 0 | F59: =IFERROR(COUNTIFS(Data_Tasks!$E$2:$E$221,$A59,Data_Tasks!$O$2:$O$221,"system_error")/B59,0) -> 0 | G59: =COUNTIFS(Data_Tasks!$E$2:$E$221,$A59,Data_Tasks!$P$2:$P$221,"third_party") -> 0 | H59: =COUNTIFS(Data_Tasks!$E$2:$E$221,$A59,Data_Tasks!$O$2:$O$221,"<>") -> 5 | I59: =IFERROR(G59/H59,0) -> 0 | J59: =IFERROR(COUNTIFS(Data_Tasks!$E$2:$E$221,$A59,Data_Tasks!$T$2:$T$221,">0")/COUNTIFS(Data_Tasks!$E$2:$E$221,$A59,Data_Tasks!$AB$2:$AB$221,1),0) -> 0 | K59: =IFERROR(AVERAGEIFS(Data_Tasks!$X$2:$X$221,Data_Tasks!$E$2:$E$221,$A59),0) -> 0.08610672
A60: Reading note: VELOOP (first-party) rows have no third-party attribution by design – compare them with provider rows only after checking tracking health.

Sheet Open_Questions
A1: Open questions to confirm with VELOOP before implementation
A3: # | B3: Question | C3: Why it matters | D3: Owner (suggested) | E3: Status
A4: 1 | B4: Which of the Proposed fields in C1 already exist in VELOOP data, and under what names? | C4: Avoid inventing structures that duplicate or conflict with existing ones. | D4: Data engineering | E4: To confirm
A5: 2 | B5: Is there any existing failure/error code set? If so, map it to C2 classes. | C5: The brief says not to invent codes; Proposed classes must map to real ones. | D5: Engineering | E5: To confirm
A6: 3 | B6: Does a discovery/impression event exist for each earning feature? | C6: Required as funnel denominator. | D6: Product / Engineering | E6: To confirm
A7: 4 | B7: Which completions are first-party observed vs reported by third parties via postback? | C7: Determines data_origin and reliability. | D7: Engineering | E7: To confirm
A8: 5 | B8: What is the reward unit(s) and is a single unit used across features? | C8: Avoids summing mixed units; sample uses 'points' as an assumption. | D8: Product / Finance | E8: To confirm
A9: 6 | B9: Is there a reward ledger with event history (credits, reversals, corrections)? | C9: Needed for C3 and net credited. | D9: Engineering / Finance | E9: To confirm
A10: 7 | B10: What time windows define abandoned, tracking_failed and pending timeout per provider? | C10: Prevents mislabelling late postbacks as failures. | D10: Product / Partnerships | E10: To confirm
A11: 8 | B11: Do providers supply periodic reports that can be reconciled by external_ref_id? | C11: Enables K22 and independent validation of failures. | D11: Partnerships | E11: To confirm
A12: 9 | B12: Which provider-side contractual terms apply to reversals/chargebacks and hold periods? | C12: Explains reward reversals and pending ageing. | D12: Partnerships / Finance | E12: To confirm
A13: 10 | B13: What privacy/consent rules limit user-level event retention and sharing? | C13: Constrains user_id handling and event granularity. | D13: Legal / Privacy | E13: To confirm
