Workbook

Sheet Dashboard
B1: Wallet Transactions Dashboard
B2: ="Period: "&TEXT(MIN(Data!$C$2:$C$9),"dd mmm yyyy")&" to "&TEXT(MAX(Data!$C$2:$C$9),"dd mmm yyyy")&" | All figures update from the Data sheet" -> Period: 08 Oct 2026 to 11 Oct 2026 | All figures update from the Data sheet
B4: Total Transactions | D4: Unique Users | F4: Total Volume | I4: Success Rate | K4: Pending Amount
B5: =COUNTA(Data!$A$2:$A$9) -> 8 | D5: =SUMPRODUCT(1/COUNTIF(Data!$B$2:$B$9,Data!$B$2:$B$9)) -> 7 | F5: =SUM(Data!$E$2:$E$9) -> 900 | I5: =COUNTIFS(Data!$F$2:$F$9,"Success")/COUNTA(Data!$A$2:$A$9) -> 0.75 | K5: =SUMIFS(Data!$E$2:$E$9,Data!$F$2:$F$9,"Pending") -> 175
B7: Successful Credits | D7: Successful Redemptions | F7: Successful Reversals | I7: Net Wallet Flow | K7: Avg Txn Amount
B8: =SUMIFS(Data!$E$2:$E$9,Data!$D$2:$D$9,"Credit",Data!$F$2:$F$9,"Success") -> 400 | D8: =SUMIFS(Data!$E$2:$E$9,Data!$D$2:$D$9,"Redemption",Data!$F$2:$F$9,"Success") -> 175 | F8: =SUMIFS(Data!$E$2:$E$9,Data!$D$2:$D$9,"Reversal",Data!$F$2:$F$9,"Success") -> 150 | I8: =SUMIFS(Data!$E$2:$E$9,Data!$D$2:$D$9,"Credit",Data!$F$2:$F$9,"Success")-SUMIFS(Data!$E$2:$E$9,Data!$D$2:$D$9,"Redemption",Data!$F$2:$F$9,"Success")-SUMIFS(Data!$E$2:$E$9,Data!$D$2:$D$9,"Reversal",Data!$F$2:$F$9,"Success") -> 75 | K8: =AVERAGE(Data!$E$2:$E$9) -> 112.5
B10: Summary by Transaction Type | H10: Summary by Status
B11: Type | C11: Count | D11: Total Amount | E11: Success Amount | F11: Pending Amount | H11: Status | I11: Count | J11: Total Amount | K11: % of Txns | L11: % of Amount
B12: Credit | C12: =COUNTIFS(Data!$D$2:$D$9,B12) -> 5 | D12: =SUMIFS(Data!$E$2:$E$9,Data!$D$2:$D$9,B12) -> 575 | E12: =SUMIFS(Data!$E$2:$E$9,Data!$D$2:$D$9,B12,Data!$F$2:$F$9,"Success") -> 400 | F12: =SUMIFS(Data!$E$2:$E$9,Data!$D$2:$D$9,B12,Data!$F$2:$F$9,"Pending") -> 175 | H12: Success | I12: =COUNTIFS(Data!$F$2:$F$9,H12) -> 6 | J12: =SUMIFS(Data!$E$2:$E$9,Data!$F$2:$F$9,H12) -> 725 | K12: =I12/I$14 -> 0.75 | L12: =J12/J$14 -> 0.80555556
B13: Redemption | C13: =COUNTIFS(Data!$D$2:$D$9,B13) -> 2 | D13: =SUMIFS(Data!$E$2:$E$9,Data!$D$2:$D$9,B13) -> 175 | E13: =SUMIFS(Data!$E$2:$E$9,Data!$D$2:$D$9,B13,Data!$F$2:$F$9,"Success") -> 175 | F13: =SUMIFS(Data!$E$2:$E$9,Data!$D$2:$D$9,B13,Data!$F$2:$F$9,"Pending") -> 0 | H13: Pending | I13: =COUNTIFS(Data!$F$2:$F$9,H13) -> 2 | J13: =SUMIFS(Data!$E$2:$E$9,Data!$F$2:$F$9,H13) -> 175 | K13: =I13/I$14 -> 0.25 | L13: =J13/J$14 -> 0.19444444
B14: Reversal | C14: =COUNTIFS(Data!$D$2:$D$9,B14) -> 1 | D14: =SUMIFS(Data!$E$2:$E$9,Data!$D$2:$D$9,B14) -> 150 | E14: =SUMIFS(Data!$E$2:$E$9,Data!$D$2:$D$9,B14,Data!$F$2:$F$9,"Success") -> 150 | F14: =SUMIFS(Data!$E$2:$E$9,Data!$D$2:$D$9,B14,Data!$F$2:$F$9,"Pending") -> 0 | H14: Total | I14: =SUM(I12:I13) -> 8 | J14: =SUM(J12:J13) -> 900 | K14: =SUM(K12:K13) -> 1 | L14: =SUM(L12:L13) -> 1
B15: Total | C15: =SUM(C12:C14) -> 8 | D15: =SUM(D12:D14) -> 900 | E15: =SUM(E12:E14) -> 725 | F15: =SUM(F12:F14) -> 175
B17: Daily Trend (count = all txns; amounts = successful only) | H17: Summary by User
B18: Date | C18: Txn Count | D18: Credits | E18: Redemptions + Reversals | F18: Net Flow | H18: User | I18: Txn Count | J18: Total Amount | K18: Success Amount | L18: Pending Amount
B19: 46303 | C19: =COUNTIFS(Data!$C$2:$C$9,B19) -> 2 | D19: =SUMIFS(Data!$E$2:$E$9,Data!$C$2:$C$9,B19,Data!$D$2:$D$9,"Credit",Data!$F$2:$F$9,"Success") -> 300 | E19: =SUMIFS(Data!$E$2:$E$9,Data!$C$2:$C$9,B19,Data!$D$2:$D$9,"Redemption",Data!$F$2:$F$9,"Success")+SUMIFS(Data!$E$2:$E$9,Data!$C$2:$C$9,B19,Data!$D$2:$D$9,"Reversal",Data!$F$2:$F$9,"Success") -> 0 | F19: =D19-E19 -> 300 | H19: U001 | I19: =COUNTIFS(Data!$B$2:$B$9,H19) -> 2 | J19: =SUMIFS(Data!$E$2:$E$9,Data!$B$2:$B$9,H19) -> 175 | K19: =SUMIFS(Data!$E$2:$E$9,Data!$B$2:$B$9,H19,Data!$F$2:$F$9,"Success") -> 175 | L19: =SUMIFS(Data!$E$2:$E$9,Data!$B$2:$B$9,H19,Data!$F$2:$F$9,"Pending") -> 0
B20: 46304 | C20: =COUNTIFS(Data!$C$2:$C$9,B20) -> 2 | D20: =SUMIFS(Data!$E$2:$E$9,Data!$C$2:$C$9,B20,Data!$D$2:$D$9,"Credit",Data!$F$2:$F$9,"Success") -> 100 | E20: =SUMIFS(Data!$E$2:$E$9,Data!$C$2:$C$9,B20,Data!$D$2:$D$9,"Redemption",Data!$F$2:$F$9,"Success")+SUMIFS(Data!$E$2:$E$9,Data!$C$2:$C$9,B20,Data!$D$2:$D$9,"Reversal",Data!$F$2:$F$9,"Success") -> 0 | F20: =D20-E20 -> 100 | H20: U002 | I20: =COUNTIFS(Data!$B$2:$B$9,H20) -> 1 | J20: =SUMIFS(Data!$E$2:$E$9,Data!$B$2:$B$9,H20) -> 200 | K20: =SUMIFS(Data!$E$2:$E$9,Data!$B$2:$B$9,H20,Data!$F$2:$F$9,"Success") -> 200 | L20: =SUMIFS(Data!$E$2:$E$9,Data!$B$2:$B$9,H20,Data!$F$2:$F$9,"Pending") -> 0
B21: 46305 | C21: =COUNTIFS(Data!$C$2:$C$9,B21) -> 2 | D21: =SUMIFS(Data!$E$2:$E$9,Data!$C$2:$C$9,B21,Data!$D$2:$D$9,"Credit",Data!$F$2:$F$9,"Success") -> 0 | E21: =SUMIFS(Data!$E$2:$E$9,Data!$C$2:$C$9,B21,Data!$D$2:$D$9,"Redemption",Data!$F$2:$F$9,"Success")+SUMIFS(Data!$E$2:$E$9,Data!$C$2:$C$9,B21,Data!$D$2:$D$9,"Reversal",Data!$F$2:$F$9,"Success") -> 225 | F21: =D21-E21 -> -225 | H21: U003 | I21: =COUNTIFS(Data!$B$2:$B$9,H21) -> 1 | J21: =SUMIFS(Data!$E$2:$E$9,Data!$B$2:$B$9,H21) -> 50 | K21: =SUMIFS(Data!$E$2:$E$9,Data!$B$2:$B$9,H21,Data!$F$2:$F$9,"Success") -> 0 | L21: =SUMIFS(Data!$E$2:$E$9,Data!$B$2:$B$9,H21,Data!$F$2:$F$9,"Pending") -> 50
B22: 46306 | C22: =COUNTIFS(Data!$C$2:$C$9,B22) -> 2 | D22: =SUMIFS(Data!$E$2:$E$9,Data!$C$2:$C$9,B22,Data!$D$2:$D$9,"Credit",Data!$F$2:$F$9,"Success") -> 0 | E22: =SUMIFS(Data!$E$2:$E$9,Data!$C$2:$C$9,B22,Data!$D$2:$D$9,"Redemption",Data!$F$2:$F$9,"Success")+SUMIFS(Data!$E$2:$E$9,Data!$C$2:$C$9,B22,Data!$D$2:$D$9,"Reversal",Data!$F$2:$F$9,"Success") -> 100 | F22: =D22-E22 -> -100 | H22: U004 | I22: =COUNTIFS(Data!$B$2:$B$9,H22) -> 1 | J22: =SUMIFS(Data!$E$2:$E$9,Data!$B$2:$B$9,H22) -> 100 | K22: =SUMIFS(Data!$E$2:$E$9,Data!$B$2:$B$9,H22,Data!$F$2:$F$9,"Success") -> 100 | L22: =SUMIFS(Data!$E$2:$E$9,Data!$B$2:$B$9,H22,Data!$F$2:$F$9,"Pending") -> 0
B23: Total | C23: =SUM(C19:C22) -> 8 | D23: =SUM(D19:D22) -> 400 | E23: =SUM(E19:E22) -> 325 | F23: =SUM(F19:F22) -> 75 | H23: U005 | I23: =COUNTIFS(Data!$B$2:$B$9,H23) -> 1 | J23: =SUMIFS(Data!$E$2:$E$9,Data!$B$2:$B$9,H23) -> 150 | K23: =SUMIFS(Data!$E$2:$E$9,Data!$B$2:$B$9,H23,Data!$F$2:$F$9,"Success") -> 150 | L23: =SUMIFS(Data!$E$2:$E$9,Data!$B$2:$B$9,H23,Data!$F$2:$F$9,"Pending") -> 0
H24: U007 | I24: =COUNTIFS(Data!$B$2:$B$9,H24) -> 1 | J24: =SUMIFS(Data!$E$2:$E$9,Data!$B$2:$B$9,H24) -> 125 | K24: =SUMIFS(Data!$E$2:$E$9,Data!$B$2:$B$9,H24,Data!$F$2:$F$9,"Success") -> 0 | L24: =SUMIFS(Data!$E$2:$E$9,Data!$B$2:$B$9,H24,Data!$F$2:$F$9,"Pending") -> 125
H25: U008 | I25: =COUNTIFS(Data!$B$2:$B$9,H25) -> 1 | J25: =SUMIFS(Data!$E$2:$E$9,Data!$B$2:$B$9,H25) -> 100 | K25: =SUMIFS(Data!$E$2:$E$9,Data!$B$2:$B$9,H25,Data!$F$2:$F$9,"Success") -> 100 | L25: =SUMIFS(Data!$E$2:$E$9,Data!$B$2:$B$9,H25,Data!$F$2:$F$9,"Pending") -> 0
H26: Total | I26: =SUM(I19:I25) -> 8 | J26: =SUM(J19:J25) -> 900 | K26: =SUM(K19:K25) -> 725 | L26: =SUM(L19:L25) -> 175
B28: Notes & assumptions
B29: Net Wallet Flow = Successful Credits - Successful Redemptions - Successful Reversals (assumption: Redemption and Reversal reduce wallet balance; Pending items are excluded).
B30: Success Rate = Success transactions / all transactions. User list in 'Summary by User' is typed in (U006 does not exist in the data).
B32: Charts

Sheet Data
A1: Transaction_ID | B1: User_ID | C1: Transaction_Date | D1: Transaction_Type | E1: Amount | F1: Transaction_Status
A2: W001 | B2: U001 | C2: 46303 | D2: Credit | E2: 100 | F2: Success
A3: W002 | B3: U002 | C3: 46303 | D3: Credit | E3: 200 | F3: Success
A4: W003 | B4: U003 | C4: 46304 | D4: Credit | E4: 50 | F4: Pending
A5: W004 | B5: U004 | C5: 46304 | D5: Credit | E5: 100 | F5: Success
A6: W005 | B6: U005 | C6: 46305 | D6: Reversal | E6: 150 | F6: Success
A7: W006 | B7: U001 | C7: 46305 | D7: Redemption | E7: 75 | F7: Success
A8: W007 | B8: U007 | C8: 46306 | D8: Credit | E8: 125 | F8: Pending
A9: W008 | B9: U008 | C9: 46306 | D9: Redemption | E9: 100 | F9: Success
A11: Source: dataset provided by user (8 transactions, 2026-10-08 to 2026-10-11). Add new rows directly below; extend the ranges on the Dashboard if needed.
