Workbook

Sheet Dashboard
B1: Withdrawals Dashboard
B2: ="Period: "&TEXT(MIN(Data!$C$2:$C$6),"dd mmm yyyy")&" to "&TEXT(MAX(Data!$C$2:$C$6),"dd mmm yyyy")&" | All figures update from the Data sheet" -> Period: 08 Oct 2026 to 11 Oct 2026 | All figures update from the Data sheet
B4: Total Requests | D4: Total Requested | F4: Completed Amount | I4: Pending Amount | K4: Rejected Amount
B5: =COUNTA(Data!$A$2:$A$6) -> 5 | D5: =SUM(Data!$E$2:$E$6) -> 1650 | F5: =SUMIFS(Data!$E$2:$E$6,Data!$D$2:$D$6,"Completed") -> 1150 | I5: =SUMIFS(Data!$E$2:$E$6,Data!$D$2:$D$6,"Pending") -> 300 | K5: =SUMIFS(Data!$E$2:$E$6,Data!$D$2:$D$6,"Rejected") -> 200
B7: Completion Rate | D7: Rejection Rate | F7: Avg Hours (Completed) | I7: Max Processing Hrs | K7: Avg Request Amount
B8: =COUNTIFS(Data!$D$2:$D$6,"Completed")/COUNTA(Data!$A$2:$A$6) -> 0.6 | D8: =COUNTIFS(Data!$D$2:$D$6,"Rejected")/COUNTA(Data!$A$2:$A$6) -> 0.2 | F8: =IFERROR(AVERAGEIFS(Data!$G$2:$G$6,Data!$D$2:$D$6,"Completed"),0) -> 8.6666667 | I8: =MAX(Data!$G$2:$G$6) -> 24 | K8: =AVERAGE(Data!$E$2:$E$6) -> 330
B10: Summary by Status | H10: Summary by Payout Method
B11: Status | C11: Count | D11: Total Amount | E11: % of Amount | F11: Avg Hours | H11: Method | I11: Count | J11: Total Amount | K11: Completed Amt | L11: Completion Rate
B12: Completed | C12: =COUNTIFS(Data!$D$2:$D$6,B12) -> 3 | D12: =SUMIFS(Data!$E$2:$E$6,Data!$D$2:$D$6,B12) -> 1150 | E12: =D12/D$15 -> 0.6969697 | F12: =IFERROR(AVERAGEIFS(Data!$G$2:$G$6,Data!$D$2:$D$6,B12),0) -> 8.6666667 | H12: Bank | I12: =COUNTIFS(Data!$F$2:$F$6,H12) -> 2 | J12: =SUMIFS(Data!$E$2:$E$6,Data!$F$2:$F$6,H12) -> 700 | K12: =SUMIFS(Data!$E$2:$E$6,Data!$F$2:$F$6,H12,Data!$D$2:$D$6,"Completed") -> 500 | L12: =IFERROR(COUNTIFS(Data!$F$2:$F$6,H12,Data!$D$2:$D$6,"Completed")/I12,0) -> 0.5
B13: Pending | C13: =COUNTIFS(Data!$D$2:$D$6,B13) -> 1 | D13: =SUMIFS(Data!$E$2:$E$6,Data!$D$2:$D$6,B13) -> 300 | E13: =D13/D$15 -> 0.18181818 | F13: =IFERROR(AVERAGEIFS(Data!$G$2:$G$6,Data!$D$2:$D$6,B13),0) -> 0 | H13: UPI | I13: =COUNTIFS(Data!$F$2:$F$6,H13) -> 3 | J13: =SUMIFS(Data!$E$2:$E$6,Data!$F$2:$F$6,H13) -> 950 | K13: =SUMIFS(Data!$E$2:$E$6,Data!$F$2:$F$6,H13,Data!$D$2:$D$6,"Completed") -> 650 | L13: =IFERROR(COUNTIFS(Data!$F$2:$F$6,H13,Data!$D$2:$D$6,"Completed")/I13,0) -> 0.66666667
B14: Rejected | C14: =COUNTIFS(Data!$D$2:$D$6,B14) -> 1 | D14: =SUMIFS(Data!$E$2:$E$6,Data!$D$2:$D$6,B14) -> 200 | E14: =D14/D$15 -> 0.12121212 | F14: =IFERROR(AVERAGEIFS(Data!$G$2:$G$6,Data!$D$2:$D$6,B14),0) -> 24 | H14: Total | I14: =SUM(I12:I13) -> 5 | J14: =SUM(J12:J13) -> 1650 | K14: =SUM(K12:K13) -> 1150 | L14: =COUNTIFS(Data!$D$2:$D$6,"Completed")/I14 -> 0.6
B15: Total | C15: =SUM(C12:C14) -> 5 | D15: =SUM(D12:D14) -> 1650 | E15: =SUM(E12:E14) -> 1 | F15: =AVERAGE(Data!$G$2:$G$6) -> 10
B17: Daily Trend | H17: Summary by User
B18: Date | C18: Requests | D18: Requested Amt | E18: Completed Amt | F18: Rejected Amt | H18: User | I18: Requests | J18: Requested Amt | K18: Completed Amt | L18: Avg Hours
B19: 46303 | C19: =COUNTIFS(Data!$C$2:$C$6,B19) -> 2 | D19: =SUMIFS(Data!$E$2:$E$6,Data!$C$2:$C$6,B19) -> 800 | E19: =SUMIFS(Data!$E$2:$E$6,Data!$C$2:$C$6,B19,Data!$D$2:$D$6,"Completed") -> 500 | F19: =SUMIFS(Data!$E$2:$E$6,Data!$C$2:$C$6,B19,Data!$D$2:$D$6,"Rejected") -> 0 | H19: U001 | I19: =COUNTIFS(Data!$B$2:$B$6,H19) -> 1 | J19: =SUMIFS(Data!$E$2:$E$6,Data!$B$2:$B$6,H19) -> 500 | K19: =SUMIFS(Data!$E$2:$E$6,Data!$B$2:$B$6,H19,Data!$D$2:$D$6,"Completed") -> 500 | L19: =IFERROR(AVERAGEIFS(Data!$G$2:$G$6,Data!$B$2:$B$6,H19),0) -> 12
B20: 46304 | C20: =COUNTIFS(Data!$C$2:$C$6,B20) -> 1 | D20: =SUMIFS(Data!$E$2:$E$6,Data!$C$2:$C$6,B20) -> 250 | E20: =SUMIFS(Data!$E$2:$E$6,Data!$C$2:$C$6,B20,Data!$D$2:$D$6,"Completed") -> 250 | F20: =SUMIFS(Data!$E$2:$E$6,Data!$C$2:$C$6,B20,Data!$D$2:$D$6,"Rejected") -> 0 | H20: U002 | I20: =COUNTIFS(Data!$B$2:$B$6,H20) -> 1 | J20: =SUMIFS(Data!$E$2:$E$6,Data!$B$2:$B$6,H20) -> 300 | K20: =SUMIFS(Data!$E$2:$E$6,Data!$B$2:$B$6,H20,Data!$D$2:$D$6,"Completed") -> 0 | L20: =IFERROR(AVERAGEIFS(Data!$G$2:$G$6,Data!$B$2:$B$6,H20),0) -> 0
B21: 46305 | C21: =COUNTIFS(Data!$C$2:$C$6,B21) -> 1 | D21: =SUMIFS(Data!$E$2:$E$6,Data!$C$2:$C$6,B21) -> 200 | E21: =SUMIFS(Data!$E$2:$E$6,Data!$C$2:$C$6,B21,Data!$D$2:$D$6,"Completed") -> 0 | F21: =SUMIFS(Data!$E$2:$E$6,Data!$C$2:$C$6,B21,Data!$D$2:$D$6,"Rejected") -> 200 | H21: U004 | I21: =COUNTIFS(Data!$B$2:$B$6,H21) -> 1 | J21: =SUMIFS(Data!$E$2:$E$6,Data!$B$2:$B$6,H21) -> 250 | K21: =SUMIFS(Data!$E$2:$E$6,Data!$B$2:$B$6,H21,Data!$D$2:$D$6,"Completed") -> 250 | L21: =IFERROR(AVERAGEIFS(Data!$G$2:$G$6,Data!$B$2:$B$6,H21),0) -> 6
B22: 46306 | C22: =COUNTIFS(Data!$C$2:$C$6,B22) -> 1 | D22: =SUMIFS(Data!$E$2:$E$6,Data!$C$2:$C$6,B22) -> 400 | E22: =SUMIFS(Data!$E$2:$E$6,Data!$C$2:$C$6,B22,Data!$D$2:$D$6,"Completed") -> 400 | F22: =SUMIFS(Data!$E$2:$E$6,Data!$C$2:$C$6,B22,Data!$D$2:$D$6,"Rejected") -> 0 | H22: U005 | I22: =COUNTIFS(Data!$B$2:$B$6,H22) -> 1 | J22: =SUMIFS(Data!$E$2:$E$6,Data!$B$2:$B$6,H22) -> 200 | K22: =SUMIFS(Data!$E$2:$E$6,Data!$B$2:$B$6,H22,Data!$D$2:$D$6,"Completed") -> 0 | L22: =IFERROR(AVERAGEIFS(Data!$G$2:$G$6,Data!$B$2:$B$6,H22),0) -> 24
B23: Total | C23: =SUM(C19:C22) -> 5 | D23: =SUM(D19:D22) -> 1650 | E23: =SUM(E19:E22) -> 1150 | F23: =SUM(F19:F22) -> 200 | H23: U008 | I23: =COUNTIFS(Data!$B$2:$B$6,H23) -> 1 | J23: =SUMIFS(Data!$E$2:$E$6,Data!$B$2:$B$6,H23) -> 400 | K23: =SUMIFS(Data!$E$2:$E$6,Data!$B$2:$B$6,H23,Data!$D$2:$D$6,"Completed") -> 400 | L23: =IFERROR(AVERAGEIFS(Data!$G$2:$G$6,Data!$B$2:$B$6,H23),0) -> 8
H24: Total | I24: =SUM(I19:I23) -> 5 | J24: =SUM(J19:J23) -> 1650 | K24: =SUM(K19:K23) -> 1150 | L24: =AVERAGE(Data!$G$2:$G$6) -> 10
B26: Notes & assumptions
B27: Completion Rate = Completed requests / all requests; Rejection Rate likewise. Avg Hours (Completed) excludes Pending and Rejected requests.
B28: Pending requests have Processing_Hours = 0 in the source (not yet processed), so they pull down 'Avg Hours' in the status/user totals. User list is typed in; add a row for any new user ID.
B29: Charts

Sheet Data
A1: Withdrawal_ID | B1: User_ID | C1: Request_Date | D1: Status | E1: Amount | F1: Payout_Method | G1: Processing_Hours
A2: WD001 | B2: U001 | C2: 46303 | D2: Completed | E2: 500 | F2: Bank | G2: 12
A3: WD002 | B3: U002 | C3: 46303 | D3: Pending | E3: 300 | F3: UPI | G3: 0
A4: WD003 | B4: U004 | C4: 46304 | D4: Completed | E4: 250 | F4: UPI | G4: 6
A5: WD004 | B5: U005 | C5: 46305 | D5: Rejected | E5: 200 | F5: Bank | G5: 24
A6: WD005 | B6: U008 | C6: 46306 | D6: Completed | E6: 400 | F6: UPI | G6: 8
A8: Source: dataset provided by user (5 withdrawal requests, 2026-10-08 to 2026-10-11). Processing_Hours = 0 for Pending requests (not yet processed).
