Workbook

Sheet Overview
A1: Work Package B – User & Account Analytics Specification
A2: Scope: Registration, Login, Onboarding, Account Lifecycle
A4: Objective | B4: Define the data structure needed to understand the full user lifecycle, from registration to churn.
A5: Sheets | B5: B1 Identity | B2 Registration | B2 Login | B2 Onboarding | B2 Account Lifecycle | B2 Event Envelope | Transaction Link | Validation Rules | Privacy | Summary
A6: Status: Core | B6: Required for baseline lifecycle analytics.
A7: Status: Recommended | B7: High value and low effort. Include in the first release if possible.
A8: Status: Optional | B8: Add only if the use case exists.
A9: Status: Confirm | B9: Depends on technical or legal validation before implementation.
A10: Privacy principle | B10: No unnecessary personal information is requested. See the 'Privacy' sheet.
A11: Timestamps | B11: All timestamps are stored in UTC, ISO 8601 format.

Sheet B1 Identity
A1: B1. User Identity Requirements
A3: Identifier | B3: Definition | C3: Why it is needed | D3: Rules
A4: user_id | B4: Stable, opaque, system-generated ID (e.g., UUIDv4) assigned at account creation | C4: Links every registration, login, onboarding, and lifecycle event to one person. Supports cohort, retention, and churn analysis over the whole lifetime. | D4: Never reused or changed. Must not be an email, phone number, or username, because those can change and are personal data. Present on every post-registration event.
A5: event_id | B5: Unique ID (UUID) generated for each tracked event | C5: Prevents double counting when events are retried or sent twice. Supports debugging, audit trails, and reconciling data between systems. | D5: Generated when the event occurs. Unique across all event types. Used as the deduplication key in the warehouse.
A6: session_id | B6: ID for one continuous period of activity, created at login or app open and ended by logout or inactivity timeout (e.g., 30 min) | C6: Groups events into visits. Enables session length, frequency, login-to-action funnels, and detection of unusual login patterns. | D6: Opaque and non-guessable. Rotates on each new session. Not an authentication token and must never be reused as one.
A7: transaction_id | B7: ID for one value-bearing action (payment, purchase, top-up, withdrawal, subscription change) | C7: Connects behavioral events to financial records. Supports reconciliation against the payment provider or ledger and refund tracking. | D7: Unique per transaction. Mapped to the provider's reference. Stored in analytics only as a reference, never with card or bank details.
A8: anonymous_id (optional) | B8: Device or browser ID assigned before registration | C8: Stitches pre-registration behavior (e.g., first visit) to the user after registration, which supports acquisition attribution. | D8: Requires consent where applicable. Linked to user_id at registration, then retired from person-level reporting.

Sheet B2 Registration
A1: B2. Registration
A3: Field | B3: Type | C3: Required? | D3: Purpose | E3: Source | F3: Validation | G3: Status
A4: user_id | B4: String | C4: Yes | D4: Assigned at account creation | E4: Backend | F4: Unique, immutable | G4: Core
A5: registration_timestamp | B5: Timestamp (UTC) | C5: Yes | D5: Start of lifecycle and cohort assignment | E5: Backend | F5: Not null. Not later than first login. | G5: Core
A6: registration_source | B6: Enum: organic / paid / referral / partner / direct / other | C6: Yes | D6: Channel performance and acquisition quality | E6: Attribution logic | F6: Allowed values. Default 'unknown'. | G6: Core
A7: registration_method | B7: Enum: email / social / SSO / phone | C7: Recommended | D7: Compares sign-up methods and conversion | E7: Auth system | F7: Allowed values | G7: Recommended
A8: platform | B8: Enum: web / ios / android / other | C8: Yes | D8: Platform segmentation | E8: Client SDK | F8: Allowed values only | G8: Core
A9: device_type | B9: Enum: desktop / mobile / tablet | C9: Yes | D9: Device segmentation | E9: Client SDK or user agent | F9: Allowed values | G9: Core
A10: os_family / browser_family | B10: String | C10: Optional | D10: Debugging and platform-specific funnel analysis | E10: User agent | F10: Normalized list | G10: Optional
A11: utm_source / utm_medium / utm_campaign | B11: String | C11: Recommended | D11: Campaign-level attribution | E11: URL parameters at first visit | F11: Max length, sanitized, lowercase | G11: Recommended
A12: referrer_code | B12: String | C12: Optional | D12: Referral program tracking | E12: Sign-up link | F12: Valid code or null | G12: Optional
A13: country | B13: String (ISO 3166-1 alpha-2) | C13: Recommended | D13: Regional analysis and compliance reporting | E13: Derived from IP at event time (IP not stored) | F13: Valid ISO code | G13: Recommended
A14: language / locale | B14: String (BCP 47) | C14: Optional | D14: Localization analysis | E14: Client | F14: Valid locale | G14: Optional
A15: consent_status | B15: Enum / boolean flags | C15: Yes (where required by law) | D15: Controls which tracking is permitted | E15: Consent manager | F15: Recorded with timestamp | G15: Confirm

Sheet B2 Login
A1: B2. Login
A3: Field | B3: Type | C3: Required? | D3: Purpose | E3: Source | F3: Validation | G3: Status
A4: login_event (login_success / login_failed) | B4: Event name | C4: Yes | D4: Activity, retention, and authentication friction | E4: Auth service | F4: Enum value | G4: Core
A5: login_timestamp | B5: Timestamp (UTC) | C5: Yes | D5: Recency and frequency measurement | E5: Server | F5: Not before registration_timestamp | G5: Core
A6: session_id | B6: String | C6: Yes | D6: Links the login to later activity | E6: Session service | F6: Unique per login | G6: Core
A7: platform / device_type | B7: Enum | C7: Yes | D7: Segmentation | E7: Client SDK | F7: Allowed values | G7: Core
A8: login_method | B8: Enum: password / social / SSO / biometric / magic_link | C8: Recommended | D8: Method adoption and failure analysis | E8: Auth service | F8: Allowed values | G8: Recommended
A9: failure_reason | B9: Enum: bad_credentials / locked / mfa_failed / other | C9: Required if failed | D9: Diagnosing login friction | E9: Auth service | F9: Required only when login_failed | G9: Recommended
A10: is_first_login | B10: Boolean | C10: Recommended | D10: Activation measurement | E10: Derived | F10: Matches login history | G10: Recommended

Sheet B2 Onboarding
A1: B2. Onboarding
A3: Field | B3: Type | C3: Required? | D3: Purpose | E3: Source | F3: Validation | G3: Status
A4: onboarding_started_at | B4: Timestamp | C4: Yes | D4: Start of the activation funnel | E4: App event | F4: Not before registration | G4: Core
A5: onboarding_completed_at | B5: Timestamp | C5: Yes, once completed | D5: Completion rate and time to complete | E5: App event | F5: Not before started_at. Null if incomplete. | G5: Core
A6: onboarding_status | B6: Enum: not_started / in_progress / completed / skipped | C6: Yes | D6: Current state for funnel reporting | E6: Derived | F6: Consistent with timestamps | G6: Core
A7: onboarding_step | B7: String (enum from step list) | C7: Yes per step event | D7: Drop-off by step | E7: App event | F7: Must match the defined step list | G7: Core
A8: step_completed_at | B8: Timestamp | C8: Yes per step event | D8: Step durations | E8: App event | F8: Ordered within the funnel | G8: Core
A9: milestone_name | B9: Enum (e.g., profile_completed, first_key_action, first_transaction, verification_passed) | C9: Yes per milestone | D9: Measures activation. Milestones are defined per product. | E9: App or backend | F9: Approved milestone list | G9: Core
A10: milestone_timestamp | B10: Timestamp | C10: Yes per milestone | D10: Time-to-value and activation analysis | E10: App or backend | F10: After registration. Recorded once per milestone. | G10: Core
A11: onboarding_variant | B11: String | C11: Optional | D11: A/B test analysis | E11: Experiment platform | F11: Known variant IDs | G11: Optional

Sheet B2 Account Lifecycle
A1: B2. Account Lifecycle
A3: Field | B3: Type | C3: Required? | D3: Purpose | E3: Source | F3: Validation | G3: Status
A4: account_created_at | B4: Timestamp | C4: Yes | D4: Cohort anchor (equals registration_timestamp) | E4: Backend | F4: Immutable | G4: Core
A5: account_status | B5: Enum: pending / active / inactive / suspended / closed / deleted | C5: Yes | D5: Current state for reporting | E5: Backend | F5: Allowed values and valid transitions only | G5: Core
A6: status_change_event (previous_status, new_status) | B6: Event | C6: Yes on every change | D6: Complete audit trail and churn analysis | E6: Backend | F6: Previous status matches last recorded status | G6: Core
A7: status_changed_at | B7: Timestamp | C7: Yes | D7: Time spent in each status | E7: Backend | F7: Chronological order | G7: Core
A8: status_change_reason | B8: Enum: user_request / inactivity / policy / fraud / payment / other | C8: Recommended | D8: Separates voluntary from involuntary churn | E8: Backend or ops tool | F8: Allowed values | G8: Recommended
A9: last_activity_at | B9: Timestamp | C9: Yes | D9: Recency, dormancy, and churn flags | E9: Derived from latest meaningful event | F9: Updated only by qualifying activity events, not background pings | G9: Core
A10: last_login_at | B10: Timestamp | C10: Recommended | D10: Login-based recency | E10: Derived | F10: Not before registration | G10: Recommended
A11: first_value_at | B11: Timestamp | C11: Recommended | D11: Time to first value | E11: Derived from a milestone | F11: After registration | G11: Recommended
A12: reactivated_at | B12: Timestamp | C12: Optional | D12: Win-back analysis | E12: Derived | F12: Only after an inactive or closed status | G12: Optional
A13: deletion_requested_at / deleted_at | B13: Timestamp | C13: Where applicable | D13: Privacy compliance and accurate churn reporting | E13: Backend | F13: Retention rules applied | G13: Confirm

Sheet B2 Event Envelope
A1: B2. Common Event Envelope (on every event)
A3: Field | B3: Type | C3: Required? | D3: Purpose | E3: Source | F3: Validation | G3: Status
A4: event_id | B4: String (UUID) | C4: Yes | D4: Deduplication and audit | E4: Client or server SDK | F4: Valid UUID, unique | G4: Core
A5: event_name | B5: String (enum) | C5: Yes | D5: Identifies the event type | E5: Tracking plan | F5: Must match the approved event list | G5: Core
A6: event_timestamp | B6: Timestamp (UTC, ISO 8601) | C6: Yes | D6: Ordering and time-based analysis | E6: Server-generated preferred | F6: Not in the future. Within accepted lag of received time. | G6: Core
A7: user_id | B7: String | C7: Yes (after registration) | D7: Person-level linking | E7: Auth system | F7: Exists in the user table | G7: Core
A8: session_id | B8: String | C8: Yes (logged-in events) | D8: Session grouping | E8: Session service | F8: Non-null while authenticated | G8: Core
A9: platform | B9: Enum: web / ios / android / other | C9: Yes | D9: Segmentation by platform | E9: Client SDK | F9: Allowed values only | G9: Core
A10: app_version | B10: String | C10: Recommended | D10: Linking issues to releases | E10: Client SDK | F10: Version pattern | G10: Recommended

Sheet Transaction Link
A1: Transaction Linkage (reference only)
A3: Field | B3: Type | C3: Required? | D3: Purpose | E3: Source | F3: Validation | G3: Status
A4: transaction_id | B4: String | C4: Yes on value events | D4: Links behavior to financial records | E4: Payment or order system | F4: Unique. Matches provider reference. | G4: Core
A5: user_id | B5: String | C5: Yes | D5: Attributes the transaction to a user | E5: Backend | F5: Must exist | G5: Core
A6: transaction_timestamp | B6: Timestamp | C6: Yes | D6: Time to first transaction and revenue timing | E6: Backend | F6: Not null | G6: Core

Sheet Validation Rules
A1: Cross-Field Validation Rules
A3: # | B3: Rule | C3: Reason
A4: 1 | B4: registration_timestamp ≤ first login_timestamp ≤ onboarding_started_at | C4: Prevents impossible event ordering
A5: 2 | B5: onboarding_started_at ≤ onboarding_completed_at | C5: Completion cannot precede start
A6: 3 | B6: last_activity_at ≥ account_created_at | C6: Activity cannot predate the account
A7: 4 | B7: Status transitions must follow an approved state map (e.g., closed cannot go to pending) | C7: Keeps the lifecycle history valid
A8: 5 | B8: Every session_id must map to a user_id and a login event | C8: Prevents orphaned sessions
A9: 6 | B9: event_id must be unique. Duplicate IDs are dropped at ingestion. | C9: Prevents double counting

Sheet Privacy
A1: Data Minimization & Privacy Rules
A3: Topic | B3: Rule
A4: Not collected | B4: Name, date of birth, phone number, home address, precise location, government IDs, contact lists. None are needed for lifecycle analytics.
A5: Email | B5: Kept in the account system only. Analytics uses user_id. If matching is needed, use a salted hash.
A6: IP address | B6: Used transiently to derive country. Not stored in analytics tables.
A7: Device identifiers | B7: First-party or resettable IDs only. Respect platform consent rules.
A8: Payment data | B8: Never enters analytics. Only transaction_id and non-sensitive attributes do.
A9: Access and retention | B9: Restrict person-level data by role. Apply retention periods and deletion requests (e.g., GDPR/CCPA) to analytics tables.

Sheet Summary
A1: Field Count Summary
A2: Counts are formulas that update if fields are added to the specification sheets.
A4: Sheet | B4: Core | C4: Recommended | D4: Optional | E4: Confirm | F4: Total
A5: B2 Registration | B5: =COUNTIF('B2 Registration'!$G$4:$G$100,"Core") -> 5 | C5: =COUNTIF('B2 Registration'!$G$4:$G$100,"Recommended") -> 3 | D5: =COUNTIF('B2 Registration'!$G$4:$G$100,"Optional") -> 3 | E5: =COUNTIF('B2 Registration'!$G$4:$G$100,"Confirm") -> 1 | F5: =SUM(B5:E5) -> 12
A6: B2 Login | B6: =COUNTIF('B2 Login'!$G$4:$G$100,"Core") -> 4 | C6: =COUNTIF('B2 Login'!$G$4:$G$100,"Recommended") -> 3 | D6: =COUNTIF('B2 Login'!$G$4:$G$100,"Optional") -> 0 | E6: =COUNTIF('B2 Login'!$G$4:$G$100,"Confirm") -> 0 | F6: =SUM(B6:E6) -> 7
A7: B2 Onboarding | B7: =COUNTIF('B2 Onboarding'!$G$4:$G$100,"Core") -> 7 | C7: =COUNTIF('B2 Onboarding'!$G$4:$G$100,"Recommended") -> 0 | D7: =COUNTIF('B2 Onboarding'!$G$4:$G$100,"Optional") -> 1 | E7: =COUNTIF('B2 Onboarding'!$G$4:$G$100,"Confirm") -> 0 | F7: =SUM(B7:E7) -> 8
A8: B2 Account Lifecycle | B8: =COUNTIF('B2 Account Lifecycle'!$G$4:$G$100,"Core") -> 5 | C8: =COUNTIF('B2 Account Lifecycle'!$G$4:$G$100,"Recommended") -> 3 | D8: =COUNTIF('B2 Account Lifecycle'!$G$4:$G$100,"Optional") -> 1 | E8: =COUNTIF('B2 Account Lifecycle'!$G$4:$G$100,"Confirm") -> 1 | F8: =SUM(B8:E8) -> 10
A9: B2 Event Envelope | B9: =COUNTIF('B2 Event Envelope'!$G$4:$G$100,"Core") -> 6 | C9: =COUNTIF('B2 Event Envelope'!$G$4:$G$100,"Recommended") -> 1 | D9: =COUNTIF('B2 Event Envelope'!$G$4:$G$100,"Optional") -> 0 | E9: =COUNTIF('B2 Event Envelope'!$G$4:$G$100,"Confirm") -> 0 | F9: =SUM(B9:E9) -> 7
A10: Transaction Link | B10: =COUNTIF('Transaction Link'!$G$4:$G$100,"Core") -> 3 | C10: =COUNTIF('Transaction Link'!$G$4:$G$100,"Recommended") -> 0 | D10: =COUNTIF('Transaction Link'!$G$4:$G$100,"Optional") -> 0 | E10: =COUNTIF('Transaction Link'!$G$4:$G$100,"Confirm") -> 0 | F10: =SUM(B10:E10) -> 3
A11: Total | B11: =SUM(B5:B10) -> 30 | C11: =SUM(C5:C10) -> 10 | D11: =SUM(D5:D10) -> 5 | E11: =SUM(E5:E10) -> 2 | F11: =SUM(F5:F10) -> 47
